time,x,y,z
1754736439647,-0.05008173,0.19873369,-0.1802597
1754736439808,-0.09487605,0.08328915,-0.02775383
1754736439966,0.033311605,0.0515337,-0.055239677
1754736440127,-0.048439264,-0.034841776,-0.17107677
1754736440289,-0.11551523,0.14896882,0.023925781
1754736440446,-0.07767725,0.009865522,0.109641075
1754736440609,0.008430839,-0.032219887,-0.03457737
1754736440767,-0.13093877,-0.055179715,0.6748581
1754736440927,-0.16017747,0.022793531,1.1912642
1754736441090,0.13516879,0.035719395,2.470829
1754736441249,3.499975,-1.312891,-1.3891892
1754736441409,15.667458,0.9440944,-17.670984
1754736441577,55.56538,-7.26603,-9.682606
1754736441735,10.530076,-5.8784432,14.800282
1754736441891,2.9404392,-0.56543446,3.5948272
1754736442051,1.7713232,-0.09828484,-3.1921918
1754736442214,0.16156673,1.1219506,-3.1341214
1754736442370,-0.20784473,0.4552555,-0.9817734
1754736442530,0.6289506,-0.80852795,0.62668085
1754736442691,0.31935596,1.2014334,-0.09437847
1754736442850,-0.42939234,0.86128235,-0.89152527
1754736443015,-0.07979584,-0.27040434,-0.5645442
1754736443170,-0.17683315,0.009883404,-0.3169508
1754736443331,-0.122452736,-0.501513,0.17258501
1754736443492,0.033895493,-0.4276681,1.6274843
1754736443652,-1.29794,1.0146046,-0.17573357
1754736443814,-2.6195412,0.7974076,-1.6227231
1754736443973,-2.0146177,0.66526127,-2.8609643
1754736444133,0.49153376,0.747241,-2.5019224
1754736444292,1.9591289,-0.69410944,-0.75272703
1754736444455,1.105732,-1.3078642,1.331506
1754736444616,1.0076032,-4.050379,1.3137476
1754736444773,0.2062521,-0.24315548,1.3178604
1754736444935,-0.8097906,0.5212498,0.9737952
1754736445094,-0.111501694,-0.1374445,-0.4938041
1754736445254,-0.18392849,0.3067026,0.15439197
1754736445423,-0.34977293,-0.5220337,1.1207755
1754736445578,-0.7411289,-0.27919865,0.86207074
1754736445735,-0.096215725,-0.37796593,0.52803695
1754736445900,-0.24757051,-0.10480595,0.47448266
1754736446059,-0.246984,-0.4789343,0.74977875
1754736446220,-0.8398695,-0.36765957,0.785606
1754736446376,-1.081707,-0.27896404,0.79542315
1754736446535,-0.33943367,-0.06534195,-0.34246156
1754736446696,1.3970366,-0.35621166,0.7143113
1754736446857,-0.9533949,-0.27579403,1.3408438
1754736447019,-0.3901863,0.25915813,-1.8168603
1754736447177,0.71775675,0.025841713,-0.4056542
1754736447338,1.0187793,1.2774982,0.24948907
1754736447497,1.0267367,0.1590004,0.71926665
1754736447657,0.8968029,-0.051229954,0.6901411
1754736447823,0.47027588,-0.52364063,0.01975727
1754736447980,0.39438486,0.3109455,-0.019054055
1754736448138,0.3463645,0.583148,-0.3094555
1754736448299,0.55862045,0.29774952,-0.55387664
1754736448459,0.573082,0.7351718,-0.2613263
1754736448619,0.7151146,0.3799386,0.75792885
1754736448779,0.2782426,0.55850315,0.53481865
1754736448939,0.23074579,0.34818172,0.27505106
1754736449099,0.3510356,0.22141457,0.7330202
1754736449260,0.4527824,0.13573837,0.14592695
1754736449422,0.42260575,0.26185894,0.5420801
1754736449580,0.35490394,-0.1010046,0.38412878
1754736449742,0.35404968,-0.15938854,0.34716126
1754736449912,0.5046179,-0.036567688,0.277611
1754736450063,0.16621113,0.13073158,-1.2414349
1754736450224,1.1059644,0.6748128,1.3634586
1754736450381,0.02494359,1.3334951,0.8801837
1754736450541,-1.3741232,-0.56521463,-1.3225281
1754736450704,-0.6946287,0.11733866,0.66969776
1754736450862,0.7707968,0.5492282,1.4018764
1754736451025,1.1151323,0.6417141,0.2511735
1754736451190,0.32524347,0.6269841,0.71968555
1754736451342,-0.25948524,0.45076275,0.11949134
1754736451503,-0.50518274,-0.43374538,0.48733103
1754736451664,-0.7035458,-0.2317524,0.75122654
1754736451825,-0.25069618,-0.5166054,1.0251343
1754736451983,-0.5609722,-0.29209805,0.6620215
1754736452145,-0.044183254,-0.19962978,-0.36908185
1754736452304,1.4894731,2.9735756,-0.77646565
1754736452465,-0.11588764,-3.2829065,1.2076507
1754736452627,-0.6365342,-1.0771279,0.32621336
1754736452784,0.13257122,0.6471958,-0.6303334
1754736452946,-0.4768572,0.23118925,-0.7236872
1754736453111,-0.23582935,0.5618634,-0.6413932
1754736453266,-0.31628847,0.50587463,-0.31887102
1754736453426,-0.15587807,0.43162727,-0.36714506
1754736453587,-0.29402304,0.5452881,-0.58923435
1754736453746,-0.10212088,0.40464067,-0.34759474
1754736453910,-0.14179468,0.17749882,-0.99488926
1754736454073,-0.523376,0.61134577,-1.2345617
1754736454227,-0.18685484,-0.84748363,-0.9702637
1754736454387,-0.044312477,0.10235882,-1.068859
1754736454548,0.019690037,-0.18624115,-0.7832616
1754736454709,-0.10614681,0.12037945,-0.73499656
1754736454868,-0.20393276,-0.15863514,-0.4557538
1754736455030,-0.29359603,-0.22869873,-0.4798795
1754736455188,-0.1665473,-0.28790855,-0.7214918
1754736455349,-0.04898238,-0.080140114,-0.66924846
1754736455509,-0.096935034,-0.057883263,-0.61251926
1754736455670,-0.14836097,-0.4180174,-0.94573855
1754736455832,-0.23438132,-0.06364727,-0.75329494
1754736455991,-0.19474232,-0.19237518,-0.46099424
1754736456149,-0.21813679,-0.29365253,-0.814888
1754736456310,-0.36451888,-0.16187859,-0.44258356
1754736456472,-0.15775561,-0.33158302,-0.17182732
1754736456631,-0.062008858,-0.31471634,-0.41098642
1754736456790,-0.060188174,0.7723179,-0.592119
1754736456953,0.1873002,0.58873177,-0.51327974
1754736457116,-0.62447333,-0.6054573,-0.8114219
1754736457272,-0.7127626,-0.7365284,0.25207752
1754736457434,-0.18808508,-0.9853649,0.15387851
1754736457592,-0.13104868,-0.5907545,-0.5368848
1754736457752,-0.6437135,-0.17165947,-0.88029546
1754736457915,-0.20481205,0.07919502,-0.2590133
1754736458075,0.7622912,0.044065475,-0.5109729
1754736458234,-0.024647236,0.4434557,1.0352716
1754736458394,-0.0040607452,-0.20783234,0.09473133
1754736458553,-0.3045795,-0.3849969,-0.096001625
1754736458716,0.28877974,-0.08546686,-0.11950493
1754736458875,0.0063261986,0.6292877,-0.35423756
1754736459035,0.09111023,0.249969,-0.79751873
1754736459194,-0.06962347,0.5467224,-0.424047
1754736459355,0.104738235,0.6940942,-0.28882885
1754736459515,-0.15327787,-0.057695866,-0.5934973
1754736459676,0.49927807,0.16101837,-0.76954126
1754736459836,1.0516996,-1.1283998,-0.14475536
1754736459995,0.77636194,-0.9538636,0.5677211
1754736460156,-1.635015,1.1865778,-0.43932235
1754736460317,-1.2099571,-2.0817235,-3.0611491
1754736460476,2.798324,-1.5509894,-0.76066303
1754736460636,0.8563347,1.562812,1.1166263
1754736460805,-0.36766148,0.91434765,-1.5767455
1754736460957,1.2161386,0.02747488,-1.853147
1754736461117,-0.6530025,-0.03242016,0.2629037
1754736461278,0.61671066,-1.557663,-0.6121843
1754736461439,0.02046585,0.36319828,-0.42406344
1754736461597,-0.28819442,-0.59020424,0.05453348
1754736461759,0.23564005,0.40781593,-0.96806
1754736461921,0.096283436,-0.6327176,-0.761384
1754736462080,0.6081078,-2.4969234,0.2946782
1754736462241,-0.4613078,-0.9548063,0.68499947
1754736462399,-0.25720215,1.4264493,-1.6149182
1754736462560,2.0300837,1.61765,-0.012687206
1754736462720,3.0557945,0.98774624,0.97321033
1754736462880,2.0335085,1.8856311,-0.7367263
1754736463040,-2.1511984,0.69985104,-0.4969616
1754736463201,-1.4543991,-2.9018493,0.28259182
1754736463364,0.16973662,-1.7497807,0.29136658
1754736463520,0.27714944,-0.828691,0.037368774
1754736463683,0.677578,-0.43512416,-1.1787872
1754736463841,1.5183773,-0.09632754,-1.333128
1754736464001,-1.2960668,0.92748594,-2.146799
1754736464162,-0.66784096,1.9980651,2.6470065
1754736464322,0.1908083,0.8138392,3.0133967
1754736464482,0.18931293,-0.4432063,-0.44121552
1754736464644,-0.039000988,-0.9155688,-0.2829609
1754736464805,-1.0788479,-0.3119855,-0.33946562
1754736464962,0.5275006,0.23807263,1.0159607
1754736465123,-0.5749359,1.1401628,-0.5213947
1754736465284,-0.6248803,-0.6498567,-0.12279129
1754736465444,0.1593709,-3.0054307,0.35631275
1754736465606,0.06519413,1.4853666,-0.5332961
1754736465763,0.96271753,2.2161117,1.8360682
1754736465933,0.26848984,1.5855017,5.028372
1754736466088,-0.367054,0.14580059,-0.7291877
1754736466245,-1.3258553,-0.3211627,-0.5575826
1754736466406,-0.066263676,-0.08531189,0.1763053
1754736466567,0.039684772,-0.33852482,0.8416605
1754736466725,-0.18566561,-0.14606667,0.30512547
1754736466886,-0.22051764,-0.1593256,0.16218185
1754736467049,-0.22066498,-0.021266937,0.10155606
1754736467206,-0.26563597,-0.10744381,0.026056528
1754736467369,-0.24641943,-0.12381935,0.15866566
1754736467527,-0.25503492,-0.104040146,0.09281278
1754736467686,-0.26522684,-0.08289051,0.116205335
1754736467848,-0.3126998,-0.18324661,-0.009802341
1754736468009,-0.21582031,-0.107875824,0.10087979
1754736468167,-0.2121501,-0.04010105,0.13180935
1754736468330,-0.23211718,-0.11511898,0.10576689
1754736468489,-0.29329777,-0.07046509,0.02894187
1754736468648,-0.46200943,-0.30689335,0.12174165
1754736468809,-0.29219055,-0.14532185,0.09944272
1754736468973,-0.27767944,-0.12973309,0.088828325
1754736469129,-0.2595353,-0.14133644,0.11084747
1754736469289,-0.23556805,-0.108379364,0.07826829
1754736469453,-0.24883747,-0.12106991,0.097864866
1754736469610,-0.24401331,-0.11203575,0.092404366
1754736469770,-0.19717073,-0.1056118,0.050447702
1754736469934,-0.040257454,-0.11207199,0.3155489
1754736470092,0.9911251,-1.0471058,0.67361814
1754736470251,0.99768114,-0.21708965,0.20173848
1754736470422,-1.1516099,-0.67272186,0.37780136
1754736470571,-1.1508269,0.7257662,-1.2724937
1754736470731,0.24393559,1.5149574,-1.5879204
1754736470892,0.6156035,0.19529152,-0.04041457
1754736471054,-0.32817197,0.24020195,-0.12146449
1754736471211,-0.42157602,-0.19403362,-0.20258522
1754736471375,0.27255094,-0.27761364,0.26166964
1754736471533,0.58113647,0.21552563,0.7395904
1754736471698,-0.09962702,-0.0068035126,0.13638556
1754736471855,-0.5217607,0.28977013,-0.5700575
1754736472015,-0.28747463,-0.16587639,-0.6775993
1754736472174,0.08545542,-0.62893105,0.83047724
1754736472334,0.58715844,-1.457295,1.3442245
1754736472496,0.62139463,0.0015439987,0.031733513
1754736472655,-0.36029434,0.11662245,-0.3070283
1754736472818,0.1389556,-0.27140713,0.10280228
1754736472974,-0.051517963,0.10879612,0.17755938
1754736473134,-0.2091403,-0.076266766,-0.16938782
1754736473295,-0.105130196,-0.22683239,-0.05971718
1754736473457,0.144068,0.15251827,-0.05142641
1754736473621,-0.58929634,-0.6320677,-0.085087776
1754736473776,0.11181927,-0.5758765,0.22838211
1754736473938,0.77747226,-0.05881858,0.5177841
1754736474098,0.24318743,0.31250608,-0.009868622
1754736474265,-8.225441E-4,0.18865705,-0.10597801
1754736474418,0.1782062,-0.018198013,-0.41103077
1754736474577,0.3758254,-0.1669898,-0.03801918
1754736474738,-0.35964775,0.524755,-0.838747
1754736474899,-0.105869055,-0.017873764,0.26086998
1754736475057,0.11426997,-0.019730091,0.11355209
1754736475219,-0.021193981,0.28427124,-0.13515377
1754736475378,-0.26511145,0.18503475,-0.46688414
1754736475539,0.21206737,0.07290268,-0.03553486
1754736475702,0.19641805,0.056663513,-0.019032001
1754736475859,0.36121368,0.38800478,-0.30947828
1754736476018,0.71779513,-0.23725605,-0.9763179
1754736476180,-0.45781016,0.22295094,1.0025153
1754736476339,-0.09852874,-0.106003284,-0.059442997
1754736476503,-0.21916068,-0.09848547,0.20619202
1754736476662,0.06537318,0.16491938,-0.16434765
1754736476820,0.04275453,0.5679984,-0.04926634
1754736476981,0.50213873,0.1326437,-0.023854256
1754736477142,0.19732618,0.026427269,-0.22649622
1754736477301,-0.20848644,0.05451107,-0.44808197
1754736477461,-0.14332604,0.24289131,-0.48884058
1754736477622,-0.1883173,0.32536793,-0.20040607
1754736477781,-0.05794704,-0.28609848,0.5201044
1754736477945,0.15948546,-0.8423767,-0.30957508
1754736478108,0.2280289,-0.4574852,0.1299324
1754736478262,0.5590297,0.1354289,-0.19368935
1754736478422,0.7130947,0.09915161,-0.21142101
1754736478583,0.9995443,0.9463563,0.8505235
1754736478743,-0.16921401,1.051023,0.116371155
1754736478904,-0.40031075,-0.90067816,-0.8995304
1754736479065,-0.7454494,0.038947582,-0.45634556
1754736479224,-0.09105706,-0.88223124,-0.8465395
1754736479384,0.58713657,-0.09778309,-0.024850368
1754736479544,0.37236226,0.98925257,0.13017273
1754736479705,0.15396595,0.17613459,0.5236745
1754736479866,0.24264848,-0.5486908,-0.43679142
1754736480042,-0.4991026,0.05493307,-0.362669
1754736480185,0.49656677,-0.101145744,-0.2790017
1754736480346,0.5409173,0.507658,0.64753485
1754736480509,0.2825849,0.9055748,0.16429758
1754736480666,-0.2449242,-0.09506512,0.26902676
1754736480826,-0.11646557,-0.5363045,-0.8797314
1754736480987,-0.040912867,-0.53530216,-0.6951113
1754736481146,0.4111749,-0.039188385,-0.12460017
1754736481309,0.19361901,0.18848419,0.13103533
1754736481468,0.11036432,0.25436115,-0.18120098
1754736481627,0.10001814,-0.20146751,0.053396463
1754736481789,0.08199835,-0.19241238,0.027320385
1754736481950,0.10257733,-0.120269775,-0.1126461
1754736482111,-0.16957092,0.2532215,-0.10225892
1754736482267,0.18995512,0.08215046,-0.1728499
1754736482429,0.12664306,0.0070171356,0.10365319
1754736482589,0.1632508,0.055404663,-0.09644723
1754736482749,0.16689527,-0.11754894,-0.057059288
1754736482910,0.28268123,-0.123687744,-0.3975296
1754736483069,0.22470188,0.24820995,-0.07504225
1754736483229,0.09084764,-0.08086491,0.45670652
1754736483391,-0.0020397604,0.32279968,-0.21427202
1754736483550,0.25262585,0.012203217,0.067825794
1754736483713,-0.052611113,0.06755829,-0.048045635
1754736483880,-0.27631217,-0.21560955,-0.3103652
1754736484031,0.4170366,0.045413017,-0.18159056
1754736484190,0.421332,0.36866093,0.3653307
1754736484352,-2.5343895E-4,0.5329919,-0.14260721
1754736484518,-0.4163158,-0.5590477,-0.38311243
1754736484672,-0.5821434,-0.37742233,-0.49833488
1754736484835,0.6106776,-0.031125546,0.29964685
1754736484992,0.009961605,0.52635336,-0.04218197
1754736485152,-0.28335893,-0.18362617,-0.39360523
1754736485315,0.32467866,0.14400291,-0.01576662
1754736485474,0.6085155,-0.29645443,-0.4145689
1754736485633,0.14862418,-0.0051517487,-0.46920776
1754736485794,0.366292,0.24666214,0.19929099
1754736485956,0.47006416,0.4855976,0.28124356
1754736486117,0.6517259,0.17739582,0.5473778
1754736486277,-0.09585869,0.14366817,-0.4949031
1754736486434,-0.38514572,-0.34026718,0.05825162
1754736486594,-0.18112147,-0.1562376,-0.39309692
1754736486755,0.09174466,-0.15052414,0.02856183
1754736486916,-0.016535997,-0.076693535,-0.23661137
1754736487075,0.12549996,-0.27810192,-0.16040969
1754736487236,-0.15878844,-0.06466675,-0.18349123
1754736487395,0.01239562,0.18296528,-0.47546196
1754736487557,0.084938526,-0.16459274,0.039571762
1754736487719,0.047225714,0.025853157,0.022546768
1754736487877,0.040431023,0.003979683,-0.15219307
1754736488038,0.028547764,0.09165001,-0.131917
1754736488198,0.03060913,0.0043468475,-0.14497948
1754736488357,0.033855677,-0.028319359,-0.20228338
1754736488521,0.21296334,0.04641819,-0.09963822
1754736488678,0.09563851,0.003271103,-0.07385206
1754736488838,-0.22911024,-0.055794716,-1.0539279
1754736488998,0.21250606,0.05293846,0.37459874
1754736489159,0.18683863,0.25883198,0.37498522
1754736489320,-0.098839045,0.031541824,-0.24958253
1754736489481,0.1148386,-0.07551384,-0.010287285
1754736489640,-0.00936389,-0.008565903,-0.17259884
1754736489799,-0.14373732,0.022324562,-0.23589635
1754736489962,0.07403135,-0.07544136,-0.049706697
1754736490124,0.052829504,0.18933582,-0.1568067
1754736490279,0.07215142,-0.11566067,-0.21909738
1754736490440,0.025916338,0.082491875,-0.09732652
1754736490601,0.046839,-0.1343956,-0.0646255
1754736490762,0.116445065,0.055583954,-0.050566673
1754736490922,0.0632298,0.07311249,-0.4222169
1754736491082,0.09076643,0.14692211,-0.18555975
1754736491241,0.04484558,0.06484985,-0.1349535
1754736491402,0.018880129,-0.033341408,-0.07320523
1754736491562,0.019143343,0.09889984,-0.18434215
1754736491723,0.02743411,-0.044516563,-0.15014315
1754736491882,0.11469817,-0.03398323,-0.0028505325
1754736492043,0.04324031,0.056134224,-0.17731762
1754736492202,-0.017304182,-5.340576E-4,-0.17266083
1754736492363,0.060972214,0.05724907,-0.10036421
1754736492532,0.110872984,0.012639046,-0.16268039
1754736492683,-0.03313589,-0.02494049,-0.19695711
1754736492843,0.09045625,0.05835724,-0.08461738
1754736493005,0.063657045,0.06397247,-0.16852736
1754736493164,0.08984542,-0.014835358,-0.0748477
1754736493326,0.03719139,0.07952309,-0.122599125
1754736493485,-0.021859884,0.03200245,-0.19362473
1754736493649,0.09996414,-0.07949448,-0.09731245
1754736493806,0.10140276,0.06363964,-0.08017659
1754736493972,0.023987532,0.06604862,-0.11800289
1754736494133,0.019200802,-0.017694473,-0.14718103
1754736494286,0.018116474,0.04576111,-0.2007513
1754736494447,0.08932257,-0.0013971329,0.027830124
1754736494606,0.0027985573,0.06621075,-0.32123566
1754736494766,0.16607594,0.0059776306,0.011206627
1754736494929,0.042399883,0.03228855,-0.14777231
1754736495087,0.02156496,0.008810043,-0.13590026
1754736495248,0.041136265,0.056048393,-0.13774633
1754736495410,0.04813099,0.047904015,-0.08146238
1754736495567,0.03653574,-0.052765846,-0.16159844
1754736495729,0.08346748,-0.0067834854,-0.10526395
1754736495889,0.118822575,0.004846573,-0.08724475
1754736496048,0.018348455,0.028511047,-0.20920539
1754736496208,0.030389786,0.08927727,-0.13628745
1754736496374,0.07000232,9.794235E-4,-0.1814034
1754736496532,0.059019804,0.07304478,-0.15860295
1754736496689,0.094377756,-0.019749641,-0.12520671
1754736496851,0.10229182,-0.031817436,-0.07232022
1754736497010,0.1297698,-0.120718,-0.061974525
1754736497171,0.14341855,0.17336941,-0.13248205
1754736497338,0.18047786,0.26568604,0.041113853
1754736497490,0.08970833,-0.23573685,-0.10572624
1754736497650,-0.25313354,0.09899807,-0.47890854
1754736497816,-0.25976205,0.29434586,-0.32152438
1754736497973,-0.51648927,-0.1587305,-0.5248344
1754736498134,0.36437917,-0.16295624,-0.114895344
1754736498292,0.52615905,-0.35138988,-0.08749604
1754736498453,0.057916164,0.035586357,-0.1433816
1754736498615,0.5077095,0.3919754,0.13755071
1754736498773,0.3289137,0.36709785,-0.0032424927
1754736498934,0.02375257,0.098900795,0.26233482
1754736499094,0.26490593,-0.1429758,0.14850569
1754736499256,-0.057641506,-0.050068855,-0.16013432
1754736499415,0.236902,0.8025198,-0.05774474
1754736499573,-0.38162732,-0.015377998,-0.3230405
1754736499735,0.06628466,0.07369995,-0.31490803
1754736499894,0.09412527,-0.24250603,-0.14795256
1754736500054,-0.025207758,-0.16435814,-0.22619247
1754736500219,0.12096572,-0.08574009,-0.102279425
1754736500374,-0.01744175,-0.011375427,-0.12533593
1754736500538,0.07161546,0.049793243,-0.28662682
1754736500696,0.20497155,-0.023123741,-0.015685081
1754736500855,0.11818385,0.19738865,-0.20909023
1754736501018,0.0024373531,0.034593582,-0.13390827
1754736501177,-0.015693903,0.0017662048,-0.1782341
1754736501338,0.08071637,0.0069007874,-0.15210009
1754736501496,0.106880665,0.08006859,-0.1248889
1754736501657,0.05060053,0.033924103,-0.16620708
1754736501818,0.059711933,-0.008841515,-0.22133112
1754736501979,0.0891161,-0.0711813,-0.15099645
1754736502142,0.36861682,0.23875523,0.028002024
1754736502298,-0.060096264,0.08562279,-0.32714295
1754736502458,-0.044786215,-0.13585758,-0.24159265
1754736502619,0.17054272,0.18990898,0.030905008
1754736502778,-0.0120687485,0.0046138763,-0.1874628
1754736502940,0.06016755,0.13071823,-0.083498
1754736503099,0.10614133,-0.025180817,0.0074608326
1754736503259,0.073815346,0.030287743,-0.13950872
1754736503420,0.07843208,0.017061234,-0.16426349
1754736503580,0.1033535,-0.046769142,-0.14375281
1754736503740,0.05718994,0.038279533,-0.17191696
1754736503906,0.12628436,0.033436775,-0.15113163
1754736504061,0.075368404,0.041007996,-0.1486888
1754736504219,0.113446,-0.034488678,-0.104100466
1754736504380,0.06887889,0.03831005,-0.2644992
1754736504545,-0.10161281,-0.2655611,-0.34318542
1754736504701,0.3960836,-0.48279,-0.20317411
1754736504861,0.33706188,-0.16555977,-0.14133286
1754736505022,0.2655213,0.6623602,-0.46027398
1754736505182,0.16104507,0.23691654,-0.11741471
1754736505343,0.1452471,-0.37579536,0.7652533
1754736505503,0.11114812,-0.26344585,0.21323633
1754736505663,0.2142793,-0.06681061,-0.16419697
1754736505822,0.16152239,0.15341473,-0.21074247
1754736505988,0.1026845,0.3329072,-0.26382542
1754736506146,0.05447924,0.09010506,-0.0772953
1754736506303,0.3068837,0.20960474,-0.23724699
1754736506465,-0.050220966,0.04250717,-0.61038446
1754736506624,-0.13320374,0.22983742,-0.29643536
1754736506786,0.16100228,-0.043416977,-0.23458242
1754736506946,-0.06494355,0.14326096,-0.3844738
1754736507104,0.22962606,0.13885498,-0.10283184
1754736507266,0.16782594,0.30149937,-0.2989211
1754736507426,0.76792574,-0.48309135,-0.005505562
1754736507585,-0.07054591,0.21522045,-0.73418
1754736507747,-0.18933511,0.4858513,-0.65846443
1754736507906,0.09313655,0.26537228,-0.30822086
1754736508067,-0.09818673,0.17679405,-0.15556812
1754736508226,0.22435617,-0.50462294,0.5743723
1754736508387,0.05003643,-0.405725,-0.21248817
1754736508551,0.1762793,0.5732975,0.01565981
1754736508707,0.06419802,-0.0361495,-0.08142424
1754736508868,0.026643991,-0.17917871,-0.016584396
1754736509027,0.1347382,-0.08897066,-0.11426544
1754736509187,0.1083622,0.05814314,-0.13964558
1754736509350,0.14276862,0.42351675,-0.55394745
1754736509508,-0.08892393,0.5638046,-0.71578217
1754736509671,0.1157949,0.60170984,-0.17439461
1754736509830,-0.013227463,-0.11507511,-0.103782654
1754736509991,0.1462357,0.034418106,-0.060041428
1754736510153,0.03453493,0.046494484,-0.18494225
1754736510310,0.045283794,0.33918524,-0.12417936
1754736510470,0.18409777,-0.6607146,-0.15852356
1754736510631,0.14826632,0.22992373,0.11032915
1754736510791,-0.17195678,-0.18115664,0.14786816
1754736510950,0.44071102,-0.45063305,-0.47387743
1754736511110,0.10650182,0.663486,-0.43735313
1754736511273,0.05412388,0.33179855,-0.0701046
1754736511431,0.05169463,-0.056399822,-0.097946644
1754736511591,-0.059758663,0.40154648,0.03217745
1754736511754,0.12247062,-0.36068344,-2.6130676E-4
1754736511911,0.089349985,-0.30712652,0.13236713
1754736512073,0.07665968,-0.19297075,-0.034420967
1754736512234,0.14886904,-0.043295383,-0.06725502
1754736512392,0.047674656,0.17240667,-0.28274107
1754736512553,0.15561748,0.21711636,-0.15219927
1754736512714,0.09300518,0.25874662,-0.1497798
1754736512879,0.20335388,0.067117214,0.00775671
1754736513033,0.031661272,-0.3162589,0.09112024
1754736513194,-0.021162033,-0.02030468,-0.3859825
1754736513354,0.12366319,0.31233788,-0.84407604
1754736513514,0.60585475,0.17128277,-0.6396456
1754736513675,-0.081000805,0.49790192,0.12355377
1754736513834,-0.020040631,-0.3413334,0.38459325
1754736513998,-0.081694245,0.24174404,0.34015393
1754736514161,-0.070952654,-0.25883865,0.68206286
1754736514315,-0.11278677,-0.08952713,0.36674327
1754736514475,-0.28599668,-0.020249367,0.07474363
1754736514637,-0.029092312,-0.21527004,0.45201862
1754736514795,-0.19447565,-0.19934845,0.3090582
1754736514958,-0.038300276,-0.17383957,0.37252784
1754736515117,-0.00818038,-0.16629887,0.39268827
1754736515277,-0.021241188,0.04011917,0.24573922
1754736515438,-0.046690464,-0.31314945,0.4030285
1754736515598,-0.15144205,-0.09736729,0.07655501
1754736515759,-0.01730299,-0.05936432,0.3880353
1754736515918,-0.10329795,-0.092069626,0.09300065
1754736516079,-0.11498189,-0.31351852,0.303087
1754736516238,-0.065907955,-0.03383732,0.21460223
1754736516400,-0.009925127,-0.24660587,0.34737778
1754736516561,0.13253784,-0.28029823,0.51725745
1754736516719,0.0773716,0.27740288,0.17362165
1754736516879,-0.07356191,-0.13323975,0.27966237
1754736517040,-0.13365924,-0.42090988,0.20947313
1754736517199,0.019183993,0.13581467,0.15137053
1754736517361,-0.0759033,-0.054096222,0.29583788
1754736517521,-0.102981925,-0.15505695,0.14853406
1754736517680,-0.14039278,-0.21434021,0.13751507
1754736517840,-0.109802365,-0.14793968,0.18560696
1754736518005,-0.36598456,-0.12027931,0.6447258
1754736518166,0.13936037,-0.4849043,0.12913418
1754736518322,0.58509266,0.46779442,-0.8191787
1754736518483,0.04446003,0.21593475,-0.02842319
1754736518641,-0.028676454,0.18898487,0.19308963
1754736518801,-0.15234378,0.12494755,0.2912619
1754736518963,-0.020124339,-0.042660713,0.39209458
1754736519122,-0.031789042,-0.11590862,0.18554269
1754736519283,0.023122381,0.074837685,0.11828846
1754736519443,0.12818341,-0.44313717,0.14621359
1754736519602,-0.111683294,-0.31916142,0.20456219
1754736519763,0.08736447,-0.050522804,0.22823095
1754736519924,-0.042682946,-0.28905582,-0.11590052
1754736520083,0.028612286,0.07163906,-0.32159567
1754736520243,-0.12524104,0.2652521,-0.25715923
1754736520405,-0.042908907,0.28373575,0.08839178
1754736520564,-0.101460636,0.2430234,0.12796831
1754736520724,-0.58592516,0.85026884,0.283453
1754736520886,-0.07573855,-0.1705265,0.49316788
1754736521045,0.26618516,-0.08037853,-0.075297356
1754736521205,0.23566175,0.18702555,-0.054469585
1754736521368,0.12871826,0.23948765,0.03389883
1754736521527,0.11473938,0.022426605,0.5242877
1754736521689,-0.075158626,0.051576614,0.40248585
1754736521847,0.08952394,0.069262505,0.2130208
1754736522010,0.02668655,0.034814835,-0.13434649
1754736522178,-0.06509933,0.3227663,0.040965557
1754736522328,0.06921697,-0.16801071,0.7344079
1754736522487,0.04432106,-0.013219833,-0.021278381
1754736522647,-0.2850783,0.08988762,0.085166454
1754736522809,0.2901125,0.07070446,0.4791875
1754736522969,0.12249076,0.07272339,-0.039627552
1754736523128,-0.19879723,0.14648819,-0.7381625
1754736523289,-0.12323472,0.79168224,-0.47132063
1754736523449,0.4002966,-0.33078575,1.7083702
1754736523609,0.8029909,-0.25868988,-0.1349554
1754736523771,0.28303534,0.2694211,-1.5369501
1754736523929,-1.5117085,1.1392002,0.0963788
1754736524090,-5.8272805,0.58255816,3.0749965
1754736524254,-1.5707052,-0.49782276,-2.0435543
1754736524411,4.3207293,-0.55969834,-2.743751
1754736524573,3.812146,1.2137027,0.05166626
1754736524739,-1.9269433,1.1748211,-1.0276885
1754736524891,-0.60489416,-0.74785185,2.4908428
1754736525054,-0.71305084,-0.395993,0.9903755
1754736525214,-0.14498496,0.18989992,0.50110817
1754736525373,2.2572234,-1.1230493,2.524581
1754736525531,-0.16842079,-0.4235611,1.2899022
1754736525693,-1.9254104,-0.4205451,1.3720202
1754736525852,-0.5795202,0.20425129,0.54018927
1754736526022,-0.14534068,0.6397052,-2.2150955
1754736526182,-0.21611834,0.19818544,-2.742197
1754736526335,-0.42284858,-0.8880663,-2.4215531
1754736526493,-0.6687827,-4.5671883,-0.97685003
1754736526654,2.3963046,-3.1679199,1.1100626
1754736526817,2.1105268,-0.30460322,-0.2503624
1754736526976,0.31602073,0.61943287,-2.6143932
1754736527136,-0.8023454,1.6726487,-2.1785688
1754736527295,-0.7016944,2.2218728,-1.1459904
1754736527455,-1.4922265,0.9612741,0.16965103
1754736527620,-1.4083765,-0.10530329,0.5042429
1754736527778,-1.5562173,0.3109033,-1.3443604
1754736527935,-2.6295018,0.9444685,-1.8383951
1754736528096,-0.83648515,-0.873219,-0.7504864
1754736528255,-2.2426338,0.87502193,0.31288385
1754736528420,-3.2111077,1.90904,0.3526234
1754736528578,1.414712,-2.7000966,-1.1791079
1754736528736,4.8877945,-1.1184993,-3.3336267
1754736528896,2.9804482,0.25457382,-1.6466057
1754736529058,2.4655957,0.30054379,-1.615943
1754736529218,1.3513517,1.5205703,-1.0806544
1754736529379,0.12015295,0.78265476,-1.1112418
1754736529538,-0.15130663,1.8995953,-0.67491245
1754736529697,0.03981495,2.1138563,-0.57505417
1754736529858,0.34956312,0.55808735,-0.90536165
1754736530020,0.2080965,1.1110735,0.27466488
1754736530181,0.24302968,-0.62549114,-0.13521075
1754736530341,0.43619925,-0.74907017,0.6449084
1754736530500,1.3461726,0.09181976,0.21612358
1754736530659,1.4952526,0.2018547,-0.47974706
1754736530821,0.9938679,-0.14099216,0.14640832
1754736530981,0.15553188,0.12042713,-0.631001
1754736531140,0.87609434,-0.45256138,-1.0576934
1754736531300,0.79628754,-0.27911568,-0.26285654
1754736531461,-1.0421729,-0.48046494,0.027175426
1754736531621,-0.27202606,0.7698374,-0.5968404
1754736531781,-0.46261692,-0.10477352,-0.2496422
1754736531942,0.042939186,0.29832363,-0.00725466
1754736532101,0.42003012,0.2235384,-0.19478029
1754736532262,-0.11085558,-0.031962395,0.8591665
1754736532424,-0.09515524,-0.5529032,0.917187
1754736532583,0.0030646324,-0.44214582,0.31767058
1754736532742,-0.034008265,0.12195158,-0.02543974
1754736532903,-1.0583076,-0.43064976,-0.21688032
1754736533063,0.48399663,0.66725063,-0.3020649
1754736533223,-0.11018348,1.1251764,1.1375947
1754736533389,-0.69988394,2.8650532,-0.7225027
1754736533543,-0.42726517,-0.749558,0.9297781
1754736533703,-0.6178012,0.22854376,0.286798
1754736533867,0.0071282387,-0.48177433,0.12809849
1754736534026,-0.22246265,-0.35444832,-0.24671197
1754736534188,0.32776117,0.010509968,-0.49184215
1754736534348,-0.38040924,-0.56273556,-0.8150892
1754736534505,0.37896633,0.739928,0.05646503
1754736534665,0.50786304,0.14677739,-0.19747001
1754736534827,-0.34709072,-0.8004222,-0.13240325
1754736534986,0.20770931,-0.70803106,0.637061
1754736535146,-0.03702259,-0.3270197,0.5657212
1754736535307,-0.3512087,0.044067472,0.49724117
1754736535467,-0.46618843,-0.1476965,0.38404465
1754736535627,-0.805892,-0.6843735,-0.079327956
1754736535788,0.5356693,-1.6672795,-0.69081753
1754736535947,0.09898949,-1.0739565,-0.5172668
1754736536107,0.42919874,-0.3917694,-0.78979087
1754736536270,1.3565297,1.6801758,-2.427775
1754736536429,6.011989,5.5820045,-5.1771183
1754736536589,4.810125,-0.20622659,-1.3304937
1754736536749,2.129364,-5.4890213,1.106915
1754736536909,1.0745374,-4.081856,1.5564978
1754736537068,0.64450073,-0.56523895,1.0129364
1754736537231,0.9810293,0.6545267,0.38580227
1754736537391,0.7039137,0.38385773,0.8380816
1754736537549,0.38363147,-0.80497456,0.6121011
1754736537710,-0.50594926,0.23336744,-1.1956153
1754736537871,-0.004359007,-0.48582315,-0.9861531
1754736538033,0.08087778,-0.17393255,-0.15301466
1754736538194,0.49282765,-0.56399965,0.87778044
1754736538352,0.8456037,0.13446093,1.1774521
1754736538511,0.9062855,0.49567318,0.64792633
1754736538674,0.6739366,0.036037922,0.44876194
1754736538832,0.7899349,0.078559875,0.63469505
1754736538992,0.78545356,0.36753893,0.41515923
1754736539153,0.74268794,0.35041428,0.6079807
1754736539316,0.66819286,0.24652481,0.7486563
1754736539474,0.671648,0.0943799,0.53977966
1754736539636,0.762696,0.2653551,0.2803092
1754736539793,0.6487653,0.05056858,0.5070524
1754736539955,0.7351253,0.10056305,0.3999176
1754736540122,0.70688605,0.53379583,0.53089094
1754736540275,0.5817418,-0.21521568,0.47327185
1754736540435,-0.10336852,-0.16247511,-0.05335474
1754736540596,2.2558703,-0.86632586,1.1094031
1754736540754,1.0117459,0.44124222,0.16954565
1754736540914,0.73066807,-0.70974016,-0.32187295
1754736541076,0.031210423,-0.6456971,-0.111364365
1754736541235,-1.4844027,-1.0099845,0.7558708
1754736541400,0.82077026,0.68738556,-0.42680907
1754736541557,-0.051306248,0.5378032,0.7584522
1754736541715,2.3266828,-0.25032282,-0.689497
1754736541875,-1.62504,-0.8055148,-1.4099646
1754736542040,-1.8321009,-0.9187422,0.62400246
1754736542200,0.010802507,-0.007991791,-0.47883987
1754736542359,-0.17128801,-0.5737648,0.8804455
1754736542517,0.13633394,-0.4624524,-0.17711496
1754736542677,-0.5145569,-0.41153097,1.0835018
1754736542838,-0.77296877,1.1323469,-1.6412005
1754736543000,2.9070735,-0.7077131,-1.0415993
1754736543158,0.5502856,-2.2722003,1.2198524
1754736543319,-2.062564,0.68546534,1.0194702
1754736543480,-0.71981287,1.4566011,-1.740511
1754736543638,2.214974,-1.7366695,-0.94137096
1754736543800,0.2643267,-2.421176,1.6912136
1754736543959,-1.6097217,0.7581892,0.60935783
1754736544119,-0.20485926,0.35043335,-1.0449924
1754736544279,0.35557508,0.5762291,-1.3732166
1754736544441,1.1179483,-0.9248347,-0.5286045
1754736544601,-0.46556532,-1.4783602,0.30484295
1754736544760,-1.1533376,-0.84197426,1.1085043
1754736544922,-0.866318,0.63478136,0.051741123
1754736545081,-0.17895365,1.6997755,-1.9299226
1754736545241,0.8821807,-0.26875114,-0.80735254
1754736545403,0.4507115,-0.95504284,0.0644207
1754736545561,-0.18931502,-0.897336,0.5552492
1754736545721,-0.62678915,-0.082167625,0.10664177
1754736545885,-0.4528249,0.07829952,0.95571995
1754736546044,-1.2854321,-0.2590971,-0.17157078
1754736546207,-0.7950654,1.2487521,-0.9254122
1754736546366,1.0544462,0.19842672,-0.8586278
1754736546523,0.78469527,-0.58814955,-0.37778234
1754736546683,0.40745854,-1.1282802,0.47158623
1754736546844,-0.8177067,-0.36952162,0.1708808
1754736547005,-1.1137289,0.36922598,0.48421574
1754736547167,-0.11908293,0.18750238,-0.41638803
1754736547325,-0.07466674,-0.048542976,-0.37039518
1754736547484,-0.4093387,-0.06238413,-0.48578167
1754736547644,-0.25148225,-0.07251644,-0.21257257
1754736547807,0.023555994,-0.09575081,-0.33161592
1754736547966,-0.28184915,-0.16239452,-0.20392036
1754736548127,-0.26929617,-0.07166672,-0.27299643
1754736548286,-0.4055934,-0.0100569725,-0.20568657
1754736548445,-1.2682195,0.79497766,-1.0059161
1754736548611,0.75696325,0.14665079,-0.31249666
1754736548767,1.235815,-0.8990121,-0.23508835
1754736548927,-0.54902303,-0.45093393,-0.02858305
1754736549087,-1.2495571,0.2773161,0.47155
1754736549249,-0.6704329,-0.101579666,-0.02173376
1754736549408,-0.17947257,0.016961098,-0.08309841
1754736549567,-0.4041673,-0.07444334,-0.19750309
1754736549729,-0.6118103,-0.081917286,-0.18287086
1754736549887,-0.44384503,-0.0592556,-0.07324076
1754736550058,-0.40929866,-0.15257454,-0.25689936
1754736550215,-0.33486676,-0.09944296,-0.18187141
1754736550369,-0.53739095,-0.10900307,-0.19568777
1754736550528,-0.8432095,-0.165452,-0.3806424
1754736550690,-0.7906494,-0.28089237,-0.5211859
1754736550850,-0.3245046,-0.33976698,-0.4138732
1754736551014,-0.23525643,-0.14442015,-0.38072586
1754736551170,-0.22049546,0.08032417,-0.051263332
1754736551329,-0.1702125,-0.18366718,-0.08556986
1754736551491,0.30121696,0.09113169,0.22092867
1754736551654,0.009902716,-0.15663862,-0.029133797
1754736551811,-0.38080335,0.06049347,0.24846697
1754736551971,-0.17145038,0.25147724,0.08279276
1754736552133,-0.82047725,0.13804197,0.27827835
1754736552291,0.8107872,1.6870208,-0.60088825
1754736552451,2.3668966,-1.4446626,0.30167198
1754736552618,-0.54433703,-0.87586975,0.8922548
1754736552772,-0.9192419,1.4717865,0.2152443
1754736552932,0.70246077,1.1707568,-1.0864992
1754736553093,0.29887414,-0.69015646,-0.0674181
1754736553253,-0.28296018,-0.7503166,0.070718765
1754736553418,-0.5544956,-0.5501528,-0.19762135
1754736553574,-0.04458022,-0.45811272,-0.19188833
1754736553733,0.006346941,-0.20014286,-0.23420954
1754736553893,0.08439469,-0.041237354,-0.11338806
1754736554057,0.04588294,-0.16881657,-0.08822203
1754736554222,0.14495587,0.0055789948,-0.31533003
1754736554376,0.45630383,-0.2581935,0.03917265
1754736554535,0.9465474,-0.19386625,-0.2595334
1754736554694,-0.377707,-0.8726888,1.0077558
1754736554855,-0.58681965,0.35026264,-0.13428879
1754736555020,0.0442667,0.16908693,-0.3997898
1754736555175,0.36481047,-0.20211554,-0.09277487
1754736555335,0.15860796,-0.32822084,-0.09976387
1754736555497,0.087553024,-0.27036333,-0.04506731
1754736555657,0.17190695,-0.2377429,-0.095159054
1754736555821,0.11302662,-0.19825888,-0.09179878
1754736555977,0.107293606,-0.18392992,-0.11452913
1754736556137,0.060082436,-0.24244595,-0.14755297
1754736556297,-0.003935337,-0.15315437,-0.11648512
1754736556458,0.06368446,-0.07354498,-0.10137987
1754736556623,0.093490124,-0.15337706,-0.09740019
1754736556779,0.12188244,-0.14167643,-0.058111668
1754736556938,0.12515593,-0.19394636,-0.1255498
1754736557098,0.015533924,-0.14359856,-0.24508333
1754736557258,-0.038763523,-0.15677166,-0.088627815
1754736557420,0.1137805,-0.21161938,-0.09219313
1754736557579,0.104264736,-0.27329826,-0.12578106
1754736557739,0.47146988,-0.100933075,0.07330561
1754736557905,-0.044713974,-0.29195833,-0.28569984
1754736558063,0.0015974045,-0.10677624,-0.15454197
1754736558224,0.057609558,-0.2754798,-0.04335785
1754736558382,0.04655218,-0.16451502,-0.19216013
1754736558541,0.08265543,-0.14367008,-0.13705492
1754736558701,0.09911156,-0.15093803,-0.17680931
1754736558862,0.034504414,-0.10538912,-0.09967947
1754736559025,0.105246544,-0.16638231,-0.095133305
1754736559182,0.095841885,-0.11376715,-0.14835596
1754736559343,0.09747362,-0.12628746,-0.15126753
1754736559502,0.05900812,-0.21337128,-0.109820366
1754736559662,0.14800453,-0.05015564,-0.07134485
1754736559825,0.06628513,-0.16717958,-0.22122192
1754736559982,0.040312767,-0.09345245,-0.11869669
1754736560142,0.14577913,-0.19807911,-0.09478903
1754736560304,0.15835476,-0.08738947,-0.1433382
1754736560463,0.038470745,-0.15065861,-0.14197206
1754736560631,0.032417774,-0.092740536,-0.15934563
1754736560784,0.066390514,-0.16013956,-0.08198118
1754736560944,0.094483376,-0.16479254,-0.13890266
1754736561104,0.080438614,-0.1877861,-0.12894678
1754736561265,0.0400424,-0.16815329,-0.17514896
1754736561430,0.083767414,-0.18708229,-0.16981506
1754736561586,0.040133,-0.09995127,-0.108733654
1754736561750,0.055012226,-0.15890169,-0.15043306
1754736561905,0.026622772,-0.13513803,-0.117042065
1754736562072,0.15701103,-0.15097332,-0.16342449
1754736562231,-0.0032820702,-0.145957,-0.053339005
1754736562386,0.118720055,-0.14216185,-0.1424489
1754736562546,0.14469671,-0.15631056,-0.19084215
1754736562707,0.07635641,-0.192204,-0.15345383
1754736562866,0.07435751,-0.18685913,-0.16147757
1754736563027,0.0750823,-0.12806416,-0.14057732
1754736563188,0.070747375,-0.19499111,-0.13354921
1754736563347,0.10748577,-0.12031317,-0.07380867
1754736563508,0.08702135,-0.18925714,-0.025487423
1754736563669,0.1174984,-0.10088587,-0.16595125
1754736563829,0.03895998,-0.18866348,-0.09092283
1754736563989,0.08261776,-0.14778376,-0.2424736
1754736564150,0.12136173,-0.16529655,-0.142807
1754736564311,0.06980276,-0.16519356,-0.071873665
1754736564470,0.120315075,-0.1872654,-0.07546902
1754736564633,0.03716135,-0.15413713,-0.08931923
1754736564790,0.0417161,-0.006711006,-0.25795412
1754736564949,-0.4445343,0.42543268,-0.163558
1754736565112,0.5824046,0.5771718,-0.4576683
1754736565271,0.8093256,-0.65038157,-0.44297695
1754736565432,-0.7973076,-0.9371319,0.3515501
1754736565592,-1.2542467,-0.027029991,0.76767826
1754736565751,-1.2715601,0.28676748,0.38517857
1754736565911,-0.5531485,0.82020664,-0.19770765
1754736566077,-0.24381757,0.3311491,-0.105288506
1754736566234,-0.50738144,0.20224905,-0.16332006
1754736566397,-0.58935404,0.22648239,-0.14747381
1754736566553,-0.619205,0.25507307,-0.07253885
1754736566713,-0.5655627,0.23662853,-0.071137905
1754736566873,-0.52576923,0.27744246,-0.11220598
1754736567034,-0.5530665,0.28019238,-0.06728029
1754736567193,-0.5472002,0.23900223,-0.12614012
1754736567354,-0.44220185,0.26787996,-0.09923124
1754736567514,-0.47169375,0.23736858,-0.07003927
1754736567674,-0.4853804,0.28535557,-0.08351946
1754736567835,-0.51534224,0.24631453,-0.10260582
1754736567995,-0.47647023,0.30418968,-0.09630394
1754736568154,-0.5533929,0.2945857,0.0014824867
1754736568315,-0.4868486,0.25158978,-0.09355211
1754736568477,-0.4388914,0.26033497,-0.09320831
1754736568638,-0.49247575,0.2611003,-0.09440756
1754736568795,-0.4898827,0.30191898,-0.11293888
1754736568956,-0.48983145,0.20959663,-0.02521038
1754736569117,-0.4797814,0.27455473,-0.09304714
1754736569276,-0.4658277,0.29305077,-0.04901457
1754736569438,-0.4660883,0.28431034,-0.09404278
1754736569596,-0.43571663,0.27163935,-0.08652449
1754736569757,-0.433419,0.2705207,-0.09145355
1754736569918,-0.4761293,0.24362803,-0.09467459
1754736570080,-0.4601369,0.1878295,-0.0696044
1754736570240,-0.43226027,0.23358488,-0.14643621
1754736570399,-0.45451045,0.27377558,-0.08038139
1754736570558,-0.43194175,0.28459358,-0.07440376
1754736570718,-0.4421172,0.323833,-0.052803516
1754736570880,-0.5292027,0.37454462,0.014493465
1754736571040,-0.82970643,0.47898483,-0.23063755
1754736571199,-0.119463444,0.6737132,-0.17460775
1754736571361,0.47234178,0.10340738,-0.4754963
1754736571520,-0.37149608,-0.44670343,-0.27475548
1754736571679,-0.44165576,-0.20860481,0.23674679
1754736571843,-0.6281001,-0.051376343,0.27600813
1754736572000,-0.8477625,0.27029037,0.0018353462
1754736572161,-0.49169886,0.040676594,0.16158867
1754736572322,-0.27709633,-0.17850447,0.0041475296
1754736572481,-0.2957611,-0.22621346,0.16548443
1754736572643,-0.6551906,0.3068614,0.080336094
1754736572802,-0.17682672,0.28665495,-0.14303684
1754736572962,-0.22613764,0.14223766,-0.16426134
1754736573125,-0.41819382,0.09455395,-0.12979221
1754736573283,-0.36518407,0.13860273,-0.09020662
1754736573444,-0.32942748,0.030526161,-0.05381632
1754736573605,-0.29293442,0.01638794,-0.047297478
1754736573765,-0.2905941,0.061498165,-0.14692736
1754736573923,-0.28203177,0.10409212,-0.07359123
1754736574086,-0.32291245,0.08134651,-0.13270903
1754736574254,-0.38107014,0.057220936,-0.110954285
1754736574403,-0.31554294,0.042051315,-0.12833166
1754736574564,-0.30791283,0.051870823,-0.12263441
1754736574725,-0.32691717,0.05954218,-0.10070181
1754736574884,-0.37038732,0.103872776,-0.09395981
1754736575046,-0.28367352,0.11049032,-0.087182045
1754736575206,-0.27431464,0.07166481,-0.08472967
1754736575365,-0.23801947,0.04325676,-0.1301341
1754736575526,-0.2977245,0.09603882,-0.08446264
1754736575686,-0.3079095,0.0521245,-0.094851494
1754736575850,-0.31351066,0.048187256,-0.13575554
1754736576012,-0.2844565,0.059986115,-0.12953758
1754736576169,-0.34422755,0.028252125,-0.07017183
1754736576326,-0.31236315,-0.047192574,-0.16830778
1754736576487,-0.28325415,0.04869795,-0.17790508
1754736576653,-0.27176952,0.10856485,-0.06436634
1754736576809,-0.25290895,0.059475422,-0.14470768
1754736576968,-0.295645,0.056721687,-0.039671898
1754736577129,-0.27924776,0.04485035,-0.117805004
1754736577288,-0.27372694,0.04155302,-0.08606577
1754736577449,-0.26212335,0.007581234,-0.13413382
1754736577610,-0.25940776,0.027465343,-0.10929632
1754736577770,-0.2670257,0.0283041,-0.095115185
1754736577931,-0.26852298,0.015416622,-0.096832275
1754736578096,-0.31664443,0.061362267,-0.116163254
1754736578254,-0.2976935,0.0888052,-0.09641075
1754736578410,-0.29441667,0.09665632,-0.08946276
1754736578571,-0.26057982,0.04402685,-0.09170723
1754736578731,-0.24463844,0.07567406,-0.09226227
1754736578897,-0.26850438,0.037336826,-0.07987881
1754736579053,-0.27382803,0.07156038,-0.08365774
1754736579211,-0.25251555,0.05387783,-0.07418966
1754736579371,-0.21948624,0.03888178,-0.11912727
1754736579532,-0.2345748,0.016964912,-0.11291361
1754736579691,-0.24943972,0.012149334,-0.11896372
1754736579863,-0.2529695,-0.008404255,-0.10498524
1754736580016,-0.26327085,0.045838356,-0.08654785
1754736580172,-0.26753473,0.022658825,-0.105969906
1754736580332,-0.2573564,0.033272743,-0.051297188
1754736580495,-0.21375084,0.074192524,-0.07553196
1754736580656,-0.2489543,0.011736393,-0.061658382
1754736580817,-0.20490551,0.06331825,-0.13950205
1754736580974,-0.21306443,0.04446411,-0.06296778
1754736581134,-0.2346425,-0.01564169,-0.09418678
1754736581295,-0.26788974,0.02180624,-0.109401226
1754736581457,-0.25433373,0.0032539368,-0.11288071
1754736581617,-0.22545457,0.007933617,-0.12758398
1754736581775,-0.20232153,0.01263237,-0.13545322
1754736581936,-0.24391103,0.05647087,-0.03561735
1754736582097,-0.21361041,0.06687355,-0.11022806
1754736582259,-0.25070024,0.017105103,-0.06958437
1754736582418,-0.17204762,0.067913055,-0.09337425
1754736582577,-0.2136352,0.07481623,-0.05249405
1754736582736,-0.16746187,0.050002098,-0.14470291
1754736582899,-0.24961853,-0.0078029633,-0.029542446
1754736583057,-0.2380135,-0.026162624,-0.08713055
1754736583217,-0.14483762,-0.015862942,-0.076292515
1754736583378,-0.161273,0.044511795,-0.12063074
1754736583539,-0.16198134,0.02364397,-0.1344099
1754736583699,-0.2378707,0.012372017,-0.016949177
1754736583859,-0.2629292,0.0061507225,-0.10150337
1754736584017,-0.23116708,0.04359722,-0.12213135
1754736584179,-0.19301462,0.09322691,-0.05321169
1754736584340,-0.2021513,0.0791955,-0.06517172
1754736584500,-0.19748402,0.033804417,-0.017755985
1754736584661,-0.21104527,-0.029827118,-0.15340567
1754736584819,-0.10140324,0.03655052,-0.13638687
1754736584979,-0.13443112,0.059039116,-0.002216339
1754736585139,-0.29589653,0.12002659,-0.109187126
1754736585302,-0.23618078,0.096343994,-0.11643553
1754736585461,-0.060482502,0.011183262,-0.14983988
1754736585620,-0.14127636,-0.04062271,-0.005526066
1754736585782,-0.26063251,0.029837608,-0.1092
1754736585941,-0.17452168,0.07025862,-0.094120026
1754736586104,-0.07027793,0.015307426,-0.0940299
1754736586264,-0.27259827,0.059966087,-0.04344988
1754736586421,-0.15865469,-0.009152889,-0.106585026
1754736586582,-0.15495944,0.11056709,-0.09602404
1754736586744,-0.16845179,-0.022741795,-0.19206
1754736586904,-0.20039392,0.050528526,-0.087601185
1754736587062,-0.16985345,0.046653748,-0.17699099
1754736587223,-0.20627046,0.0065541267,-0.04239273
1754736587383,-0.18387389,0.013603687,-0.13696194
1754736587548,-0.17505503,-0.072001934,-0.053764343
1754736587706,-0.19464111,0.04769373,-0.13009119
1754736587863,-0.23471737,0.13877344,-0.04435444
1754736588023,-0.14581561,0.06445217,-0.117666245
1754736588185,-0.22016644,0.088579655,-0.031030655
1754736588344,-0.17970657,0.089429855,-0.077631
1754736588506,-0.040562153,0.020907402,-0.16590834
1754736588668,-0.26725984,-0.048451424,-0.062460423
1754736588825,-0.13431883,0.071033955,-0.09657717
1754736588985,-0.17351627,-0.0022349358,-0.119175434
1754736589147,-0.14307785,0.016405582,-0.111011505
1754736589307,-0.2108934,0.055984974,-0.11828375
1754736589472,-0.12896442,0.05439663,-0.15619612
1754736589628,-0.23248911,0.05796957,-0.07194328
1754736589787,-0.22419477,0.027915955,-0.06994772
1754736589946,-0.1380465,0.030684471,-0.084010124
1754736590112,-0.09806776,0.071965694,-0.052320004
1754736590269,-0.19186044,0.05237627,-0.03701496
1754736590427,-0.19258547,0.068460464,-0.08098316
1754736590589,-0.162817,0.054320812,-0.07941961
1754736590747,-0.121071815,0.05913782,-0.18584538
1754736590909,-0.1789465,0.08908081,-0.064754486
1754736591070,-0.20069957,-1.0919571E-4,-0.03347826
1754736591228,3.8313866E-4,0.1331706,-0.109502316
1754736591391,-0.08156061,0.013471127,-0.031951427
1754736591554,-0.69933796,0.28525543,0.0445714
1754736591711,-0.16875267,1.0925756,-0.2695446
1754736591871,2.6691735,-0.44353628,-0.8940487
1754736592031,0.120340586,-2.3171606,0.43869495
1754736592192,-1.8406358,0.34931898,1.5673366
1754736592350,-0.59571195,1.7722502,-0.7045431
1754736592513,0.20603228,-0.26706266,0.15690947
1754736592674,-0.077904224,0.028624058,-0.13564444
1754736592830,0.28559017,0.044393063,-0.0051174164
1754736592991,-0.04274106,-0.08711243,-0.14601469
1754736593153,-0.33088756,-0.059994698,-0.36604643
1754736593313,-0.73132014,-0.06555939,-0.19696951
1754736593474,-0.46656275,-0.03817129,-0.49990273
1754736593632,0.27605033,0.6064558,-0.13904285
1754736593792,0.72037435,0.17920685,-0.52074814
1754736593954,0.65881044,-1.0196047,0.36164045
1754736594118,-0.975819,-0.24119139,0.6652732
1754736594275,-0.8474096,0.51377296,0.028049946
1754736594434,-0.2820753,-0.16331053,0.0062646866
1754736594594,-0.08200914,-0.047671795,-0.10267162
1754736594754,-0.12329328,-0.11069012,-0.094795704
1754736594915,-0.02647233,-0.039865494,-0.1551671
1754736595077,-0.14034784,-0.07970953,-0.06369114
1754736595237,-0.011469245,-0.0380311,-0.13405418
1754736595396,0.2455473,-0.55936193,0.0105896
1754736595555,-0.5045512,-0.24049664,0.22355413
1754736595716,-0.36084652,1.199707,-0.5501218
1754736595876,0.34727025,0.19582367,-0.18265343
1754736596035,0.2712183,-0.104254246,-0.10036421
1754736596195,-0.293298,-0.45543337,0.1123023
1754736596357,-0.070658684,-0.15246868,-0.10628605
1754736596518,0.025749207,-0.021550655,-0.16040611
1754736596679,-0.1856935,-0.13041878,-0.18232155
1754736596837,-0.043534517,-0.1362505,-0.0949626
1754736596997,0.009764671,0.0010390282,-0.16394663
1754736597157,-0.10339594,-0.059034348,-0.14693403
1754736597319,-0.04764986,-0.04739952,-0.13741302
1754736597477,-0.13341045,-0.05041933,-0.13405752
1754736597638,-0.12169504,0.022547245,-0.105165005
1754736597799,-0.119635105,-0.04622984,-0.10820198
1754736597958,-0.03920412,-0.09671497,-0.14304113
1754736598122,-0.029367924,-0.06729221,-0.1237793
1754736598284,-0.081048965,-0.006545067,-0.107645035
1754736598439,-0.06469822,0.03849697,-0.18532753
1754736598599,-0.06752157,0.46722555,-0.49556017
1754736598761,-0.089267254,0.27823114,-0.3320279
1754736598920,-0.3002255,0.36528826,-0.1801672
1754736599087,0.63257694,-0.4023943,-0.22721577
1754736599242,0.2484538,-1.1329193,0.2992096
1754736599400,-0.7047538,-0.64369583,0.46989536
1754736599561,-0.84639263,0.29633904,0.32645082
1754736599722,-0.16685152,0.9277053,-0.3384204
1754736599881,0.2841227,0.18164206,-0.30358315
1754736600041,-0.14438725,-0.20737457,-0.017883778
1754736600203,0.03932762,-0.070218086,0.03273964
1754736600362,-0.04135394,-0.1489358,-0.09362936
1754736600522,-0.0730958,-0.061462402,-0.12652445
1754736600687,-0.06848025,-0.08479071,-0.15096712
1754736600843,-0.05931282,-0.039473534,-0.18300724
1754736601003,-0.09102392,-0.020394325,-0.18135929
1754736601164,-0.121542215,-0.12037516,-0.11133814
1754736601329,-0.06533456,-0.07901716,-0.11796951
1754736601483,-0.025453568,0.0026097298,-0.13937664
1754736601645,-0.09307957,-0.06408739,-0.1218071
1754736601805,-0.07895279,-0.040528297,-0.13984919
1754736601964,-0.08396435,-0.044220448,-0.10942364
1754736602128,-0.071513176,0.0025820732,-0.13487339
1754736602287,-0.072659016,-0.112624645,-0.08029795
1754736602445,-0.11124182,-0.018529892,-0.19675016
1754736602606,-0.11005163,-0.0858016,-0.17039442
1754736602766,-0.029214859,-0.051621437,-0.11284828
1754736602926,-0.02380085,-3.0612946E-4,-0.1465292
1754736603087,-0.08508825,-0.015871525,-0.13532925
1754736603246,-0.16481161,-0.08631706,-0.113315105
1754736603407,-0.066679955,-0.05090332,-0.13596535
1754736603568,-0.016688824,-0.064049244,-0.12463474
1754736603729,-0.028961658,-0.07803297,-0.13083792
1754736603887,-0.03318405,-0.07688761,-0.13214445
1754736604048,-0.060237408,-0.05519533,-0.13608074
1754736604207,-0.067052364,-0.039702892,-0.12399292
1754736604368,-0.06822252,-0.0655961,-0.119755745
1754736604531,-0.07159948,-0.048356056,-0.08615208
1754736604691,-0.08434391,-0.061048508,-0.10526848
1754736604849,-0.074154854,-0.08342409,-0.12761068
1754736605010,-0.105977535,-0.006474972,-0.102357864
1754736605169,-0.03991556,-0.025529861,-0.13675451
1754736605330,0.017667294,-0.025471687,-0.081400394
1754736605492,-0.042147636,-0.028745174,-0.07234573
1754736605650,-0.0749135,-0.020601273,-0.10812235
1754736605810,-0.09010029,-0.099919796,-0.07669926
1754736605971,-0.050153255,-0.05366087,-0.15870953
1754736606134,-0.016706944,-0.018404484,-0.12144089
1754736606293,0.060917854,0.052438736,-0.18130684
1754736606453,-0.4344473,0.26896763,0.08267403
1754736606618,-0.38568735,1.4683254,-0.81232214
1754736606771,1.6953604,-0.6052809,-0.72122574
1754736606933,0.094283104,-1.014833,0.24566603
1754736607092,-0.7693572,-0.13915205,0.89663744
1754736607253,-0.6619122,0.29517603,0.68165874
1754736607416,-0.6156101,1.0409231,-0.5530906
1754736607573,-0.028465748,0.169209,-0.5459428
1754736607734,0.19681787,-0.559803,-0.32906914
1754736607894,-0.15917253,0.015766144,-0.14678335
1754736608054,0.029290438,-0.11836481,0.06563854
1754736608216,-0.1145277,-0.061304092,0.015829563
1754736608375,-0.10173702,-0.034223557,-0.03645897
1754736608535,-0.04629469,-0.07312679,-0.122962475
1754736608703,-0.052008867,-0.063224316,-0.08149958
1754736608855,-0.06934881,-0.079372406,-0.073394775
1754736609018,-0.021859884,-0.10775423,-0.12243891
1754736609177,-0.09892225,-0.049533844,-0.13760614
1754736609336,-0.06583595,-0.06589651,-0.09574461
1754736609496,-0.095482826,-0.04887867,-0.0356884
1754736609657,-0.09469938,0.01320219,-0.05853176
1754736609818,-0.03331542,-0.039228916,-0.08905554
1754736609976,-0.07543826,-0.03758669,-0.09641695
1754736610140,-0.09215069,-0.05413437,-0.08885288
1754736610299,-0.11814237,-0.033014297,-0.09396458
1754736610457,-0.07553339,-0.005404949,-0.07721233
1754736610620,-0.09051013,0.017652512,-0.09721136
1754736610778,-0.07462239,0.0043358803,-0.08331823
1754736610938,-0.17866874,0.015093327,-0.07137632
1754736611098,-0.11243367,-0.05404806,-0.09752369
1754736611260,-0.10936308,-0.015829563,-0.12913322
1754736611418,-0.13369942,2.3365021E-4,-0.102721214
1754736611578,-0.03765726,0.0069184303,-0.09721756
1754736611742,-0.031982183,-0.02285242,-0.08940697
1754736611899,-0.072318316,-0.032157898,-0.0990181
1754736612059,-0.09392667,-0.002567768,-0.09001541
1754736612221,-0.042491436,0.01200819,-0.054298878
1754736612380,-0.08812332,0.025355816,-0.061343193
1754736612541,-0.090676785,-0.01838541,-0.08269453
1754736612703,-0.033926964,0.024362564,-0.15274525
1754736612860,-0.0774467,0.009649754,-0.09892559
1754736613021,-0.1576786,0.010814667,-0.06848574
1754736613183,-0.06665182,0.051819324,-0.09396696
1754736613342,-0.08551097,-0.023659706,-0.052166462
1754736613501,-0.06481385,0.029251575,-0.14392042
1754736613664,-0.07884669,-0.06573963,-0.07081795
1754736613822,-0.17008328,-0.09715557,-0.06278467
1754736613982,-0.133605,0.009336472,-0.12525606
1754736614145,-0.03062296,0.045330524,-0.111290455
1754736614304,-0.02451849,-0.0018696785,-0.11370134
1754736614463,-0.007376671,-0.019312859,-0.12810516
1754736614624,-0.019283772,-0.021757126,-0.10763693
1754736614783,-0.026393414,0.033192635,-0.07268095
1754736614944,-0.0048980713,0.012034416,-0.13531733
1754736615105,-0.12071371,0.0051350594,-0.060968876
1754736615264,-0.17987537,0.24949932,-0.08064127
1754736615424,0.008149147,0.45936108,-0.13928366
1754736615586,0.8615978,-0.27763224,-0.6778412
1754736615745,0.3586794,-0.6995053,0.32383347
1754736615907,-0.6030159,-0.6223726,1.209836
1754736616067,-1.0350554,0.20230389,0.35128117
1754736616226,-0.6415026,1.9067588,-0.38514042
1754736616386,1.0803943,0.3184204,-0.6512866
1754736616549,0.0015897751,-0.7144227,6.0224533E-4
1754736616706,-0.32321382,-0.33506203,0.25754404
1754736616866,-0.17952454,-0.26713753,0.0528183
1754736617027,0.0078059435,-0.027376175,-0.084430695
1754736617188,0.06630075,-0.07322264,-0.07414293
1754736617347,-0.01902771,-0.018202305,-0.12593412
1754736617508,-0.0182333,-0.0074677467,-0.18222952
1754736617667,-0.05110228,-0.12031841,-0.0497694
1754736617828,-0.060425997,-0.09350395,-0.05858946
1754736617989,-0.01363492,-0.072200775,-0.11634588
1754736618151,0.016213298,-0.10071468,-0.14017725
1754736618310,-0.05594492,-0.12014723,-0.11720896
1754736618471,-0.10314655,-0.14275646,-0.16267824
1754736618629,0.009185314,-0.088508606,-0.062690735
1754736618789,0.04485011,-0.07200718,-0.105116844
1754736618951,-0.07290268,-0.080289364,-0.14958286
1754736619109,-0.03875637,-0.08484125,-0.12854052
1754736619271,-0.02141738,-0.07329607,-0.113064766
1754736619434,-0.024769068,-0.075297356,-0.08859682
1754736619591,-0.037080765,-0.08547449,-0.0690856
1754736619753,-0.02005577,-0.07194853,-0.12688494
1754736619915,-0.027017832,-0.06886816,-0.040317535
1754736620073,0.03445697,-0.050518513,-0.15483952
1754736620232,-0.022004366,-0.14222527,-0.09395838
1754736620394,-0.045355797,-0.11277008,-0.11938
1754736620552,-0.013876677,-0.04412508,-0.091673374
1754736620712,-0.013576031,-0.08266592,-0.08686638
1754736620873,-0.029380798,-0.08463478,-0.08400345
1754736621033,-0.04529953,-0.055295467,-0.067287445
1754736621195,-0.016258478,-0.05548811,-0.11465883
1754736621354,-0.12605691,-0.083888054,-0.13561106
1754736621513,-0.0289433,-0.077905655,-0.08968401
1754736621673,-0.050800085,-0.03834009,-0.097679615
1754736621835,-0.02945137,-0.099927425,-0.09238863
1754736621995,-0.0085327625,-0.11148834,-0.11115408
1754736622162,-0.051814795,-0.12098074,-0.09588671
1754736622318,-0.031664133,-0.090824604,-0.07431269
1754736622474,0.01777792,-0.06083107,-0.12531424
1754736622635,0.026374817,-0.08231974,-0.025967121
1754736622795,-0.029740572,-0.13092995,-0.09551382
1754736622955,-0.016847849,-0.09775543,-0.11956406
1754736623117,-0.04411125,-0.02979517,-0.14514542
1754736623277,-0.04735875,-0.06098652,-0.076300144
1754736623436,-0.043014288,-0.03931141,-0.053085804
1754736623596,-0.059402466,-0.048087597,-0.13763237
1754736623759,-0.02312684,-0.04956436,-0.1145525
1754736623918,0.05107379,-0.053279877,-0.09976053
1754736624077,0.13797784,0.007086754,-0.25070333
1754736624238,0.4038036,0.039375782,-0.30929613
1754736624397,0.32895017,-0.25292492,-0.26056004
1754736624558,-0.3879423,-0.41817617,0.6401129
1754736624718,-0.76341224,-0.2392602,0.7920594
1754736624878,-0.4583416,0.35516548,-0.089662075
1754736625038,0.23002386,0.22261047,-0.64721775
1754736625202,0.39950633,0.12836027,-0.30250025
1754736625360,0.25250244,-0.18866348,-0.18173885
1754736625519,-0.10212588,0.015246868,-0.1431408
1754736625680,-0.10710955,-0.27797508,0.16748428
1754736625840,0.05617094,-0.20264101,-0.1324172
1754736626000,-0.078359604,0.034622192,-0.10223341
1754736626165,-0.07114577,-0.16303825,0.016072273
1754736626322,0.011080384,-0.12068367,-0.10287142
1754736626480,0.102329135,-0.046285152,-0.14353418
1754736626641,0.018762112,-0.060450554,-0.095656395
1754736626801,-0.023898602,-0.049937725,-0.099545956
1754736626962,-0.0625298,-0.08446884,-0.115394115
1754736627122,-0.017402649,-0.10364103,-0.097373486
1754736627283,0.025267363,-0.11556673,-0.16281462
1754736627442,-0.022158146,-0.09676123,-0.118786335
1754736627603,0.10216832,-0.088327885,-0.13998842
1754736627766,0.04766512,-0.0053105354,-0.09739113
1754736627923,-0.010671616,-0.12668133,-0.046064854
1754736628084,-0.022948503,-0.09091091,-0.05232668
1754736628243,-0.012912512,-0.04710293,-0.16026592
1754736628403,0.018832684,-0.13942194,-0.048963547
1754736628566,-0.0074255466,-0.12917328,-0.1587305
1754736628725,0.14558339,-0.24827957,-0.3513956
1754736628884,0.0040791035,-0.24242163,-0.14318037
1754736629047,0.112876415,-0.17788124,-0.26029587
1754736629206,0.21251607,0.029258251,-0.19781303
1754736629366,-0.10923457,-0.15906477,0.3100376
1754736629526,0.06013918,0.20652723,0.13871384
1754736629687,0.1419704,0.058513165,-1.3637543E-4
1754736629845,0.5275581,-0.071597576,0.027952671
1754736630007,-0.029281378,-9.446144E-4,0.052084446
1754736630172,-0.027544737,0.16102743,0.16072273
1754736630328,0.03996706,-0.29611063,-0.33803368
1754736630487,0.09860802,0.04724312,-0.61537266
1754736630646,-0.21341872,-0.28404665,-0.01702404
1754736630807,-0.34906888,-0.22443008,-0.32884407
1754736630968,-0.22436237,-0.16734314,-0.3192091
1754736631127,0.35264874,-0.0540452,0.17891121
1754736631287,0.36646605,0.010344505,0.15536451
1754736631449,0.27196884,-0.03632641,0.06984949
1754736631609,-0.036038637,-0.15062094,-0.11126661
1754736631774,-0.17682743,-0.20803499,-0.24459171
1754736631930,-0.13268447,-0.12435818,-0.20759726
1754736632089,0.11939788,0.011770725,-0.026769638
1754736632249,-0.12791085,-0.0386796,-0.26986456
1754736632410,0.05471611,-0.18353128,-0.4527192
1754736632571,0.12326789,-0.7273631,-0.3753233
1754736632729,-0.54337335,-0.6110244,1.1642065
1754736632893,-0.49012637,0.614171,-0.42712688
1754736633050,0.26750374,0.49451113,-0.7610278
1754736633215,0.6056049,-0.006542206,-0.32522774
1754736633372,0.37276077,0.1518836,-0.07642698
1754736633537,0.53102195,-0.25891542,0.16485548
1754736633691,-0.04789853,-0.22854042,0.25468683
1754736633854,-0.19790137,-0.11666107,0.15243769
1754736634015,-0.073033094,-0.17799568,0.02720356
1754736634175,-0.11105013,-0.14293814,-0.13003922
1754736634336,0.023102283,-0.075315,-0.18752432
1754736634492,0.055140257,-0.109586716,-0.13057375
1754736634653,0.07616401,-0.064941406,-0.11729336
1754736634816,0.07942593,-0.07614279,-0.10732174
1754736634974,0.06548178,-0.0761528,-0.13416529
1754736635133,-0.007618308,-0.13777971,-0.07718754
1754736635294,0.07682073,-0.11709213,-0.083158016
1754736635456,0.07594013,-0.074368,-0.051725864
1754736635617,0.09210098,-0.066277504,-0.09454632
1754736635777,-0.10725975,-0.056486607,0.08350277
1754736635934,-0.055108428,-0.119166374,-0.08742237
1754736636094,0.037814736,-0.071495056,-0.13964176
1754736636256,-0.016804576,-0.03134203,-0.07808828
1754736636417,-0.090412855,-0.051319122,-0.10177994
1754736636576,0.018734455,-0.04478073,-0.05497837
1754736636737,0.121946335,-0.053445816,-0.10240555
1754736636896,0.13264632,-0.06829262,-0.086238384
1754736637056,0.46960616,-0.13853264,-0.13550425
1754736637221,0.45937395,-0.14456081,0.20171356
1754736637383,-0.19460177,-0.44292307,0.50559235
1754736637536,-0.31560874,-0.10872173,-0.04643345
1754736637698,-0.0015697479,0.5363445,-0.5330839
1754736637857,0.10263729,0.3129921,-0.33211327
1754736638017,0.28386712,-0.302526,-0.0654397
1754736638181,-0.1346364,-0.0726943,-0.070786
1754736638340,0.0052018166,-0.14521456,-0.10650492
1754736638498,0.08873558,-0.07357216,-0.111023426
1754736638659,-0.03220606,-0.13673878,-0.05391264
1754736638820,0.093503,-0.024950981,-0.038028717
1754736638981,0.021309376,-0.08570576,-0.040682793
1754736639141,0.008626938,-0.0642252,-0.036686897
1754736639299,-0.016257763,-0.06973934,-0.041461945
1754736639459,0.02645588,-0.08127737,-0.08851385
1754736639621,0.04561901,-0.09165573,-0.13976288
1754736639782,0.044354916,-0.105535984,-0.08709669
1754736639940,0.01315546,-0.06657791,-0.04465103
1754736640102,0.02438879,-0.05439949,-0.04292679
1754736640261,0.04309988,-0.060800552,-0.06120491
1754736640421,0.07747412,-0.080094814,-0.061627388
1754736640583,0.027889252,-0.088387966,-0.100615025
1754736640742,0.040220737,-0.06815243,-0.110639095
1754736640901,-0.003148079,-0.08807945,-0.07768679
1754736641063,0.0073890686,-0.11043692,-0.12370062
1754736641224,4.9829483E-4,-0.066438675,-0.082751274
1754736641383,0.018152714,-0.050293446,-0.04740715
1754736641544,0.00366354,-0.118429184,-0.057402134
1754736641702,0.02726221,-0.09157896,-0.09359312
1754736641863,0.024105549,-0.06153679,-0.109330654
1754736642025,0.01444149,-0.061120033,-0.07990503
1754736642188,0.020705223,-0.054484844,-0.05293703
1754736642350,0.01628542,-0.05640316,-0.06404543
1754736642506,0.029135227,-0.069084644,-0.06056261
1754736642664,0.07024622,-0.080444336,-0.038706303
1754736642824,0.035871506,-0.0907383,-0.065475464
1754736642987,0.017938614,-0.042327404,-0.07921934
1754736643146,0.05088854,-0.050925255,-0.083897114
1754736643305,0.04163122,-0.028605461,-0.05080366
1754736643466,0.043287754,-0.07485294,-0.09777498
1754736643626,-0.03286171,-0.051599026,-0.023133755
1754736643787,0.064032555,-0.11161804,-0.03310728
1754736643947,0.039400578,-0.035572052,-0.14102411
1754736644106,-0.008690834,-0.02763319,-0.08720446
1754736644267,-0.041291237,-0.081706524,-0.08533049
1754736644428,0.04756546,-0.05906105,-0.13248205
1754736644589,0.021352768,-0.067979336,-0.05440235
1754736644747,0.050512314,-0.06890774,-0.06983423
1754736644909,0.028252602,-0.091462135,-0.082496166
1754736645068,0.004310608,-0.10194397,-0.10856533
1754736645230,0.026112556,-0.087497234,-0.08977556
1754736645390,0.01743412,-0.067311764,-0.07195091
1754736645550,0.04707575,-0.03090763,-0.085118294
1754736645710,0.032623768,-0.08096933,-0.07828474
1754736645870,0.019028664,-0.046116352,-0.078557014
1754736646029,0.023078918,-0.078006744,-0.035259724
1754736646193,0.026967049,-0.043596745,-0.038856506
1754736646353,0.04334259,-0.043385506,-0.079494
1754736646510,0.01724863,-0.054560184,-0.058699608
1754736646670,0.067243576,-0.027182102,-0.07802439
1754736646834,0.03867817,-0.0729413,-0.08066702
1754736646994,0.008058071,-0.03639412,-0.07844019
1754736647152,0.053056717,-0.04932928,-0.09501791
1754736647312,0.007978916,-0.081483364,-0.067610264
1754736647473,0.008499622,-0.05944538,-0.055297375
1754736647632,0.036094666,-0.048954487,-0.08145332
1754736647793,0.060617924,-0.037478924,-0.07387781
1754736647952,2.632141E-4,-0.07252121,-0.080189705
1754736648112,-0.008947372,-0.059690952,-0.09392786
1754736648274,0.013348103,-0.059292793,-0.09507322
1754736648432,0.020133972,-0.045945168,-0.049108982
1754736648594,0.021702766,-0.02194357,-0.10215521
1754736648761,0.036830425,-0.069402695,-0.086833954
1754736648914,0.02730608,-0.05713463,-0.09603405
1754736649074,0.04004097,-0.07089949,-0.0703392
1754736649237,-0.02045536,-0.051139355,-0.10632801
1754736649394,0.015908718,-0.09285641,-0.094405174
1754736649555,0.05194235,-0.06858301,-0.07533121
1754736649716,-0.047067642,-0.09192133,-0.072921276
1754736649876,0.07897043,-0.07136202,-0.056397438
1754736650035,0.15462685,-0.06382084,-0.07635164
1754736650198,-0.03541279,-0.09018564,-0.04615736
1754736650358,0.12719536,-0.0072364807,-0.0056037903
1754736650516,0.06701946,-0.031304836,-0.018415451
1754736650677,-0.3232875,0.48229742,0.1426611
1754736650837,-0.022688866,1.1734996,-0.5791507
1754736650998,1.3001977,-0.8742213,-0.123622894
1754736651157,-0.6713344,-0.7809534,0.59475374
1754736651317,-1.1084503,-0.140059,1.0835123
1754736651477,-1.5780828,1.2867622,-0.38635683
1754736651642,-0.089894295,1.959063,-0.6137004
1754736651798,0.3809178,-0.4963665,0.19183922
1754736651958,-0.5055635,-0.470973,-0.0544343
1754736652120,-0.3177576,-0.11102867,0.018876553
1754736652279,-0.2843132,0.15982437,-0.09083891
1754736652438,-0.27773285,0.13138247,-0.10991192
1754736652600,-0.30914736,0.11607075,-0.08842707
1754736652762,-0.19015288,0.0077109337,0.00884676
1754736652920,-0.24073005,0.10065079,-0.2696061
1754736653081,-0.2629993,0.17096472,-0.17386723
1754736653240,-0.34529376,0.029965878,-0.07272816
1754736653400,-0.23626852,0.03479433,-0.023579597
1754736653563,-0.32950592,0.042889595,-0.03684473
1754736653721,-0.23012805,0.06769991,-0.03886652
1754736653880,-0.21270752,0.07995653,-0.0898695
1754736654042,-0.34436178,0.0952487,-0.14153528
1754736654204,-0.32472968,-0.0054097176,-0.11902094
1754736654364,-0.31257248,0.10181522,-0.103867054
1754736654523,-0.21207047,0.093863964,-0.10656214
1754736654682,-0.24702883,0.072630405,-0.04199648
1754736654842,-0.20526075,0.0038170815,-0.049889565
1754736655003,-0.22767854,0.08340311,-0.096940994
1754736655162,-0.20749402,0.10764265,-0.09388113
1754736655323,-0.22487783,0.012499332,-0.07331371
1754736655484,-0.22249627,0.09942341,-0.07776737
1754736655645,-0.18316483,0.06689167,-0.0023155212
1754736655804,-0.15838075,0.16807365,-0.11492443
1754736655965,-0.31829643,-0.10753918,-0.0021510124
1754736656124,-0.2109766,0.015079975,-0.18534517
1754736656284,-0.23858452,-0.013855934,-0.08220148
1754736656446,-0.22826004,0.1154871,-0.116844654
1754736656611,-0.17808962,0.14214754,-0.15118456
1754736656765,-0.19432306,0.19376421,-0.101661205
1754736656926,-0.21860075,0.14808893,-0.06457806
1754736657086,-0.33191967,0.40473747,-0.14632273
1754736657245,-0.23142219,0.50713634,-0.37032127
1754736657408,0.4398036,0.13255596,-0.43800068
1754736657570,0.13250685,-1.0584669,0.0135912895
1754736657726,-0.69301075,-0.60305977,0.5650139
1754736657889,-0.6790103,-0.03832102,0.17332125
1754736658047,-0.9048166,0.23086071,0.15244961
1754736658210,-0.2627232,0.4035349,-0.21556425
1754736658371,0.42082572,-0.044858932,-0.11358976
1754736658528,-0.15303278,0.014974117,-0.088264465
1754736658687,-0.14505196,-0.014957905,-0.05235386
1754736658849,-0.18890095,0.05216837,-0.009724617
1754736659011,-0.14709044,0.041431427,-0.08233833
1754736659169,-0.11527109,0.0658617,-0.11077976
1754736659330,-0.22202635,0.02258873,-0.07915068
1754736659489,-0.21183348,0.034388542,-0.22894382
1754736659652,-0.09542513,-0.06366444,-0.10903454
1754736659810,-0.18493986,-0.008228302,-0.1264329
1754736659970,-0.106729984,0.041017056,-0.13576937
1754736660137,-0.168921,0.05445099,-0.1107049
1754736660291,-0.18443298,0.002518177,-0.018139362
1754736660450,-0.17836523,0.048099995,-0.113677025
1754736660615,-0.13174868,0.077394485,-0.08754921
1754736660772,-0.13193178,0.096832275,-0.12644863
1754736660931,-0.19193792,0.019989967,-0.092802525
1754736661091,-0.05103445,0.122677326,-0.20795012
1754736661253,-0.09739733,0.081447124,-0.09369612
1754736661415,-0.2156558,0.06644392,-0.20812082
1754736661572,-0.20468664,-0.113422394,0.027687073
1754736661733,-0.1616664,0.019714355,-0.1115427
1754736661892,-0.11902475,0.11310673,-0.05731201
1754736662053,-0.08330965,0.047181606,-0.0874815
1754736662219,-0.11974144,0.06472921,-0.074765205
1754736662380,-0.16260481,0.04423189,-0.09366846
1754736662533,-0.166399,0.15699244,-0.18831587
1754736662694,-0.5321021,0.68630457,-0.22993565
1754736662854,-0.54723835,0.96033573,-0.57406664
1754736663017,0.5003803,-0.2893057,-0.26482916
1754736663175,-0.44807637,-0.7433777,0.24898338
1754736663335,-1.5324708,-0.51498556,0.5565634
1754736663495,-1.8073719,-0.16671467,-0.060585022
1754736663659,-1.1578839,0.6968231,-0.47709656
1754736663817,-0.61281085,0.092802525,-0.1420846
1754736663975,-0.5513103,0.14496851,-0.49354553
1754736664137,-0.8236275,0.060851097,-0.26313305
1754736664296,-0.7586465,0.10897875,-0.3842306
1754736664456,-0.7813368,0.046494007,-0.44476318
1754736664621,-0.7199168,0.13339758,-0.4520254
1754736664777,-0.7797644,0.06987572,-0.33749676
1754736664937,-0.7076001,0.08938074,-0.3982072
1754736665098,-0.7289336,0.041055202,-0.340631
1754736665257,-0.72293425,0.07436371,-0.3423953
1754736665418,-0.72814083,0.069524765,-0.371696
1754736665579,-0.6822181,0.054608822,-0.39322424
1754736665738,-0.66378045,0.095710754,-0.36985397
1754736665899,-0.67006755,0.065145016,-0.3160987
1754736666060,-0.63801765,0.081656456,-0.32633638
1754736666225,-0.6412482,0.10760307,-0.34705162
1754736666381,-0.6417692,0.034696102,-0.34410048
1754736666541,-0.62340045,0.0977664,-0.34869337
1754736666699,-0.65116525,0.08525705,-0.35076046
1754736666859,-0.5976007,0.057094574,-0.38165522
1754736667021,-0.6044922,0.083898544,-0.3580866
1754736667180,-0.6072421,0.037107468,-0.32202482
1754736667341,-0.61914325,0.05128622,-0.3239541
1754736667502,-0.5833962,0.06081724,-0.29004765
1754736667663,-0.57815385,0.044795513,-0.38438082
1754736667822,-0.5963433,0.02872467,-0.3458848
1754736667985,-0.55501795,0.05274391,-0.3419242
1754736668143,-0.57713485,0.013745308,-0.306849
1754736668302,-0.554719,0.026128769,-0.29887533
1754736668463,-0.53375196,0.069545746,-0.31674242
1754736668623,-0.54063296,0.04467821,-0.3102622
1754736668782,-0.53566074,0.09853554,-0.32890272
1754736668944,-0.57885695,0.06549072,-0.31428194
1754736669103,-0.52962995,0.052786827,-0.33567905
1754736669263,-0.50227904,0.03841591,-0.3329916
1754736669425,-0.46863317,0.06288242,-0.30423784
1754736669584,-0.48108125,0.063010216,-0.30068493
1754736669744,-0.5792744,0.080572605,-0.25060797
1754736669906,-0.46698332,0.071229935,-0.3343358
1754736670065,-0.49547982,0.043340683,-0.31027842
1754736670227,-0.49573517,0.036151886,-0.26037598
1754736670391,-0.49362612,0.032104015,-0.30077982
1754736670546,-0.44061756,0.07937956,-0.35564137
1754736670706,-0.52419925,0.039752483,-0.3612466
1754736670867,-0.45091915,0.118199825,-0.34916162
1754736671031,-0.4618299,0.047841072,-0.3063841
1754736671189,-0.5626888,0.0016856194,-0.19424915
1754736671348,-0.48487496,0.037204266,-0.23641062
1754736671506,-0.4558549,0.03741932,-0.23848534
1754736671670,-0.36724162,0.0292902,-0.28195715
1754736671829,-0.4268992,-0.027729988,-0.27469158
1754736671994,-0.430552,-0.03567028,-0.3385043
1754736672150,-0.51469755,-0.37453842,-0.29648733
1754736672310,-0.4845991,-0.3234973,-0.6423855
1754736672470,-0.46713734,-0.08666539,-0.56290054
1754736672631,-0.42554665,0.12493241,-0.41422462
1754736672790,-0.4163928,0.022903442,-0.20471
1754736672949,-0.4602127,0.071718454,-0.20665646
1754736673109,-0.47343087,0.051790237,-0.21958447
1754736673271,-0.37164187,0.06517458,-0.27663136
1754736673432,-0.47938395,0.05373144,-0.24731922
1754736673589,-0.40877724,0.1021471,-0.28159904
1754736673751,-0.44972038,0.10026717,-0.25089645
1754736673910,-0.4831934,0.04047823,-0.25849628
1754736674071,-0.40193367,0.08967781,-0.2287426
1754736674233,-0.37118506,0.08593392,-0.26780224
1754736674394,-0.43411756,0.08107352,-0.20611763
1754736674551,-0.3957758,0.05313468,-0.21385193
1754736674713,-0.4504242,0.064674616,-0.21921253
1754736674872,-0.3347969,0.016509533,-0.17790985
1754736675034,-0.39086342,0.03620982,-0.21071434
1754736675193,-0.335649,0.0756011,-0.20009947
1754736675352,-0.34459162,0.07549524,-0.30524254
1754736675513,-0.33289766,0.13410306,-0.27084923
1754736675676,-0.38336897,0.07606506,-0.21223402
1754736675836,-0.41248417,0.057717323,-0.25669003
1754736675993,-0.42167616,0.032235146,-0.24580956
1754736676154,-0.37285376,0.12019086,-0.21539497
1754736676314,-0.35295105,0.08257604,-0.22430944
1754736676474,-0.3656335,0.04786086,-0.25888395
1754736676636,-0.31850386,0.056399107,-0.24396086
1754736676794,-0.35755587,0.037837982,-0.24410582
1754736676954,-0.33863354,0.04914522,-0.24467707
1754736677117,-0.30552292,0.08193421,-0.2694831
1754736677275,-0.35163403,0.15641499,-0.38816357
1754736677435,-0.5312257,-0.10004449,-0.3905115
1754736677596,-0.73774004,0.5419464,-0.61108255
1754736677758,-0.49856186,0.04741764,-0.30412292
1754736677916,0.039298058,0.5005975,-0.6351929
1754736678077,0.31132746,-0.36561537,0.13263512
1754736678241,0.029041767,-0.62855816,0.13433075
1754736678399,-0.4113453,-0.97375965,0.11217499
1754736678558,-0.7253912,0.17135477,0.6072917
1754736678718,-0.6320305,0.39800453,-0.18749571
1754736678877,-0.4022863,0.376472,-0.39784527
1754736679041,0.17518806,0.027985573,-0.17574024
1754736679198,-0.18449712,-0.04079342,-0.18413639
1754736679358,-0.30207562,-0.02724266,-0.10761356
1754736679521,-0.3269329,-0.023983002,-0.180336
1754736679681,-0.25181508,-0.054023743,-0.29717922
1754736679840,-0.35790038,-0.0845294,-0.22355127
1754736680000,-0.30122757,-0.04330778,-0.2815156
1754736680159,-0.25263953,-0.05642557,-0.24855375
1754736680319,-0.27575803,-0.014339924,-0.20568371
1754736680481,-0.25224566,-0.041158676,-0.22310781
1754736680644,-0.27558255,-0.041182995,-0.19264603
1754736680800,-0.2570777,-0.053082943,-0.2223835
1754736680961,-0.24430442,-0.06843519,-0.19756746
1754736681121,-0.25382996,-0.028396606,-0.2302823
1754736681281,-0.28009748,-0.038933754,-0.20252419
1754736681443,-0.2514379,-0.037315845,-0.2236867
1754736681609,-0.27362132,-0.02407217,-0.25584555
1754736681761,-0.32333112,-0.11223841,-0.14257288
1754736681923,-0.22394514,-0.029962063,-0.23513794
1754736682082,-0.20848274,-0.07399988,-0.17613697
1754736682246,-0.19064784,-0.05466509,-0.29239416
1754736682406,-0.25817132,-0.072256565,-0.2242074
1754736682563,-0.24803162,-0.034504414,-0.2373805
1754736682723,-0.26017046,-0.063295364,-0.18471956
1754736682884,-0.18677425,0.0026779175,-0.24828148
1754736683044,-0.27436495,-0.011128902,-0.22862864
1754736683204,-0.2624464,-0.045086384,-0.17841053
1754736683366,-0.28754473,-0.027863026,-0.16697598
1754736683524,-0.21000719,-0.01137495,-0.23918152
1754736683686,-0.24663639,-0.065404415,-0.16743803
1754736683848,-0.20950222,-0.018069267,-0.24003506
1754736684006,-0.24465656,0.04689932,-0.16773129
1754736684166,-0.19577408,0.033679485,-0.22744656
1754736684335,-0.20375061,-0.04138851,-0.18027115
1754736684487,-0.194067,-0.0807662,-0.19647455
1754736684647,-0.21638823,-0.06334257,-0.19080782
1754736684807,-0.1755786,-0.056623936,-0.2945361
1754736684966,-0.2023406,0.012863636,-0.21163416
1754736685128,-0.21967888,0.0084347725,-0.17151976
1754736685289,-0.24638605,0.032104492,-0.17922974
1754736685451,-0.24876356,-0.010048866,-0.18947029
1754736685607,-0.20427561,-0.05590248,-0.20527029
1754736685769,-0.1823268,-0.05922079,-0.21516848
1754736685928,-0.20738411,-0.029921055,-0.18876266
1754736686088,-0.21117115,-0.03837967,-0.2236557
1754736686253,-0.21279955,-0.025323391,-0.15912437
1754736686411,-0.14802837,-0.012947559,-0.2222209
1754736686569,-0.20293045,0.018238068,-0.19991589
1754736686730,-0.21878147,0.017086506,-0.25648165
1754736686889,-0.17084932,0.0059428215,-0.19522572
1754736687051,-0.22708845,0.023566723,-0.09952116
1754736687210,-0.1515255,-0.07741308,-0.23194075
1754736687372,-0.14608765,-0.0012512207,-0.23432732
1754736687531,-0.18964529,0.01146698,-0.20755339
1754736687694,-0.23727894,-0.022673607,-0.13202763
1754736687853,-0.13812447,-0.051689148,-0.21086788
1754736688014,-0.20832586,-0.10267115,-0.18193102
1754736688172,-0.20176077,-0.027236462,-0.21407557
1754736688331,-0.19626284,-0.05445671,-0.19631624
1754736688492,-0.17362165,-0.055390358,-0.18141127
1754736688654,-0.14727402,-0.019339561,-0.19391346
1754736688815,-0.18621922,-2.7656555E-5,-0.19414091
1754736688972,-0.14132452,-0.0313282,-0.23133755
1754736689134,-0.16277695,-0.025614738,-0.17246056
1754736689293,-0.15139389,-0.022469997,-0.22493267
1754736689455,-0.15728474,-0.03798914,-0.15491772
1754736689616,-0.098556995,-0.02198267,-0.2174263
1754736689773,-0.13208246,-0.04901409,-0.16413784
1754736689934,-0.16055155,0.12866783,-0.4018917
1754736690095,-0.47591734,0.18089294,-0.1607151
1754736690258,-0.52544975,0.38865328,-0.36217308
1754736690421,-0.25993633,0.38409042,-0.7572284
1754736690575,0.51015353,-0.29533195,-0.5675974
1754736690735,0.31888276,-0.25337315,-0.05851984
1754736690896,-0.16323787,-0.51750326,0.14381218
1754736691057,-0.985275,-0.19306564,0.4677906
1754736691220,-0.49261147,-0.24862385,0.023346424
1754736691376,-0.15721986,-0.10279274,-0.11959839
1754736691537,-0.050587535,-0.0362401,-0.2291894
1754736691699,-0.18578476,-0.10606098,-0.21428347
1754736691856,-0.11268669,-0.123876095,-0.2001195
1754736692019,-0.18623006,-0.13680029,-0.18462467
1754736692177,-0.12909448,-0.124604225,-0.14438581
1754736692337,-0.14778298,-0.12592793,-0.16428804
1754736692499,-0.15949154,-0.12497854,-0.085820675
1754736692658,-0.19034475,-0.09051466,-0.15520287
1754736692819,-0.10631651,-0.09984684,-0.22871256
1754736692980,-0.12899369,-0.12648249,-0.1413002
1754736693138,-0.18236697,-0.08462143,-0.13655758
1754736693299,-0.19391388,-0.10683632,-0.09008169
1754736693460,-0.17013377,-0.13372803,-0.17236233
1754736693624,-0.1529361,-0.13596725,-0.1124115
1754736693779,-0.16168696,-0.12787104,-0.1432519
1754736693941,-0.15987521,-0.07814312,-0.152174
1754736694104,-0.16251475,-0.08222437,-0.081214905
1754736694262,-0.14285243,-0.105790615,-0.118006706
1754736694424,-0.1600529,-0.11091757,-0.11283159
1754736694580,-0.1655122,-0.07843065,-0.18993568
1754736694741,-0.13822103,-0.10388899,-0.16354132
1754736694903,-0.10412705,-0.09139919,-0.12543201
1754736695068,-0.09632611,-0.11167908,-0.18524027
1754736695222,-0.16757965,-0.10752916,-0.10859728
1754736695383,-0.13183975,-0.081074715,-0.14664698
1754736695542,-0.15596282,-0.16507435,-0.10976887
1754736695705,-0.16050375,-0.03880167,-0.116084576
1754736695863,-0.15869749,-0.082500935,-0.14916086
1754736696023,-0.12505448,-0.033484936,-0.14238214
1754736696183,-0.15825617,-0.117376804,-0.10878563
1754736696344,-0.1631279,-0.07869005,-0.073628426
1754736696505,-0.068127155,-0.11236,-0.21961498
1754736696664,-0.13132632,-0.028531551,-0.26878643
1754736696825,-0.17411232,-0.09302616,-0.026108265
1754736696985,-0.12683272,-0.120337486,-0.06884575
1754736697144,-0.08689892,-0.09168053,-0.2048955
1754736697311,-0.17498231,-0.15021086,-0.037968636
1754736697465,-0.083806396,-0.114527225,-0.2866373
1754736697625,-0.13462257,-0.057953358,-0.006866455
1754736697786,-0.0828861,-0.072668076,-0.21883154
1754736697946,-0.081771135,-0.1111846,-0.14196253
1754736698106,-0.098698854,-0.06195593,-0.11406231
1754736698270,-0.11740577,-0.084533215,-0.17067432
1754736698428,-0.04160416,-0.037682056,-0.24508667
1754736698587,-0.23177099,-0.21268606,-0.061371326
1754736698752,-0.19354725,-0.12168455,-0.052903175
1754736698908,-0.10705483,-0.058624744,-0.1689992
1754736699067,-0.024958968,-0.033561707,-0.13411617
1754736699229,-0.10443783,-0.082249165,-0.11852217
1754736699387,-0.06976628,-0.08984995,-0.18211603
1754736699548,-0.04694271,-0.08999777,-0.16291618
1754736699711,-0.13998389,-0.09568548,-0.1513753
1754736699868,-0.12360144,-0.0887146,-0.15620899
1754736700029,-0.15871203,-0.045563698,-0.13202238
1754736700190,-0.034219623,-0.06636524,-0.14395237
1754736700350,-0.16509986,-0.06128502,-0.092838764
1754736700510,-0.1428436,-0.067593575,-0.081626415
1754736700671,-0.08822632,-0.14392233,-0.11445904
1754736700830,-0.09202826,-0.06732273,-0.13300323
1754736700990,-0.11051142,-0.031391144,-0.15139437
1754736701151,-0.08419073,-0.059445858,-0.12151432
1754736701311,-0.004187703,-0.071605206,-0.20460081
1754736701471,0.24691164,-0.16030121,-0.22431469
1754736701632,0.27628827,-0.51808596,0.26491356
1754736701792,-0.760875,-0.21411991,0.59747696
1754736701951,-0.9353721,1.427208,-0.85480785
1754736702113,0.68688345,0.013105869,-0.6490445
1754736702279,0.40394187,-0.30925703,0.023229599
1754736702434,0.001645565,-0.34926987,0.08989525
1754736702596,-0.13209152,-0.16219234,-0.15889502
1754736702754,-0.04505968,-0.120377064,0.014264107
1754736702913,-0.058401346,-0.14884424,-0.0997529
1754736703074,-0.0072472095,-0.061495304,-0.19359684
1754736703234,-0.021658182,-0.11403227,-0.10578823
1754736703394,-0.029684305,-0.0682044,-0.20597124
1754736703555,-0.015665293,-0.05307293,-0.15150928
1754736703718,-0.11735582,-0.13093042,-0.14538002
1754736703874,0.041709185,-0.14905643,-0.15574503
1754736704035,-0.02298379,-0.13093805,-0.0060448647
1754736704194,-0.07960677,0.02008152,-0.2756977
1754736704355,-0.24695206,-0.14550638,-0.161273
1754736704517,0.017981052,-0.007250786,-0.18383646
1754736704682,-0.20799851,-0.27016497,-0.05841875
1754736704836,0.036923647,-0.063539505,-0.049491405
1754736704997,-0.08736801,-0.007974148,-0.19721794
1754736705156,0.006063223,-0.012619495,-0.14143229
1754736705317,0.019780159,-0.061439514,-0.21039534
1754736705478,-0.041949034,-0.09383249,-0.15968323
1754736705638,-0.04387641,-0.10874367,-0.1616664
1754736705798,-0.17051697,-0.114393234,-0.075069904
1754736705959,0.045215607,-0.036552906,-0.21206236
1754736706120,0.22771454,-0.28211308,0.018025398
1754736706282,-0.19894981,-2.2415395,2.4202213
1754736706441,0.39702368,-0.7968793,-0.11837745
1754736706598,1.9315257,1.39721,-1.1785462
1754736706758,1.5326977,1.0937331,-0.38262653
1754736706921,0.3756132,0.906357,-0.15644383
1754736707079,0.9734459,1.3170086,0.19079232
1754736707239,1.8502617,3.4096334,0.49480152
1754736707401,0.39084435,1.6176691,-1.1064963
1754736707559,-1.7838743,-2.141096,-0.15488386
1754736707720,-1.7515427,-0.7432289,0.85747576
1754736707889,-0.9251578,-0.10936737,-0.289361
1754736708040,-0.8104162,0.005759716,-0.25776005
1754736708201,-0.5867677,0.12659454,-0.114852905
1754736708368,-0.6621697,0.035083294,-0.3416705
1754736708526,-0.6735163,0.07130051,-0.26844501
1754736708681,-0.68273926,0.12873602,-0.24661684
1754736708843,-0.7320206,0.26514482,-0.29308987
1754736709002,-0.63319254,0.14064169,-0.4542451
1754736709162,-0.1880014,0.22351122,-0.5837879
1754736709325,-0.37273347,-0.42344284,-0.19249344
1754736709482,-1.0603626,0.07484579,1.0044031
1754736709642,-1.227927,0.05485964,0.29083204
1754736709804,-1.3816991,1.0415745,-0.6486335
1754736709963,-0.5554068,0.85985565,-0.5960393
1754736710125,0.116051674,-0.28438187,-0.32271767
1754736710293,-0.47635698,-0.1818819,-0.13723993
1754736710452,-0.5850121,-0.21833372,0.058485985
1754736710604,-0.67832494,-0.1814189,-0.19182634
1754736710765,-0.6122576,-0.07663441,-0.26527357
1754736710926,-0.6428628,-0.040095806,-0.35310793
1754736711085,-0.60789585,-0.03297901,-0.31813955
1754736711246,-0.51622415,0.0069093704,-0.1704011
1754736711408,-0.51023555,0.025679111,-0.20746279
1754736711566,-0.48874903,0.031648636,-0.21749735
1754736711727,-0.52937317,-0.034549236,-0.19625902
1754736711887,-0.5892329,-0.009132862,-0.23607779
1754736712047,-0.50939775,-0.01513195,-0.18706751
1754736712207,-0.57058,0.0053157806,-0.34048176
1754736712366,-0.58584833,-0.03363371,-0.23650551
1754736712528,-0.50681424,-0.036396503,-0.31679153
1754736712688,-0.57798386,-0.047801495,-0.27736855
1754736712847,-0.48363423,0.023331165,-0.23552656
1754736713008,-0.5240302,0.03478384,-0.17265129
1754736713169,-0.52670574,0.035223007,-0.20293427
1754736713330,-0.4820869,0.019946575,-0.23520947
1754736713488,-0.5038507,0.007167816,-0.20258379
1754736713649,-0.46940064,0.04404068,-0.20735598
1754736713809,-0.48507333,0.03411579,-0.21466064
1754736713969,-0.4813838,-0.044436455,-0.21826649
1754736714130,-0.49137402,0.0068244934,-0.24544048
1754736714300,-0.41323805,0.007411957,-0.15897417
1754736714452,-0.43461943,0.0915041,-0.22776365
1754736714614,-0.4347613,-0.059901237,-0.22151089
1754736714770,-0.62199426,-0.06778145,-0.07654953
1754736714932,-0.36400366,0.0968256,-0.36528206
1754736715091,-0.48324728,0.027436733,-0.1960001
1754736715252,-0.5868373,-0.07406235,0.0145254135
1754736715415,-0.43489957,-0.018137932,-0.2918849
1754736715573,-0.51834035,-0.020477772,-0.21375704
1754736715733,-0.44679022,0.0507226,-0.2803135
1754736715892,-0.43534017,0.053307533,-0.21001291
1754736716054,-0.44172406,0.02132368,-0.17383432
1754736716214,-0.45604587,0.0022702217,-0.111451626
1754736716373,-0.4669795,0.030901432,-0.123343945
1754736716534,-0.43384862,0.13462877,-0.20797539
1754736716693,-0.43739653,0.093604565,-0.1890955
1754736716855,-0.47395396,0.109838486,-0.15114403
1754736717018,-0.36029315,0.18735647,-0.1900773
1754736717174,-0.33492112,0.18711519,-0.18462038
1754736717334,0.08882952,-0.044383526,-0.33256912
1754736717495,-0.08495271,0.31450653,-0.049875736
1754736717655,-0.22032917,-0.47253656,-0.018744469
1754736717817,-1.0603839,-0.41050482,0.5484848
1754736717976,-0.7602514,-0.24636841,0.09771633
1754736718135,-0.6112988,0.2130599,-0.25582457
1754736718298,-0.13554144,0.4202881,-0.7212205
1754736718460,-0.4093399,-0.10027838,-0.06465578
1754736718616,-0.37619257,0.06948948,-0.20312834
1754736718776,-0.46132565,-0.016506672,-0.13270187
1754736718937,-0.35213065,0.07396555,-0.18129921
1754736719097,-0.4024191,0.026253223,-0.12040472
1754736719257,-0.2873659,0.048618793,-0.16615772
1754736719421,-0.3660345,-0.063536644,-0.1717515
1754736719584,-0.44988775,0.02779913,-0.21257257
1754736719738,-0.33534098,0.056403637,-0.18136501
1754736719900,-0.34794688,0.039305687,-0.18693781
1754736720059,-0.4071586,0.016302586,-0.17156506
1754736720218,-0.38909912,0.04694271,-0.18117762
1754736720380,-0.3226123,0.031757355,-0.21519661
1754736720540,-0.36248136,0.05260849,-0.16364765
1754736720699,-0.3339255,0.03105259,-0.2229991
1754736720860,-0.34279752,0.040364742,-0.19468737
1754736721019,-0.36842084,0.0041127205,-0.16646862
1754736721180,-0.3548572,-0.02974701,-0.18933678
1754736721342,-0.36962557,0.013096809,-0.15424919
1754736721500,-0.35505176,0.020003796,-0.19830513
1754736721660,-0.27316642,0.09246349,-0.20743656
1754736721822,-0.3984635,-0.009257317,-0.19174957
1754736721981,-0.39854765,0.016453266,-0.12261009
1754736722147,-0.30570483,0.0065464973,-0.16348934
1754736722304,-0.26877975,0.046322823,-0.12564039
1754736722464,-0.26922703,0.07749176,-0.12432051
1754736722622,-0.4192288,0.0792799,-0.13212013
1754736722783,-0.30827355,0.055315495,-0.24236298
1754736722942,-0.113554716,0.03447056,-0.2604494
1754736723105,-0.40462708,0.05302334,-0.20488119
1754736723264,-0.24634027,0.030080795,-0.07502985
1754736723424,-0.36443353,-0.024003506,-0.169415
1754736723583,-0.27026653,-0.04729414,-0.17467165
1754736723747,-0.23572803,0.06853104,-0.1945839
1754736723904,-0.18888307,0.010411739,-0.22728443
1754736724064,-0.2772646,0.04879093,-0.14733458
1754736724225,-0.41371846,-0.0630455,-0.114043236
1754736724386,-0.31465125,0.06820631,-0.17225838
1754736724546,-0.39740396,0.007115841,-0.11158466
1754736724706,-0.1588149,0.07411051,-0.18826532
1754736724866,-0.1918664,0.10087776,-0.24887085
1754736725025,-0.2928934,0.05537796,-0.13198519
1754736725186,-0.32803178,0.0063257217,-0.15596867
1754736725347,-0.27405524,-0.019502163,-0.1334176
1754736725506,-0.25449324,0.017258644,-0.23680878
1754736725667,-0.28909993,-0.022689342,-0.23620224
1754736725826,-0.29941058,0.03673649,-0.16444302
1754736725986,-0.27506542,0.04903698,-0.20313072
1754736726150,-0.3379047,0.065069675,-0.14226246
1754736726311,-0.2716465,0.032225132,-0.17257166
1754736726471,-0.27900863,0.050447464,-0.15193129
1754736726629,-0.23223758,0.028119564,-0.17615795
1754736726788,-0.23967147,0.017830849,-0.16545105
1754736726949,-0.31037116,-0.010476112,-0.18438911
1754736727110,-0.344568,-0.011834621,-0.21276236
1754736727270,-0.23555732,-0.015781403,-0.18782902
1754736727430,-0.3659737,-0.10203409,-0.32532024
1754736727590,-0.4753511,0.032474518,-0.3986392
1754736727750,-0.35649085,-0.31884193,-0.14050579
1754736727910,-0.13592696,-0.027878761,-0.29834127
1754736728072,-0.025825977,-0.105969906,-0.35983658
1754736728230,-0.17910767,0.023297787,-0.09983349
1754736728390,-0.25778222,0.032631397,-0.07396507
1754736728553,-0.71661973,0.42783833,0.31263685
1754736728711,-0.37577486,-0.19631624,0.12312031
1754736728871,-0.03502345,-0.073161125,-0.550941
1754736729033,-0.30495596,0.002453804,-0.41772652
1754736729191,-0.4459374,-0.06473112,-0.07327223
1754736729355,-0.28891802,0.04706621,-0.17907
1754736729514,-0.24775624,0.0025320053,-0.21875048
1754736729672,-0.7956016,0.19932461,-0.32374716
1754736729839,-0.799551,0.888443,-0.38005924
1754736729994,1.3775673,-0.10684109,-0.3197322
1754736730153,0.5259193,-0.974741,-0.14097738
1754736730316,-0.39781398,-0.6819248,0.36415005
1754736730477,-0.7577106,-0.113723755,0.44770432
1754736730634,-0.6304784,0.33321,-0.038742065
1754736730794,-0.22612906,0.33318853,-0.07319212
1754736730956,-0.3389337,-0.015970707,-0.29001808
1754736731114,-0.24229026,-0.05986595,-0.18376255
1754736731274,-0.31297135,-0.0162673,-0.21047163
1754736731437,-0.1951313,-0.051089287,-0.106665134
1754736731595,-0.19143033,-0.047706604,-0.15241575
1754736731756,-0.21234798,-0.12422705,-0.10040569
1754736731917,-0.26253247,-0.09750891,-0.097429276
1754736732076,-0.24989486,-0.13206434,-0.2577443
1754736732238,-0.2468276,-0.13500595,-0.25635767
1754736732397,-0.19218636,0.032634735,-0.18619633
1754736732557,-0.2880149,0.03420353,-0.122243404
1754736732716,-0.3233099,-0.19301558,-0.07048941
1754736732878,-0.15559196,-0.10634565,-0.26045418
1754736733037,-0.2245524,-0.023486614,-0.18799162
1754736733198,-0.33809638,-0.060363293,-0.10717964
1754736733368,-0.3103125,-0.023314953,-0.10313702
1754736733517,-0.23220897,-0.066438675,-0.22104168
1754736733678,-0.2806344,-0.060272694,-0.16006184
1754736733839,-0.17392206,-0.08935928,-0.14437103
1754736733999,-0.23239422,-0.038260937,-0.09731436
1754736734161,-0.20475483,-0.045598507,-0.16008139
1754736734322,-0.18457174,-0.09243536,-0.18229103
1754736734483,-0.14056277,0.029556751,-0.22039413
1754736734639,-0.23795772,-0.069099426,-0.19471836
1754736734802,-0.20048451,-0.06640005,-0.1279645
1754736734961,-0.20586753,-0.059963703,-0.14417648
1754736735120,-0.25871634,-0.04599142,-0.11510086
1754736735282,-0.23740244,-0.06060314,-0.2170682
1754736735442,-0.27296877,-0.022559166,-0.10895014
1754736735601,-0.17667222,-0.07073164,-0.24671793
1754736735762,-0.22492051,-0.089328766,-0.099491596
1754736735922,-0.25069642,-0.07887077,-0.14817142
1754736736082,-0.21633577,6.313324E-4,-0.22666407
1754736736243,-0.20346475,-0.02284193,-0.13317156
1754736736403,-0.29983664,-0.05447769,-0.11828756
1754736736564,-0.18890762,-0.017412663,-0.15722227
1754736736723,-0.17106438,-0.055759907,-0.107337475
1754736736883,-0.21649027,-0.09899664,-0.13449717
1754736737043,-0.2746477,-0.044667244,-0.14247274
1754736737204,-0.27859354,-0.06799841,-0.18944263
1754736737369,-0.29536867,-0.053349018,-0.1456008
1754736737523,-0.1651318,-0.029863358,-0.18026495
1754736737686,-0.13170075,-0.04979992,-0.09913635
1754736737844,-0.15592432,-0.02667141,-0.104355335
1754736738004,-0.18690014,-0.015084267,-0.12909794
1754736738168,-0.25712323,-0.031740665,-0.2099638
1754736738332,-0.21306682,-0.06676245,-0.11532879
1754736738487,-0.11703277,-0.056730747,-0.18024778
1754736738647,-0.20563126,-0.07778168,-0.119986534
1754736738805,-0.18767262,-0.04728079,-0.1719284
1754736738966,-0.19522572,-0.09003925,-0.14134979
1754736739127,-0.18559551,-0.06084776,-0.14946032
1754736739286,-0.14666939,-0.055249214,-0.13984108
1754736739448,-0.19603729,-0.06833172,-0.1269188
1754736739609,-0.191957,-0.036243916,-0.14895678
1754736739768,-0.21938539,-0.032840252,-0.060513973
1754736739927,-0.16511369,-0.018128872,-0.2364273
1754736740088,-0.21372128,-0.01640606,-0.08853006
1754736740248,-0.16422725,-0.036386967,-0.12982273
1754736740409,-0.11477733,0.0068244934,-0.090494156
1754736740571,-0.13742661,-0.08641672,-0.12650728
1754736740728,-0.2739048,-0.06882,-0.1123662
1754736740889,-0.22227073,-0.06954384,-0.22346783
1754736741051,-0.17020082,-0.0811162,-0.2215476
1754736741209,-0.14397216,-0.0514431,-0.12288618
1754736741370,-0.16397691,-0.070858955,-0.1292181
1754736741531,-0.16226292,-0.09666109,-0.119128704
1754736741690,-0.24387693,-0.08200884,-0.1591649
1754736741850,-0.1822741,-0.098381996,-0.14827919
1754736742015,-0.10936332,-0.035550117,-0.19327164
1754736742179,-0.108866215,-0.024408817,-0.15046215
1754736742334,-0.20817709,-0.008425236,-0.11612272
1754736742494,-0.1695199,-0.03224182,-0.10579395
1754736742653,-0.16017699,-0.03342247,-0.14367867
1754736742814,-0.088217735,-0.04538107,-0.15367699
1754736742973,-0.15869403,-0.04668665,-0.12598515
1754736743132,-0.12913203,-0.053795815,-0.093268394
1754736743292,-0.17824769,-0.02418518,-0.14778852
1754736743457,-0.16419983,-0.060489655,-0.15731478
1754736743615,-0.16376972,-0.029633999,-0.14313364
1754736743773,-0.1754682,-0.08162546,-0.12863922
1754736743935,-0.11100745,-0.020422935,-0.15708494
1754736744094,-0.11979914,-0.04736328,-0.12515354
1754736744254,-0.16370916,-0.044198513,-0.12040758
1754736744418,-0.08747244,-0.05830717,-0.12368441
1754736744575,-0.15779471,-0.015395641,-0.10112238
1754736744734,-0.5372,-0.21956635,0.0981822
1754736744895,-0.73353004,-0.20198536,0.11073923
1754736745058,0.33371234,0.99048376,-0.74987507
1754736745217,0.6207588,-0.13447618,-0.58963394
1754736745378,0.55765826,-0.83690643,-0.3299203
1754736745535,-0.31167972,-0.88169146,0.8896756
1754736745696,-0.7083459,0.526566,0.2760563
1754736745857,-0.12071395,0.7157779,-0.46834707
1754736746017,-0.22509527,-0.20538425,-0.031368256
1754736746178,-0.03131032,0.04633236,-0.14646292
1754736746339,0.0135912895,-0.013549328,-0.15015745
1754736746499,-0.05023241,-0.1118989,-0.07929611
1754736746657,-0.023635626,-0.074327946,-0.107385635
1754736746822,-0.01573062,-0.13811874,-0.19402552
1754736746978,-0.065445185,-0.12824917,-0.09705973
1754736747138,-0.03818679,-0.034988403,-0.12976027
1754736747299,-0.010056257,-0.06722021,-0.20277166
1754736747460,-0.032278538,-0.1385665,-0.07112217
1754736747618,-0.092838526,-0.13247871,-0.08588505
1754736747780,0.02519989,-0.028960228,-0.13513517
1754736747940,-0.03173089,-0.09836817,-0.1069417
1754736748099,-0.08046889,-0.07046795,-0.11804199
1754736748260,-0.04798317,-0.039238453,-0.18843126
1754736748421,-0.0374043,-0.0885849,-0.09898186
1754736748581,-0.07483411,-0.16966438,-0.053257465
1754736748743,-0.0072505474,-0.1421442,-0.16246176
1754736748900,-0.011108637,-0.092101574,-0.15605164
1754736749060,0.009803772,-0.09946394,-0.13107157
1754736749222,-0.02025628,-0.062093258,-0.10742569
1754736749382,-0.045954943,-0.09277964,-0.14114141
1754736749542,-0.032991648,-0.099292755,-0.09742117
1754736749703,0.026579142,-0.10059357,-0.15561676
1754736749862,-0.06987548,-0.039384842,-0.06513071
1754736750022,-0.040709257,-0.06792688,-0.106010914
1754736750183,-0.05336666,-0.09618139,-0.15730715
1754736750346,-0.004037142,-0.09587383,-0.1142807
1754736750505,-1.0919571E-4,-0.13275385,-0.06722975
1754736750664,-0.09535551,-0.093735695,-0.15029669
1754736750823,-0.08533311,-0.1777091,0.041520596
1754736750985,-0.15422559,-0.15561533,-0.16431618
1754736751144,0.08078289,-0.15744019,-0.22537947
1754736751304,-0.029829502,-0.0600214,-0.12279081
1754736751466,0.07699871,-0.048345566,-0.16830873
1754736751625,-0.20152497,-0.09762764,-0.10092831
1754736751786,0.07093167,-0.1252904,-0.04404974
1754736751945,-0.0609591,-0.29898214,-0.084558964
1754736752111,0.03297901,0.042976856,-0.23638296
1754736752266,-0.07907796,-0.047375202,-0.110078335
1754736752426,-0.04033494,-0.08163977,-0.1813159
1754736752593,-0.031523466,-0.06262684,-0.013825893
1754736752746,-0.03956008,-0.0494895,-0.0692687
1754736752906,-0.032397985,-0.06468916,-0.075781345
1754736753068,0.011971474,-0.09236288,-0.13216591
1754736753226,-0.048081875,-0.044418335,-0.11566782
1754736753389,-0.026232958,-0.10381508,-0.18444633
1754736753549,0.002678156,-0.12032366,-0.14894772
1754736753707,0.02330637,-0.114159584,-0.12014246
1754736753868,-0.023715734,-0.05804777,-0.07507706
1754736754029,-0.014250517,-0.07794237,-0.063958645
1754736754190,0.018780947,-0.07380915,-0.13273716
1754736754351,0.02272749,-0.07063055,-0.15941715
1754736754513,0.021826506,-0.060359478,-0.13304758
1754736754676,-0.026693344,-0.087741375,-0.1135788
1754736754829,-0.029574633,-0.06180668,-0.12624311
1754736754991,3.068447E-4,-0.03241062,-0.12766552
1754736755150,-0.0036337376,-0.106552124,-0.112885
1754736755310,9.047985E-4,-0.1213336,-0.030832767
1754736755475,-0.024725437,-0.064920425,-0.06623936
1754736755630,0.099671364,0.094492435,-0.17128277
1754736755792,-0.18785691,-0.13008738,-0.10715103
1754736755952,0.074947834,-0.17983294,-0.2236929
1754736756111,0.07399106,-0.29678488,-0.09161615
1754736756272,-0.030702114,-0.07150364,-0.054176807
1754736756433,-0.1516993,-0.06482983,-0.030169487
1754736756592,0.067715645,-0.09321785,-0.27347612
1754736756753,0.40382004,-0.40702105,-0.16920328
1754736756913,0.093366385,0.108002186,-0.0818162
1754736757073,0.04069805,0.33341742,-0.022351265
1754736757233,0.41214967,0.23361874,0.4922757
1754736757395,0.008082628,-0.87270117,0.07394743
1754736757553,-0.8519633,-0.18626642,-0.48859453
1754736757714,-0.04555607,1.8114924,-0.1806798
1754736757875,0.71299016,-0.20928812,-0.36946964
1754736758034,-0.33642045,-1.3153906,-0.16411209
1754736758195,-0.6712446,0.18845606,0.7796016
1754736758359,-0.9248022,0.113704205,0.7320833
1754736758517,-0.38990778,0.26292706,0.25580359
1754736758682,-0.37015367,0.22899199,-0.26102734
1754736758836,-0.347861,0.046148777,0.15213776
1754736758995,-0.45276567,0.039418697,0.16342783
1754736759156,-0.24532986,0.09969187,-0.10890627
1754736759316,-0.22682428,0.10571098,0.12998533
1754736759477,-0.29371357,0.147017,-0.018283367
1754736759636,-0.31041485,0.1877017,0.108721256
1754736759800,-0.3574316,0.13829422,0.124079704
1754736759956,-0.25576216,0.1783905,0.08883953
1754736760117,-0.30629462,0.1345067,0.102324486
1754736760278,-0.3150903,0.14124584,0.1514883
1754736760438,-0.26593572,0.12393808,0.031049728
1754736760599,-0.3000316,0.09794617,0.13361025
1754736760759,-0.2365998,0.08775711,0.009409428
1754736760918,-0.27863336,0.10410738,0.026675224
1754736761078,-0.2819789,0.14024353,0.13818026
1754736761239,-0.24230975,0.119234085,0.087129116
1754736761400,-0.24942899,0.0751667,0.04368925
1754736761559,-0.24449539,0.11310339,0.072012424
1754736761721,-0.27822137,0.17016983,0.110669136
1754736761879,-0.17982185,0.14916563,0.04759884
1754736762040,-0.25751328,0.103690624,0.07375479
1754736762206,-0.23136222,0.14656067,0.067091465
1754736762363,-0.21248281,0.13839817,0.043803215
1754736762522,-0.25426185,0.120826244,0.019177437
1754736762681,-0.25894392,0.08300352,0.041508675
1754736762841,-0.21104169,0.12621832,0.07287598
1754736763002,-0.21149385,0.1503005,0.023305416
1754736763162,-0.2520579,0.124047756,0.09824705
1754736763321,-0.24105823,0.10225153,0.059601307
1754736763482,-0.23645675,0.09977579,0.09486246
1754736763644,-0.26296103,0.15709639,0.05826044
1754736763811,-0.1902802,0.24777174,0.0592041
1754736763963,-0.25796425,0.046365738,0.22667265
1754736764125,-0.17302358,0.013863087,-0.036589146
1754736764283,-0.1529237,0.0399189,0.05208206
1754736764443,-0.21506011,0.12367773,0.045261383
1754736764605,-0.2166102,0.1359601,0.09520292
1754736764764,-0.17046022,0.14505243,0.0032606125
1754736764924,-0.33865714,-0.009997845,0.22472572
1754736765086,-0.1620245,0.009523392,0.051025867
1754736765245,-0.25288284,0.14711952,0.08387709
1754736765406,-0.15870059,0.16999817,0.04367447
1754736765566,-0.1819588,0.10078621,0.04444933
1754736765725,-0.17114115,0.09884548,-0.013846874
1754736765885,-0.29558313,0.0926857,0.083854675
1754736766046,-0.16304016,0.1141305,0.1642294
1754736766210,-0.11567438,0.09253216,-0.07275438
1754736766369,-0.2044158,0.10414171,0.024710655
1754736766530,-0.14322352,0.07666874,0.046447754
1754736766686,-0.18482721,0.10014677,-0.0064702034
1754736766847,-0.17098486,0.09416151,0.053185463
1754736767008,-0.10316777,0.09755993,0.060043335
1754736767168,-0.24187815,0.13284445,0.085781574
1754736767329,-0.15412986,0.08310175,0.03944254
1754736767489,-0.26673627,0.12044191,0.05652809
1754736767649,-0.09128499,0.09669781,0.051126957
1754736767815,-0.19805515,0.13284826,0.025846958
1754736767974,-0.09219825,0.14760017,0.22583771
1754736768128,-0.18701017,0.08124542,-0.006626606
1754736768289,-0.12082851,0.06895971,0.049298763
1754736768452,-0.19561827,0.10355568,0.07756281
1754736768610,-0.08875227,0.091022015,0.039092064
1754736768775,-0.16216266,0.090641975,0.056307316
1754736768931,-0.13899636,0.14970827,-0.035589695
1754736769090,-0.11689925,0.08194351,0.08347607
1754736769250,-0.19106424,0.11506653,-0.029763222
1754736769415,-0.08970463,0.064997196,0.0822463
1754736769571,-0.14180732,0.07553434,-0.012392044
1754736769731,-0.13317251,0.037596703,0.003959179
1754736769892,-0.22289944,0.12689829,0.06503105
1754736770051,-0.099267244,0.08332157,0.019918919
1754736770215,-0.1675291,0.14165926,0.028277874
1754736770375,-0.1697154,0.10013914,0.035880566
1754736770534,-0.11430454,0.056187153,0.063631535
1754736770692,-0.1280446,0.10591364,0.035764217
1754736770856,-0.12952042,0.08675051,0.072686195
1754736771016,-0.1818502,0.089720726,0.03561783
1754736771173,-0.08255315,0.08726025,0.053762913
1754736771334,-0.06563783,0.018694878,-0.0152812
1754736771494,-0.18089676,0.07357168,-0.035295963
1754736771654,-0.11600375,0.1367507,0.13643503
1754736771821,-0.16645336,0.0837307,-0.05245018
1754736771974,-0.19421601,0.095304966,0.06318617
1754736772134,-0.0075597763,0.12512779,0.034287453
1754736772296,-0.10645127,0.17427969,-0.035053253
1754736772455,-0.05369234,0.11801863,0.010816097
1754736772617,-0.026978493,-0.56265736,0.58383274
1754736772776,-0.770489,0.35959005,-0.04310751
1754736772936,-0.14437914,1.2112455,-0.6319914
1754736773096,0.9228673,-0.28763676,-0.13699055
1754736773258,0.5436188,-0.2449274,-0.20093346
1754736773418,-0.12566462,-0.9791312,0.85514736
1754736773576,-1.6717954,0.28912592,0.83148384
1754736773740,-1.1827116,1.0507903,-0.037970543
1754736773898,-0.9071462,0.40751266,-6.7329407E-4
1754736774064,-0.75265753,0.13211155,0.11790848
1754736774219,-0.7536284,0.15147495,0.07552338
1754736774383,-0.6681005,0.21184444,-0.05127144
1754736774540,-0.6436076,0.22755957,0.05884695
1754736774699,-0.6711012,0.20638418,-0.07929611
1754736774859,-0.72200334,0.22449017,0.012607574
1754736775019,-0.6386907,0.088244915,0.038195133
1754736775180,-0.7692579,0.19107676,-0.17933083
1754736775339,-0.6958449,0.15499544,0.0553298
1754736775499,-0.65591764,0.16787434,-0.08873844
1754736775662,-0.6800412,0.21178198,0.019726753
1754736775822,-0.7378715,0.19361591,0.0782752
1754736775980,-0.7095039,0.10455799,0.02439928
1754736776143,-0.64748,0.18036747,0.019436836
1754736776300,-0.544842,0.17046118,-0.056197643
1754736776461,-0.61816394,0.17326784,0.0045166016
1754736776624,-0.6008625,0.14472055,-0.060424328
1754736776781,-0.5695497,0.21774435,0.013139248
1754736776942,-0.6336025,0.20201921,-0.023622036
1754736777105,-0.6488018,0.14851141,-0.03072548
1754736777262,-0.689906,0.06659317,0.13191128
1754736777423,-0.5901265,0.115746975,-0.059653282
1754736777591,-0.49539304,0.22234297,-0.0071725845
1754736777743,-0.55220175,0.19018841,-0.05228138
1754736777903,-0.6313884,0.13753366,-0.083703995
1754736778064,-0.52945805,0.20567942,-0.0208745
1754736778225,-0.5129645,0.21445036,-0.027234554
1754736778386,-0.6308105,0.13451958,0.025853634
1754736778547,-0.62534547,0.20877123,0.0363307
1754736778704,-0.4959029,0.12238455,-0.050782204
1754736778864,-0.46227384,0.20076323,-0.038846493
1754736779027,-0.6141982,0.18892574,0.02162695
1754736779185,-0.53862476,0.100423336,-0.1308446
1754736779346,-0.53487754,0.07526779,-0.03869915
1754736779508,-0.62462664,0.17288256,0.09737253
1754736779665,-0.45416808,0.10802746,-0.0151638985
1754736779831,-0.55969167,0.051484108,-0.06876373
1754736779987,-0.46748996,0.15062094,-0.018940449
1754736780152,-0.46923208,0.11069393,-0.06374121
1754736780307,-0.5141995,0.15237284,0.009136677
1754736780469,-0.4531765,0.20252514,-0.08567047
1754736780628,-0.48559427,0.1375308,0.0013794899
1754736780787,-0.50923896,0.1959176,-0.13068295
1754736780948,-0.48621345,0.1928258,-0.015982151
1754736781110,-0.5556567,0.17807913,0.0021686554
1754736781271,-0.55792284,0.29365253,-0.06706095
1754736781435,-0.41204584,0.044397354,0.11957407
1754736781588,-0.63796866,0.033103943,0.1105175
1754736781749,-0.53290844,0.12220192,0.24632883
1754736781910,-0.37524724,0.113494396,0.073091984
1754736782078,-0.2462151,0.16085863,-0.1426034
1754736782233,-0.13378358,0.21503544,-0.11815643
1754736782392,-0.54081917,0.008437157,0.11720705
1754736782553,-0.64932823,0.16308165,0.48188877
1754736782710,-0.73017836,-0.16811371,-0.52364445
1754736782872,-0.5376644,0.6709142,0.06839657
1754736783031,1.0479505,0.87134266,-1.2351766
1754736783190,1.2720459,-2.4210024,0.6682949
1754736783354,0.81895196,-0.73162127,2.365264
1754736783512,-2.1136289,1.6382116,0.30611706
1754736783672,8.157153,-0.90562797,-8.171005
1754736783834,-6.4301777,1.1858783,10.850864
1754736783993,8.1345,0.48209763,-7.434962
1754736784153,-5.9847794,5.361285,5.156605
1754736784314,11.708258,-6.694477,-4.3455877
1754736784474,-4.5510025,3.9673138,4.7755284
1754736784633,10.461586,-8.714592,-2.7860365
1754736784794,-4.718735,2.260357,5.420944
1754736784954,3.1425629,2.4240146,-6.1635156
1754736785117,-2.3491468,-1.6857386,8.982976
1754736785275,2.0314245,4.2788887,-5.843235
1754736785435,-3.7835245,-2.8727903,9.176314
1754736785596,3.6892295,3.8360665,-5.618225
1754736785755,-4.4398184,-1.2819161,10.000562
1754736785915,4.8457212,3.695991,-4.650074
1754736786075,-2.808817,-2.1867056,9.753192
1754736786239,4.2589703,4.805387,-5.7279544
1754736786398,-3.8579514,-1.4177346,11.169866
1754736786559,3.2138672,4.050188,-5.689618
1754736786719,-0.77205306,-1.4315877,7.9250307
1754736786878,-0.8106384,6.286375,-4.527703
1754736787037,5.3766065,-4.0571475,5.02034
1754736787205,-3.0788145,6.36049,-1.3878951
1754736787357,8.6320095,-6.784769,-0.7011194
1754736787518,-3.6816406,1.4006922,2.4322348
1754736787679,2.6124866,1.1418056,-3.2791963
1754736787839,-0.26433063,-3.6041284,4.9623337
1754736787998,-2.116352,5.023911,-3.1177554
1754736788159,7.24916,-6.99539,1.3441267
1754736788318,-1.7314062,1.421078,1.2630887
1754736788479,4.8421583,1.2300215,-3.739922
1754736788645,-0.13140726,-2.45091,6.7422104
1754736788807,0.3829608,3.7860518,-3.4650028
1754736788960,5.7080045,-4.2203503,-0.36280107
1754736789122,-1.7534859,-1.1236567,4.665548
1754736789280,0.15252447,1.892947,-1.7332067
1754736789442,3.7966592,-1.5030899,-1.0658212
1754736789602,0.21331501,-1.6632452,0.5025196
1754736789761,1.0690202,-0.919549,-0.09156799
1754736789921,0.5517049,-0.7429905,-0.0214777
1754736790083,-0.5504811,-0.80899,-0.29810476
1754736790241,-0.4357128,-1.4645123,-0.27195263
1754736790404,-1.4968252,-0.27785158,-0.5202155
1754736790565,1.9988422,0.9384053,-1.3656583
1754736790722,2.2130742,-3.3525925,-1.0197945
1754736790882,-2.1478415,-1.0686913,1.7244687
1754736791050,-1.9950008,1.8681942,-0.57445526
1754736791203,5.4136405,-1.4032505,-2.0865698
1754736791363,-3.2594676,-3.3354812,3.6839895
1754736791525,-0.05128002,2.6976264,-0.37248993
1754736791684,4.735354,-6.1346483,-1.4689713
1754736791843,-1.9132724,-0.2972041,1.3249087
1754736792005,-0.24790525,-0.4218738,-1.0705605
1754736792164,-0.05447197,-0.77167934,-0.12616205
1754736792324,-1.0068984,2.4024224,-1.2414107
1754736792486,3.3628535,-0.8133695,-2.2528758
1754736792645,0.3566532,-2.0494986,1.6412554
1754736792806,-1.7086287,-0.054037154,2.7352896
1754736792966,-0.26308346,1.8617585,-0.94095564
1754736793128,4.089934,-1.4745603,-2.1821733
1754736793285,0.11975336,-1.9703778,2.1162095
1754736793449,-0.94178534,-0.95928776,1.5301747
1754736793606,-0.643414,-0.32002944,1.3971038
1754736793769,0.6819792,1.4512854,-0.67332983
1754736793928,3.6552882,-2.5031369,-2.2736976
1754736794093,0.3124442,-2.1752243,0.8665576
1754736794250,-1.4520955,0.12927508,2.8700905
1754736794414,0.18855572,0.73283863,-0.27142
1754736794570,2.6892238,-0.7333703,-1.6127975
1754736794729,0.53269625,-1.2703581,-0.031917095
1754736794890,-0.5302377,-0.2230196,0.8124809
1754736795052,-0.8948903,-0.17814088,0.75250435
1754736795210,-0.910831,0.6917106,1.1188202
1754736795369,0.47121525,1.3114965,-0.62986755
1754736795529,2.1509552,-0.05311358,-1.8765633
1754736795689,0.31173182,-0.64047384,-0.04690981
1754736795858,-0.33166742,-0.8924713,1.1622791
1754736796010,-0.45348263,0.23146033,0.6030121
1754736796171,-0.23014355,0.10435772,0.21460867
1754736796331,-0.4287219,0.05681765,0.37010527
1754736796490,0.062071323,0.5431466,0.17980433
1754736796653,0.22297859,0.43025964,-0.25416708
1754736796816,0.7129197,0.084585905,-0.4421854
1754736796971,0.31872177,0.10594523,-0.21718264
1754736797133,-0.097286224,0.23835242,0.03395033
1754736797293,0.064561844,0.24684095,-0.20675802
1754736797453,-0.0077881813,-0.01359272,-0.24928808
1754736797614,0.18155909,0.13686943,-0.1011157
1754736797774,0.061894894,0.12560534,-0.04809904
1754736797933,0.557487,-0.38896656,0.89618874
1754736798093,1.8387947,0.33256102,0.7495308
1754736798255,0.09529829,0.45973682,0.37809658
1754736798420,-1.5422325,0.0074267387,-0.42328215
1754736798575,-1.7542863,-0.11020899,-0.19692016
1754736798735,-0.93355083,-0.47139835,-0.060619593
1754736798894,-0.68477154,-0.10578537,0.08474755
1754736799055,-0.6518345,-0.46946335,0.12247872
1754736799217,-0.6463928,0.5768366,-0.99156356
1754736799374,1.0025818,0.6662278,0.15101397
1754736799534,2.2409854,0.21729565,0.24535584
1754736799696,0.6735544,0.24429417,0.9764917
1754736799857,-0.0030181408,0.8397865,0.60556084
1754736800017,-1.4090538E-4,-0.19390297,-0.28953955
1754736800177,-0.16519347,-0.30981064,0.29247242
1754736800336,-0.61855394,-1.1308241,-0.22562985
1754736800496,-0.31264168,-0.019237518,0.36690858
1754736800658,-0.015402317,-0.16654682,-0.5003497
1754736800816,-0.1838398,0.27887535,0.36815506
1754736800979,0.45481014,-0.30282116,1.0735446
1754736801138,1.3858576,0.068712234,1.183394
1754736801298,1.197197,-0.0075922012,0.3973813
1754736801459,-0.054193497,-0.06894112,-0.49446386
1754736801621,-0.722919,-1.0704684,-0.9140507
1754736801778,-0.19814539,-0.8827367,-0.22799957
1754736801938,-0.15223694,0.20664167,-0.016775608
1754736802099,-0.05913496,0.3004799,-0.074706554
1754736802259,-0.20664167,0.21973419,0.32529306
1754736802431,0.06502056,0.28317547,0.2600658
1754736802582,0.3828373,0.09434271,0.7835455
1754736802739,1.0963583,0.061864376,1.2688351
1754736802901,0.52400494,0.6291957,0.15258265
1754736803061,0.15812731,-0.24337387,0.59903336
1754736803220,0.3022169,-0.14526844,0.34702682
1754736803380,0.46626866,-0.39647293,0.18838263
1754736803542,-0.4769659,-1.4656491,0.59783506
1754736803707,0.48083448,-1.079731,-0.9849305
1754736803864,1.1904683,-0.06302345,-2.1878886
1754736804022,3.1428456,0.414912,-2.2876415
1754736804181,13.35662,2.924319,-13.2229
1754736804342,55.121716,-5.7103567,-15.414615
1754736804503,11.080725,-12.695552,8.470095
1754736804663,1.3931932,-4.142301,3.7598782
1754736804822,0.16560555,-0.3025868,0.2922418
1754736804983,-0.07235432,0.14991641,-0.4071356
1754736805143,-0.24784946,-0.29554015,-0.25902447
1754736805303,-0.22855186,-0.6119871,0.5023473
1754736805466,-0.1929512,-0.69525385,0.40839657
1754736805624,-0.1761589,-0.3982556,0.2431646
1754736805784,-0.059934616,-0.4300418,0.25769377
1754736805945,-0.21071243,-0.34306502,0.26464438
1754736806104,-0.17122841,-0.58936954,0.3191821
1754736806268,-0.15720177,-0.59481716,0.41178545
1754736806432,-0.07128811,-0.68341947,0.29110008
1754736806591,-0.10268116,-0.51609826,0.45023313
1754736806745,-0.08879757,-0.5194912,0.38518786
1754736806907,-0.15543556,-0.5679853,0.30273613
1754736807066,-0.17625618,-0.57951903,0.31805357
1754736807226,-0.033979416,-0.44640994,0.3362157
1754736807387,-0.2697363,-0.36922884,0.3844433
1754736807546,-0.058169365,-0.513546,0.36716616
1754736807706,-0.18909073,-0.53563726,0.31938803
1754736807870,-0.14805222,-0.5272398,0.23659599
1754736808032,-0.16356564,-0.65780723,0.24168468
1754736808188,-0.083800316,-0.6252178,0.15530722
1754736808350,-0.06286049,-0.3123734,0.32281414
1754736808508,-0.23668194,-0.4932512,0.2804137
1754736808669,-0.12782574,-0.5079678,0.29367357
1754736808833,-0.14900589,-0.16627765,0.5145495
1754736808989,-0.077368736,-0.11179662,0.597142
1754736809149,-0.0643425,-0.20464039,0.34353012
1754736809310,-0.258255,-0.588505,0.15845317
1754736809470,-0.18004227,-0.96310353,0.39415622
1754736809630,-0.1050272,-1.4355907,0.115275145
1754736809791,0.3972578,-1.0658851,0.008647323
1754736809950,0.24420357,0.7594857,0.53638136
1754736810113,-0.56300545,0.6008396,0.050370455
1754736810275,-0.6308708,-1.0072503,0.32027245
1754736810436,-0.48944378,-2.1541643,0.75320435
1754736810594,0.9488845,-1.7604971,0.056014538
1754736810754,0.8370452,0.2608018,-0.5921216
1754736810913,0.3690713,-0.25675535,-1.0131526
1754736811075,-0.7716847,0.75267017,-1.1656389
1754736811236,-0.6769057,0.98526883,-0.30590725
1754736811392,-0.6263922,0.73443127,-0.29017067
1754736811552,-0.70851725,0.8209745,-0.30571842
1754736811714,-0.57606536,0.83559537,-0.2833414
1754736811873,-0.47658217,0.83755493,0.015194893
