time,x,y,z
1754736440067,-0.6700718,0.18363056,0.10772815
1754736440070,-0.6700718,0.18363056,0.10772815
1754736440226,-0.6700718,0.18363056,0.10772815
1754736440229,-0.6700718,0.18363056,0.10772815
1754736440385,-0.6700718,0.18363056,0.10772815
1754736440388,-0.6700718,0.18363056,0.10772815
1754736440544,-0.6700718,0.18363056,0.10772815
1754736440547,-0.6700718,0.18363056,0.10772815
1754736440703,-0.6700718,0.18363056,0.10772815
1754736440706,-0.6700718,0.18363056,0.10772815
1754736440862,-0.6700718,0.18363056,0.10772815
1754736440865,-0.6700718,0.18363056,0.10772815
1754736441021,-0.6700718,0.18363056,0.10772815
1754736441024,-0.6700718,0.18363056,0.10772815
1754736441180,-0.6700718,0.18363056,0.10772815
1754736441183,-0.6700718,0.18363056,0.10772815
1754736441339,-0.6700718,0.18363056,0.10772815
1754736441342,-0.6700718,0.18363056,0.10772815
1754736441498,-0.6700718,0.18363056,0.10772815
1754736441501,-0.6700718,0.18363056,0.10772815
1754736441657,-0.6700718,0.18363056,0.10772815
1754736441660,-0.6700718,0.18363056,0.10772815
1754736441816,-0.6700718,0.18363056,0.10772815
1754736441819,-0.6700718,0.18363056,0.10772815
1754736441975,-0.15313643,1.8404336,0.9764778
1754736441978,-0.15313643,1.8404336,0.9764778
1754736442134,-0.44422883,1.5561326,0.916688
1754736442137,-0.44422883,1.5561326,0.916688
1754736442297,-0.10386645,0.33903074,0.400019
1754736442300,-0.10386645,0.33903074,0.400019
1754736442456,0.62239975,0.10626337,0.6222666
1754736442459,0.62239975,0.10626337,0.6222666
1754736442615,0.8900556,0.6787273,1.5927521
1754736442618,0.8900556,0.6787273,1.5927521
1754736442778,-0.4604746,0.7824606,0.9666238
1754736442781,-0.4604746,0.7824606,0.9666238
1754736442942,-0.4341085,0.41573212,-0.10786132
1754736442945,-0.4341085,0.41573212,-0.10786132
1754736443097,-0.35407805,0.39429304,-0.6098825
1754736443100,-0.35407805,0.39429304,-0.6098825
1754736443261,-0.70349544,0.9361297,-1.1707613
1754736443264,-0.70349544,0.9361297,-1.1707613
1754736443420,-0.54503256,1.136006,-0.62093496
1754736443423,-0.54503256,1.136006,-0.62093496
1754736443581,-0.37072334,0.735987,0.07590241
1754736443584,-0.37072334,0.735987,0.07590241
1754736443742,0.41559896,0.18922336,-0.1940172
1754736443745,0.41559896,0.18922336,-0.1940172
1754736443901,-0.065782085,-0.61614114,-0.46020827
1754736443904,-0.065782085,-0.61614114,-0.46020827
1754736444064,0.20693393,-0.97527933,-0.26192987
1754736444067,0.20693393,-0.97527933,-0.26192987
1754736444227,-1.7548103,-2.6632423E-4,0.1993437
1754736444230,-1.7548103,-2.6632423E-4,0.1993437
1754736444381,-0.44342986,-0.48138106,1.2826176
1754736444384,-0.44342986,-0.48138106,1.2826176
1754736444546,0.99392205,-1.1867408,0.9951205
1754736444550,0.99392205,-1.1867408,0.9951205
1754736444704,-0.074437626,-1.0606363,-0.1665858
1754736444707,-0.074437626,-1.0606363,-0.1665858
1754736444865,-0.42065912,-0.6351833,-0.22131544
1754736444869,-0.42065912,-0.6351833,-0.22131544
1754736445021,-0.05286536,-0.121710174,0.06937746
1754736445023,-0.05286536,-0.121710174,0.06937746
1754736445182,-0.5130736,0.35940456,-0.20440385
1754736445185,-0.5130736,0.35940456,-0.20440385
1754736445340,-0.7289294,0.08069624,-0.009188186
1754736445343,-0.7289294,0.08069624,-0.009188186
1754736445503,-0.3307747,-0.016645264,-0.19787891
1754736445507,-0.3307747,-0.016645264,-0.19787891
1754736445660,-0.08588956,-0.15886241,-0.0050601605
1754736445663,-0.08588956,-0.15886241,-0.0050601605
1754736445830,-0.07483711,-0.1890902,-0.0896181
1754736445834,-0.07483711,-0.1890902,-0.0896181
1754736445987,-0.06777952,-0.15886241,-0.06791268
1754736445991,-0.06777952,-0.15886241,-0.06791268
1754736446143,-0.15673181,0.092680834,0.011851428
1754736446146,-0.15673181,0.092680834,0.011851428
1754736446304,0.5767251,0.14314927,0.10133637
1754736446307,0.5767251,0.14314927,0.10133637
1754736446468,0.6711371,-0.13915442,-0.0077234027
1754736446471,0.6711371,-0.13915442,-0.0077234027
1754736446632,0.10519807,-0.3877681,0.028363531
1754736446635,0.10519807,-0.3877681,0.028363531
1754736446782,-0.34262612,0.17124648,0.29215768
1754736446785,-0.34262612,0.17124648,0.29215768
1754736446942,-0.36353257,-0.015313643,-0.116916336
1754736446945,-0.36353257,-0.015313643,-0.116916336
1754736447107,0.6482332,-0.61614114,-0.25540495
1754736447110,0.6482332,-0.61614114,-0.25540495
1754736447272,0.0994721,-0.6941741,-0.26272887
1754736447275,0.0994721,-0.6941741,-0.26272887
1754736447426,0.20706709,-0.5536881,-0.4512864
1754736447430,0.20706709,-0.5536881,-0.4512864
1754736447582,-0.49123505,-0.17790459,0.015047319
1754736447587,-0.49123505,-0.17790459,0.015047319
1754736447744,0.24634992,0.1286346,-0.0038617013
1754736447747,0.24634992,0.1286346,-0.0038617013
1754736447913,0.916688,0.1466115,0.081362054
1754736447916,0.916688,0.1466115,0.081362054
1754736448065,1.431626,0.09254767,0.1648547
1754736448069,1.431626,0.09254767,0.1648547
1754736448229,1.9120748,0.16006087,0.09787416
1754736448232,1.9120748,0.16006087,0.09787416
1754736448388,0.87793785,0.21851903,-0.0062586195
1754736448392,0.87793785,0.21851903,-0.0062586195
1754736448545,-0.24075711,0.3016122,0.08628905
1754736448548,-0.24075711,0.3016122,0.08628905
1754736448710,-1.5831645,0.32544822,0.3603367
1754736448714,-1.5831645,0.32544822,0.3603367
1754736448871,-1.5747752,0.2165216,0.2910924
1754736448874,-1.5747752,0.2165216,0.2910924
1754736449030,-0.82507247,0.09960526,0.25580442
1754736449034,-0.82507247,0.09960526,0.25580442
1754736449192,0.21332571,0.21572264,0.056061253
1754736449195,0.21332571,0.21572264,0.056061253
1754736449351,0.12437341,0.15899557,0.02769772
1754736449354,0.12437341,0.15899557,0.02769772
1754736449511,-0.45195222,0.26938698,-0.006791268
1754736449514,-0.45195222,0.26938698,-0.006791268
1754736449669,-0.104265936,0.19974318,0.026765585
1754736449671,-0.104265936,0.19974318,0.026765585
1754736449828,-0.09654254,0.17817092,0.16192514
1754736449832,-0.09654254,0.17817092,0.16192514
1754736449986,0.7667475,0.14634517,0.18056783
1754736449989,0.7667475,0.14634517,0.18056783
1754736450155,4.435497,-0.5247919,-0.2214486
1754736450158,4.435497,-0.5247919,-0.2214486
1754736450313,0.41959384,0.9051029,-0.54370093
1754736450317,0.41959384,0.9051029,-0.54370093
1754736450468,-0.5191991,0.7040281,-0.67047125
1754736450472,-0.5191991,0.7040281,-0.67047125
1754736450634,-0.09055024,-1.0055071,-0.04021496
1754736450637,-0.09055024,-1.0055071,-0.04021496
1754736450793,-0.06405098,-0.468198,-0.015180482
1754736450796,-0.06405098,-0.468198,-0.015180482
1754736450949,-0.24834734,-0.050068956,-0.10692918
1754736450953,-0.24834734,-0.050068956,-0.10692918
1754736451107,-0.5680696,0.37618297,0.11638369
1754736451109,-0.5680696,0.37618297,0.11638369
1754736451269,-0.68977976,0.25460598,-0.03648642
1754736451273,-0.68977976,0.25460598,-0.03648642
1754736451432,-0.6976363,0.118780605,-0.23063679
1754736451435,-0.6976363,0.118780605,-0.23063679
1754736451595,-0.4679317,-0.09361297,-0.08881913
1754736451598,-0.4679317,-0.09361297,-0.08881913
1754736451753,-0.23396584,-0.19494934,-0.005326485
1754736451757,-0.23396584,-0.19494934,-0.005326485
1754736451916,0.0037285392,0.0653826,0.17683929
1754736451919,0.0037285392,0.0653826,0.17683929
1754736452078,0.5490274,-0.05459647,0.22184809
1754736452081,0.5490274,-0.05459647,0.22184809
1754736452231,-0.84131825,-0.33010888,0.1676511
1754736452234,-0.84131825,-0.33010888,0.1676511
1754736452394,-3.5330572,-0.8943168,-0.8672849
1754736452397,-3.5330572,-0.8943168,-0.8672849
1754736452556,-1.4822276,-0.19747943,-0.0692443
1754736452559,-1.4822276,-0.19747943,-0.0692443
1754736452710,0.092814,-0.1219765,-0.032757882
1754736452714,0.092814,-0.1219765,-0.032757882
1754736452872,0.16805059,-0.056860223,0.052599035
1754736452875,0.16805059,-0.056860223,0.052599035
1754736453034,0.30707183,-0.025034478,-0.0390165
1754736453037,0.30707183,-0.025034478,-0.0390165
1754736453197,-0.0013316212,0.028896179,-0.09321348
1754736453200,-0.0013316212,0.028896179,-0.09321348
1754736453356,-0.067646354,0.091082886,-0.1631236
1754736453359,-0.067646354,0.091082886,-0.1631236
1754736453518,0.15473437,0.065515764,-0.093479805
1754736453521,0.15473437,0.065515764,-0.093479805
1754736453677,0.68724966,-0.03914966,-0.07137489
1754736453680,0.68724966,-0.03914966,-0.07137489
1754736453837,1.2329481,0.11158986,-0.048204686
1754736453840,1.2329481,0.11158986,-0.048204686
1754736453998,1.1005849,0.15340276,-0.067113705
1754736454001,1.1005849,0.15340276,-0.067113705
1754736454153,1.4979407,0.024102343,0.052599035
1754736454156,1.4979407,0.024102343,0.052599035
1754736454316,1.6388261,0.03661958,0.32531506
1754736454319,1.6388261,0.03661958,0.32531506
1754736454479,0.5490274,0.051267415,0.39908686
1754736454482,0.5490274,0.051267415,0.39908686
1754736454638,0.17936938,0.06751319,0.37218812
1754736454641,0.17936938,0.06751319,0.37218812
1754736454798,-0.034089502,-0.010519807,0.1764398
1754736454801,-0.034089502,-0.010519807,0.1764398
1754736454959,-0.18509534,0.061920386,0.15540019
1754736454962,-0.18509534,0.061920386,0.15540019
1754736455121,0.2313026,0.061920386,0.1929519
1754736455124,0.2313026,0.061920386,0.1929519
1754736455279,0.20946401,0.009720835,0.27271602
1754736455282,0.20946401,0.009720835,0.27271602
1754736455441,-0.016112616,0.017044751,0.23010413
1754736455443,-0.016112616,0.017044751,0.23010413
1754736455599,0.73332375,0.06378465,0.16232462
1754736455602,0.73332375,0.06378465,0.16232462
1754736455761,0.75036854,0.05206639,0.1918866
1754736455764,0.75036854,0.05206639,0.1918866
1754736455923,0.24222189,0.02010748,0.07204071
1754736455927,0.24222189,0.02010748,0.07204071
1754736456077,0.40161693,0.054330144,0.044875633
1754736456080,0.40161693,0.054330144,0.044875633
1754736456237,-0.12996623,-0.07044276,0.038617015
1754736456240,-0.12996623,-0.07044276,0.038617015
1754736456402,-0.19747943,-0.047538877,0.012384077
1754736456405,-0.19747943,-0.047538877,0.012384077
1754736456561,0.6305226,0.061254572,0.002263756
1754736456563,0.6305226,0.061254572,0.002263756
1754736456720,-1.2506586,0.13049887,-0.16139248
1754736456723,-1.2506586,0.13049887,-0.16139248
1754736456886,-2.1626859,0.10107005,-0.5785894
1754736456889,-2.1626859,0.10107005,-0.5785894
1754736457042,-0.43770388,-0.4552813,-0.942122
1754736457045,-0.43770388,-0.4552813,-0.942122
1754736457198,0.049536306,-0.14501354,-0.27284917
1754736457201,0.049536306,-0.14501354,-0.27284917
1754736457362,0.06698055,0.026765585,-0.09361297
1754736457365,0.06698055,0.026765585,-0.09361297
1754736457518,0.6594188,-0.13555904,0.10120321
1754736457521,0.6594188,-0.13555904,0.10120321
1754736457685,0.25926664,-0.15273695,0.17843723
1754736457688,0.25926664,-0.15273695,0.17843723
1754736457839,0.013982022,-0.043144524,0.404946
1754736457842,0.013982022,-0.043144524,0.404946
1754736457998,0.6379797,-0.3669948,0.24355352
1754736458001,0.6379797,-0.3669948,0.24355352
1754736458162,-3.1627336,0.5044181,0.2966852
1754736458165,-3.1627336,0.5044181,0.2966852
1754736458325,-1.8263184,0.92041653,0.19628096
1754736458329,-1.8263184,0.92041653,0.19628096
1754736458483,-1.7825081,1.1069766,0.40681025
1754736458487,-1.7825081,1.1069766,0.40681025
1754736458640,-0.95530504,0.7194749,0.4600751
1754736458643,-0.95530504,0.7194749,0.4600751
1754736458810,0.05419698,0.47685355,0.38656962
1754736458814,0.05419698,0.47685355,0.38656962
1754736458968,-0.0029295667,0.44729155,0.45900983
1754736458971,-0.0029295667,0.44729155,0.45900983
1754736459126,0.35567603,0.2717839,0.41240308
1754736459129,0.35567603,0.2717839,0.41240308
1754736459284,0.34369144,0.10772815,0.16831692
1754736459287,0.34369144,0.10772815,0.16831692
1754736459446,0.1335616,0.1884244,-0.07097541
1754736459449,0.1335616,0.1884244,-0.07097541
1754736459605,0.37604982,-0.04847101,-0.21598895
1754736459608,0.37604982,-0.04847101,-0.21598895
1754736459764,0.55808246,-0.50388545,-0.4962952
1754736459767,0.55808246,-0.50388545,-0.4962952
1754736459925,0.3519475,-0.0790983,-0.7575593
1754736459928,0.3519475,-0.0790983,-0.7575593
1754736460089,2.2146192,1.77838,0.19814523
1754736460093,2.2146192,1.77838,0.19814523
1754736460244,3.5289292,1.6256431,-0.6438388
1754736460247,3.5289292,1.6256431,-0.6438388
1754736460405,3.0387595,0.005725971,-0.089484945
1754736460409,3.0387595,0.005725971,-0.089484945
1754736460563,-0.49975744,-0.17590715,0.35421124
1754736460566,-0.49975744,-0.17590715,0.35421124
1754736460721,-2.6841488,1.3603842,0.536377
1754736460723,-2.6841488,1.3603842,0.536377
1754736460887,-1.3380129,0.5743282,0.28350216
1754736460891,-1.3380129,0.5743282,0.28350216
1754736461045,-1.356922,0.7856565,-0.5666048
1754736461047,-1.356922,0.7856565,-0.5666048
1754736461209,-0.5744614,0.25047794,-0.34275928
1754736461213,-0.5744614,0.25047794,-0.34275928
1754736461371,-0.03968231,0.25926664,0.35088217
1754736461374,-0.03968231,0.25926664,0.35088217
1754736461524,0.28177103,-0.33450323,0.16085984
1754736461527,0.28177103,-0.33450323,0.16085984
1754736461684,0.47072807,-0.08242735,-0.039948635
1754736461687,0.47072807,-0.08242735,-0.039948635
1754736461845,0.6759309,-0.15646549,0.0025300803
1754736461848,0.6759309,-0.15646549,0.0025300803
1754736462009,0.6527607,-0.39069766,0.6578209
1754736462012,0.6527607,-0.39069766,0.6578209
1754736462170,0.5471631,-0.24315402,1.9525561
1754736462174,0.5471631,-0.24315402,1.9525561
1754736462327,0.32424974,-0.17337708,1.6172539
1754736462331,0.32424974,-0.17337708,1.6172539
1754736462495,0.5966994,-0.5756598,0.24741521
1754736462498,0.5966994,-0.5756598,0.24741521
1754736462652,-0.13489322,-0.390165,-0.1775051
1754736462655,-0.13489322,-0.390165,-0.1775051
1754736462810,-0.6265278,-0.09121605,-0.059257142
1754736462814,-0.6265278,-0.09121605,-0.059257142
1754736462965,-0.3711228,0.31080037,-1.167166
1754736462968,-0.3711228,0.31080037,-1.167166
1754736463128,0.67992574,0.48830548,-2.1729395
1754736463132,0.67992574,0.48830548,-2.1729395
1754736463292,0.83932084,0.30986825,-1.0529128
1754736463295,0.83932084,0.30986825,-1.0529128
1754736463451,0.1346269,0.22877252,-0.31865695
1754736463455,0.1346269,0.22877252,-0.31865695
1754736463609,1.0985875,-0.07150806,0.121710174
1754736463613,1.0985875,-0.07150806,0.121710174
1754736463766,0.05033528,0.103200644,0.18096732
1754736463770,0.05033528,0.103200644,0.18096732
1754736463935,0.14900841,0.04527512,1.6429542
1754736463938,0.14900841,0.04527512,1.6429542
1754736464095,-0.70948774,-1.4474722,0.1444809
1754736464098,-0.70948774,-1.4474722,0.1444809
1754736464249,-1.2930042,0.18229894,-1.1131021
1754736464253,-1.2930042,0.18229894,-1.1131021
1754736464411,0.29721785,0.5389071,-0.25607076
1754736464414,0.29721785,0.5389071,-0.25607076
1754736464564,1.2137727,0.13649116,0.101602696
1754736464566,1.2137727,0.13649116,0.101602696
1754736464726,1.7132638,-0.091349214,0.27338183
1754736464728,1.7132638,-0.091349214,0.27338183
1754736464893,0.59177244,-0.1191801,-0.075236596
1754736464896,0.59177244,-0.1191801,-0.075236596
1754736465055,0.1729776,0.059257142,0.17404288
1754736465058,0.1729776,0.059257142,0.17404288
1754736465212,-0.23010413,0.0074570784,-0.6162743
1754736465215,-0.23010413,0.0074570784,-0.6162743
1754736465376,0.18363056,-0.0011984591,-0.09880629
1754736465379,0.18363056,-0.0011984591,-0.09880629
1754736465533,-2.1452417,0.52918625,2.0883815
1754736465536,-2.1452417,0.52918625,2.0883815
1754736465694,-1.4995385,-0.41400102,1.2032529
1754736465697,-1.4995385,-0.41400102,1.2032529
1754736465854,-2.9597943,0.4281162,-0.43703806
1754736465857,-2.9597943,0.4281162,-0.43703806
1754736466016,-1.5356256,1.2137727,-0.7395824
1754736466019,-1.5356256,1.2137727,-0.7395824
1754736466175,0.117448986,0.8401198,-0.3837732
1754736466178,0.117448986,0.8401198,-0.3837732
1754736466333,0.62639457,0.9226803,-0.8740761
1754736466336,0.62639457,0.9226803,-0.8740761
1754736466496,0.017444238,-0.36859274,-0.20533599
1754736466499,0.017444238,-0.36859274,-0.20533599
1754736466652,-1.141732,-0.09334664,0.17510818
1754736466655,-1.141732,-0.09334664,0.17510818
1754736466811,-0.42864886,-0.024235506,0.3265135
1754736466814,-0.42864886,-0.024235506,0.3265135
1754736466978,-0.17617348,0.035154797,0.10905977
1754736466981,-0.17617348,0.035154797,0.10905977
1754736467135,-0.102667995,-0.05046844,0.078033
1754736467138,-0.102667995,-0.05046844,0.078033
1754736467296,-0.13236314,0.059390303,0.04194607
1754736467299,-0.13236314,0.059390303,0.04194607
1754736467458,-0.043810338,0.016378941,0.040614445
1754736467461,-0.043810338,0.016378941,0.040614445
1754736467615,-0.038617015,-0.0010652969,0.081362054
1754736467618,-0.038617015,-0.0010652969,0.081362054
1754736467777,-0.0039948635,0.008921862,0.118514284
1754736467779,-0.0039948635,0.008921862,0.118514284
1754736467940,-0.0018642696,-0.005326485,0.13196366
1754736467943,-0.0018642696,-0.005326485,0.13196366
1754736468094,0.045541443,-0.118780605,0.11145669
1754736468097,0.045541443,-0.118780605,0.11145669
1754736468256,0.054330144,-0.116117366,0.044209823
1754736468258,0.054330144,-0.116117366,0.044209823
1754736468420,0.0013316212,-0.08176154,-0.05046844
1754736468423,0.0013316212,-0.08176154,-0.05046844
1754736468579,-0.011451942,0.054995954,-0.045541443
1754736468582,-0.011451942,0.054995954,-0.045541443
1754736468739,-0.0013316212,0.061920386,-0.26672372
1754736468742,-0.0013316212,0.061920386,-0.26672372
1754736468900,0.07470395,-0.0070575923,-0.15207113
1754736468903,0.07470395,-0.0070575923,-0.15207113
1754736469059,-0.02956199,0.045674607,-0.0021305939
1754736469062,-0.02956199,0.045674607,-0.0021305939
1754736469222,-0.026898747,-0.011585104,0.016911589
1754736469226,-0.026898747,-0.011585104,0.016911589
1754736469383,-0.017311076,0.0077234027,0.0010652969
1754736469386,-0.017311076,0.0077234027,0.0010652969
1754736469536,0.0025300803,0.016512103,0.02263756
1754736469539,0.0025300803,0.016512103,0.02263756
1754736469698,-0.011052456,0.080829404,0.0741713
1754736469701,-0.011052456,0.080829404,0.0741713
1754736469858,-0.05419698,0.062053546,0.0956104
1754736469861,-0.05419698,0.062053546,0.0956104
1754736470020,-0.5401055,0.05113425,0.19961001
1754736470023,-0.5401055,0.05113425,0.19961001
1754736470177,-1.2105768,-0.049403146,0.6351833
1754736470180,-1.2105768,-0.049403146,0.6351833
1754736470332,0.12317496,-0.1655205,0.014381508
1754736470334,0.12317496,-0.1655205,0.014381508
1754736470498,0.27924097,0.3946925,0.5069482
1754736470502,0.27924097,0.3946925,0.5069482
1754736470658,1.5773053,-0.33769912,0.7439768
1754736470661,1.5773053,-0.33769912,0.7439768
1754736470819,0.4366386,-0.37045702,0.23875968
1754736470822,0.4366386,-0.37045702,0.23875968
1754736470981,0.047006227,0.022238074,-0.093479805
1754736470984,0.047006227,0.022238074,-0.093479805
1754736471141,0.03395634,-0.18469585,-0.23250106
1754736471144,0.03395634,-0.18469585,-0.23250106
1754736471300,0.11185618,-0.60229224,-0.01318305
1754736471303,0.11185618,-0.60229224,-0.01318305
1754736471463,-0.22411184,-0.6014933,-0.056860223
1754736471466,-0.22411184,-0.6014933,-0.056860223
1754736471618,-0.02756456,-0.15699814,-0.29229084
1754736471621,-0.02756456,-0.15699814,-0.29229084
1754736471784,-0.35474387,0.044209823,-0.2319684
1754736471787,-0.35474387,0.044209823,-0.2319684
1754736471940,-0.38670278,-0.79750794,-0.29016024
1754736471943,-0.38670278,-0.79750794,-0.29016024
1754736472102,-1.1975269,-1.2839491,-0.3353022
1754736472107,-1.1975269,-1.2839491,-0.3353022
1754736472265,-1.9870452,-1.1983259,-0.56727064
1754736472269,-1.9870452,-1.1983259,-0.56727064
1754736472424,-0.34608835,-0.151139,-0.26166356
1754736472427,-0.34608835,-0.151139,-0.26166356
1754736472580,0.23809387,0.16911589,-0.12783563
1754736472583,0.23809387,0.16911589,-0.12783563
1754736472744,-0.10599705,-0.14141817,-0.13515955
1754736472747,-0.10599705,-0.14141817,-0.13515955
1754736472903,-0.020906452,-0.060855087,0.056727063
1754736472906,-0.020906452,-0.060855087,0.056727063
1754736473065,-0.13089836,0.009987159,-0.040481284
1754736473069,-0.13089836,0.009987159,-0.040481284
1754736473226,-0.08042992,-0.21212725,-0.12490606
1754736473229,-0.08042992,-0.21212725,-0.12490606
1754736473386,0.025433965,-0.19521566,0.063118845
1754736473389,0.025433965,-0.19521566,0.063118845
1754736473545,-1.0433252,-0.050068956,0.14368193
1754736473548,-1.0433252,-0.050068956,0.14368193
1754736473702,-1.9209967,-0.16432205,0.20720026
1754736473705,-1.9209967,-0.16432205,0.20720026
1754736473862,-0.6720692,-0.13276263,0.107994474
1754736473865,-0.6720692,-0.13276263,0.107994474
1754736474028,-0.3247824,0.09627621,0.043144524
1754736474032,-0.3247824,0.09627621,0.043144524
1754736474183,0.13982022,0.09507775,-0.09814048
1754736474187,0.13982022,0.09507775,-0.09814048
1754736474347,0.21385837,0.017444238,-0.049403146
1754736474352,0.21385837,0.017444238,-0.049403146
1754736474506,0.34275928,-0.03209207,0.08362581
1754736474510,0.34275928,-0.03209207,0.08362581
1754736474669,0.8752746,0.023436533,0.062586196
1754736474673,0.8752746,0.023436533,0.062586196
1754736474824,0.17311075,-0.23476481,-0.032891043
1754736474827,0.17311075,-0.23476481,-0.032891043
1754736474992,-0.047538877,0.033556852,0.030094638
1754736474995,-0.047538877,0.033556852,0.030094638
1754736475149,0.48098156,0.1328958,0.11411993
1754736475153,0.48098156,0.1328958,0.11411993
1754736475309,0.3398297,0.063118845,0.046074092
1754736475312,0.3398297,0.063118845,0.046074092
1754736475473,0.6710039,-0.25633708,-0.040481284
1754736475476,0.6710039,-0.25633708,-0.040481284
1754736475626,0.15912873,-0.090816565,0.05459647
1754736475629,0.15912873,-0.090816565,0.05459647
1754736475789,0.05526228,-0.0011984591,0.07483711
1754736475793,0.05526228,-0.0011984591,0.07483711
1754736475960,-0.25074425,-0.10759499,-5.3264847E-4
1754736475967,-0.25074425,-0.10759499,-5.3264847E-4
1754736476110,-0.12237599,-0.37937889,0.16352308
1754736476113,-0.12237599,-0.37937889,0.16352308
1754736476269,0.09094973,-0.017976886,-0.06351833
1754736476273,0.09094973,-0.017976886,-0.06351833
1754736476430,0.025034478,-0.048870496,0.064450465
1754736476433,0.025034478,-0.048870496,0.064450465
1754736476589,0.53970605,-0.07137489,0.09148237
1754736476592,0.53970605,-0.07137489,0.09148237
1754736476745,0.48604172,-0.14687781,0.06285252
1754736476750,0.48604172,-0.14687781,0.06285252
1754736476906,0.07856565,-0.11385361,-0.058724493
1754736476909,0.07856565,-0.11385361,-0.058724493
1754736477073,0.536377,0.03781804,-0.08056308
1754736477076,0.536377,0.03781804,-0.08056308
1754736477232,0.5500927,0.18043467,0.024235506
1754736477235,0.5500927,0.18043467,0.024235506
1754736477389,0.91442424,0.23889284,0.2066676
1754736477393,0.91442424,0.23889284,0.2066676
1754736477553,0.1912208,0.13555904,0.15180482
1754736477557,0.1912208,0.13555904,0.15180482
1754736477713,-0.804166,0.048737336,0.06991011
1754736477716,-0.804166,0.048737336,0.06991011
1754736477873,-1.2017881,0.22784038,0.23529746
1754736477876,-1.2017881,0.22784038,0.23529746
1754736478030,0.10386645,-0.0818947,0.34915107
1754736478034,0.10386645,-0.0818947,0.34915107
1754736478196,0.24062395,-0.19841155,-0.060855087
1754736478199,0.24062395,-0.19841155,-0.060855087
1754736478348,0.060588762,0.13502638,0.37698194
1754736478352,0.060588762,0.13502638,0.37698194
1754736478515,0.14168449,0.46167305,0.79351306
1754736478518,0.14168449,0.46167305,0.79351306
1754736478670,-0.09308032,1.2824843,0.47299185
1754736478673,-0.09308032,1.2824843,0.47299185
1754736478833,-0.5606125,1.409521,-0.08802016
1754736478836,-0.5606125,1.409521,-0.08802016
1754736478991,-0.54463303,0.8036334,0.2787083
1754736478994,-0.54463303,0.8036334,0.2787083
1754736479151,-0.22171493,0.15127216,0.3297094
1754736479154,-0.22171493,0.15127216,0.3297094
1754736479314,-0.008389213,-0.41599846,0.6941741
1754736479317,-0.008389213,-0.41599846,0.6941741
1754736479476,0.42052597,-0.52665615,0.6458363
1754736479479,0.42052597,-0.52665615,0.6458363
1754736479634,0.6342512,-0.38190895,-0.11039139
1754736479637,0.6342512,-0.38190895,-0.11039139
1754736479794,-0.26978645,0.18442953,0.0030627288
1754736479797,-0.26978645,0.18442953,0.0030627288
1754736479953,0.030094638,-0.10253483,0.22184809
1754736479957,0.030094638,-0.10253483,0.22184809
1754736480114,0.15353592,-0.4218576,0.17790459
1754736480118,0.15353592,-0.4218576,0.17790459
1754736480279,0.23223473,-0.28629854,0.25780186
1754736480282,0.23223473,-0.28629854,0.25780186
1754736480436,0.33170682,0.22224757,-0.2313026
1754736480440,0.33170682,0.22224757,-0.2313026
1754736480595,0.3118657,0.6671422,-0.6235982
1754736480598,0.3118657,0.6671422,-0.6235982
1754736480756,0.41573212,0.9698197,-0.6387787
1754736480759,0.41573212,0.9698197,-0.6387787
1754736480918,-0.12277547,0.42558613,-0.30627286
1754736480921,-0.12277547,0.42558613,-0.30627286
1754736481081,-0.011451942,0.055661764,0.20200694
1754736481084,-0.011451942,0.055661764,0.20200694
1754736481237,-0.03142626,-0.11411993,0.15633233
1754736481239,-0.03142626,-0.11411993,0.15633233
1754736481398,-0.043011364,-0.0130498875,0.09015075
1754736481401,-0.043011364,-0.0130498875,0.09015075
1754736481558,-0.08602273,0.034888476,-0.058990818
1754736481561,-0.08602273,0.034888476,-0.058990818
1754736481714,0.009853996,0.070842244,-0.0027964045
1754736481717,0.009853996,0.070842244,-0.0027964045
1754736481876,0.17337708,0.038617015,-0.02463499
1754736481879,0.17337708,0.038617015,-0.02463499
1754736482037,-0.08509059,0.06857849,0.10040423
1754736482040,-0.08509059,0.06857849,0.10040423
1754736482197,-0.033423692,0.03142626,0.03715223
1754736482200,-0.033423692,0.03142626,0.03715223
1754736482357,-0.08695486,-0.064716786,0.0014647833
1754736482360,-0.08695486,-0.064716786,0.0014647833
1754736482521,-0.02330337,0.009720835,-0.022504399
1754736482524,-0.02330337,0.009720835,-0.022504399
1754736482675,-0.19162029,0.050601605,0.026499262
1754736482678,-0.19162029,0.050601605,0.026499262
1754736482841,-0.1532696,-0.0074570784,0.056061253
1754736482844,-0.1532696,-0.0074570784,0.056061253
1754736483000,-0.09387929,-0.18802491,0.15193798
1754736483003,-0.09387929,-0.18802491,0.15193798
1754736483156,-0.056860223,-0.21079563,0.15260379
1754736483159,-0.056860223,-0.21079563,0.15260379
1754736483327,-0.15886241,0.08256051,0.028629854
1754736483331,-0.15886241,0.08256051,0.028629854
1754736483475,-0.18509534,0.008256052,0.043810338
1754736483478,-0.18509534,0.008256052,0.043810338
1754736483635,0.06831217,-0.07217387,-0.1655205
1754736483638,0.06831217,-0.07217387,-0.1655205
1754736483801,-0.08176154,0.04900366,-0.13222998
1754736483803,-0.08176154,0.04900366,-0.13222998
1754736483962,-0.18110047,0.040614445,0.06804584
1754736483965,-0.18110047,0.040614445,0.06804584
1754736484121,-0.27817565,-0.1033338,0.09041708
1754736484125,-0.27817565,-0.1033338,0.09041708
1754736484283,-0.33849812,0.15233746,-0.04221239
1754736484286,-0.33849812,0.15233746,-0.04221239
1754736484438,-0.35620865,0.25021163,-0.28842914
1754736484441,-0.35620865,0.25021163,-0.28842914
1754736484606,0.02450183,0.09494459,-0.4056118
1754736484609,0.02450183,0.09494459,-0.4056118
1754736484760,0.5110762,-0.14927474,-0.0896181
1754736484764,0.5110762,-0.14927474,-0.0896181
1754736484921,0.37498453,-0.008921862,0.2319684
1754736484926,0.37498453,-0.008921862,0.2319684
1754736485081,0.114785746,-0.04327769,-0.08562324
1754736485084,0.114785746,-0.04327769,-0.08562324
1754736485243,0.76475006,-0.41986015,0.0868217
1754736485246,0.76475006,-0.41986015,0.0868217
1754736485401,0.1275693,-0.4133352,0.24808103
1754736485404,0.1275693,-0.4133352,0.24808103
1754736485573,-0.07736719,-0.64770055,0.5981642
1754736485579,-0.07736719,-0.64770055,0.5981642
1754736485725,-0.13995339,-0.96409374,0.34688732
1754736485729,-0.13995339,-0.96409374,0.34688732
1754736485883,0.26619107,-0.6421077,0.01384886
1754736485886,0.26619107,-0.6421077,0.01384886
1754736486043,-0.088153325,0.076568216,-0.21732058
1754736486046,-0.088153325,0.076568216,-0.21732058
1754736486197,0.34076187,0.3775146,-0.49483043
1754736486199,0.34076187,0.3775146,-0.49483043
1754736486354,0.22797355,0.1384886,-0.71508056
1754736486356,0.22797355,0.1384886,-0.71508056
1754736486522,0.032624718,0.13302895,-0.51587003
1754736486524,0.032624718,0.13302895,-0.51587003
1754736486681,-0.007590241,0.027431397,-0.33863127
1754736486684,-0.007590241,0.027431397,-0.33863127
1754736486845,0.008122889,0.12450658,-0.2478147
1754736486848,0.008122889,0.12450658,-0.2478147
1754736487005,0.105863884,0.063118845,-0.24848051
1754736487008,0.105863884,0.063118845,-0.24848051
1754736487163,-0.17763826,0.19947685,-0.01957483
1754736487166,-0.17763826,0.19947685,-0.01957483
1754736487326,-0.033423692,0.045940932,0.015047319
1754736487330,-0.033423692,0.045940932,0.015047319
1754736487485,-0.08176154,-0.116650015,-0.03715223
1754736487488,-0.08176154,-0.116650015,-0.03715223
1754736487645,-0.048071526,-0.05286536,0.009321348
1754736487648,-0.048071526,-0.05286536,0.009321348
1754736487801,-0.029828314,0.022104912,0.0130498875
1754736487804,-0.029828314,0.022104912,0.0130498875
1754736487967,-0.008122889,0.009321348,-6.658106E-4
1754736487970,-0.008122889,0.009321348,-6.658106E-4
1754736488130,-0.0054596467,-0.0066581056,-0.032225233
1754736488133,-0.0054596467,-0.0066581056,-0.032225233
1754736488285,-0.0018642696,-0.007856565,-0.011718267
1754736488288,-0.0018642696,-0.007856565,-0.011718267
1754736488448,0.005725971,-0.050068956,0.02010748
1754736488452,0.005725971,-0.050068956,0.02010748
1754736488604,0.015313643,-0.031692583,-9.321348E-4
1754736488607,0.015313643,-0.031692583,-9.321348E-4
1754736488768,0.020373804,0.027165072,0.004128026
1754736488772,0.020373804,0.027165072,0.004128026
1754736488929,0.4431635,-0.63291955,-0.08282684
1754736488932,0.4431635,-0.63291955,-0.08282684
1754736489089,-0.060322437,-0.253008,-0.020240642
1754736489093,-0.060322437,-0.253008,-0.020240642
1754736489245,-0.1181148,0.089751266,-0.20959717
1754736489248,-0.1181148,0.089751266,-0.20959717
1754736489409,-0.03462215,-0.03848385,-0.1719123
1754736489413,-0.03462215,-0.03848385,-0.1719123
1754736489569,-0.063118845,0.052465875,-0.07044276
1754736489574,-0.063118845,0.052465875,-0.07044276
1754736489730,-0.026099775,0.00945451,-0.09680886
1754736489733,-0.026099775,0.00945451,-0.09680886
1754736489890,-0.010120321,-0.06511628,-0.05978979
1754736489893,-0.010120321,-0.06511628,-0.05978979
1754736490051,0.06178722,-0.004128026,0.021439102
1754736490055,0.06178722,-0.004128026,0.021439102
1754736490206,0.048204686,-0.0047938363,-0.032225233
1754736490209,0.048204686,-0.0047938363,-0.032225233
1754736490370,0.19321823,0.0026632424,-0.029295666
1754736490374,0.19321823,0.0026632424,-0.029295666
1754736490534,0.04926998,0.05512912,0.02330337
1754736490537,0.04926998,0.05512912,0.02330337
1754736490687,-0.039282825,0.13009939,0.11292148
1754736490691,-0.039282825,0.13009939,0.11292148
1754736490851,0.2478147,0.16964854,0.045408282
1754736490855,0.2478147,0.16964854,0.045408282
1754736491011,0.04860417,0.044476148,0.011052456
1754736491015,0.04860417,0.044476148,0.011052456
1754736491167,-0.092947155,0.007590241,-0.009587673
1754736491170,-0.092947155,0.007590241,-0.009587673
1754736491328,-0.064983115,0.01198459,-0.029428829
1754736491331,-0.064983115,0.01198459,-0.029428829
1754736491494,-0.020240642,0.034089502,-0.007590241
1754736491497,-0.020240642,0.034089502,-0.007590241
1754736491653,-0.0653826,-0.009587673,-0.042345554
1754736491656,-0.0653826,-0.009587673,-0.042345554
1754736491813,-0.016112616,-0.028763017,-0.026099775
1754736491816,-0.016112616,-0.028763017,-0.026099775
1754736491976,0.002263756,0.058191843,0.0017311075
1754736491979,0.002263756,0.058191843,0.0017311075
1754736492136,-0.04327769,0.045940932,-0.007190754
1754736492139,-0.04327769,0.045940932,-0.007190754
1754736492287,0.0014647833,-0.007856565,9.321348E-4
1754736492291,0.0014647833,-0.007856565,9.321348E-4
1754736492450,-0.02463499,0.030360963,0.0018642696
1754736492454,-0.02463499,0.030360963,0.0018642696
1754736492611,-0.0051933224,0.008921862,-0.015313643
1754736492614,-0.0051933224,0.008921862,-0.015313643
1754736492774,0.0070575923,-0.045674607,-0.0013316212
1754736492777,0.0070575923,-0.045674607,-0.0013316212
1754736492939,-0.004926998,0.0051933224,0.0015979453
1754736492943,-0.004926998,0.0051933224,0.0015979453
1754736493091,-0.010919293,-0.005725971,-0.0077234027
1754736493094,-0.010919293,-0.005725971,-0.0077234027
1754736493255,0.0010652969,0.022504399,-0.004128026
1754736493258,0.0010652969,0.022504399,-0.004128026
1754736493415,-0.016778426,0.022903884,-0.020506967
1754736493418,-0.016778426,0.022903884,-0.020506967
1754736493569,-0.015446805,-0.034888476,-0.023569694
1754736493571,-0.015446805,-0.034888476,-0.023569694
1754736493726,0.03848385,-0.017044751,-0.0062586195
1754736493728,0.03848385,-0.017044751,-0.0062586195
1754736493891,-0.012517239,0.03209207,-0.019707993
1754736493895,-0.012517239,0.03209207,-0.019707993
1754736494051,-0.03715223,0.020240642,-0.02756456
1754736494054,-0.03715223,0.020240642,-0.02756456
1754736494215,-0.013449374,-0.003462215,-0.017177913
1754736494218,-0.013449374,-0.003462215,-0.017177913
1754736494377,-0.01065297,-0.046207253,-0.030627286
1754736494379,-0.01065297,-0.046207253,-0.030627286
1754736494539,-0.0077234027,0.015313643,-0.007989727
1754736494542,-0.0077234027,0.015313643,-0.007989727
1754736494696,-0.05725971,-0.051400576,0.015313643
1754736494699,-0.05725971,-0.051400576,0.015313643
1754736494859,-0.02756456,-0.009587673,0.0065249437
1754736494862,-0.02756456,-0.009587673,0.0065249437
1754736495015,0.014248347,-0.012384077,-0.044476148
1754736495018,0.014248347,-0.012384077,-0.044476148
1754736495186,0.024368668,-0.047538877,-0.047139388
1754736495192,0.024368668,-0.047538877,-0.047139388
1754736495338,0.004926998,-0.045674607,-0.065249436
1754736495341,0.004926998,-0.045674607,-0.065249436
1754736495501,-0.007856565,-0.02263756,-0.058458168
1754736495504,-0.007856565,-0.02263756,-0.058458168
1754736495658,-0.03582061,0.013316211,0.01318305
1754736495661,-0.03582061,0.013316211,0.01318305
1754736495820,0.0031958907,0.018110048,0.021039614
1754736495823,0.0031958907,0.018110048,0.021039614
1754736495980,0.010786131,0.033556852,-0.016512103
1754736495983,0.010786131,0.033556852,-0.016512103
1754736496141,0.015446805,0.010253483,-0.01198459
1754736496144,0.015446805,0.010253483,-0.01198459
1754736496290,0.003595377,-0.0026632424,-0.017843723
1754736496292,0.003595377,-0.0026632424,-0.017843723
1754736496456,0.015579968,-0.037951205,-0.0302278
1754736496459,0.015579968,-0.037951205,-0.0302278
1754736496619,0.008256052,-0.0516669,-0.06591525
1754736496622,0.008256052,-0.0516669,-0.06591525
1754736496778,-0.015180482,-0.01957483,-0.017444238
1754736496781,-0.015180482,-0.01957483,-0.017444238
1754736496940,-0.031958908,0.043144524,0.008921862
1754736496943,-0.031958908,0.043144524,0.008921862
1754736497098,-0.09507775,0.074437626,0.21305938
1754736497101,-0.09507775,0.074437626,0.21305938
1754736497258,-0.21745373,0.13622485,0.3082703
1754736497262,-0.21745373,0.13622485,0.3082703
1754736497419,-0.21625528,0.1775051,0.15859608
1754736497422,-0.21625528,0.1775051,0.15859608
1754736497581,0.10626337,0.037551716,-0.036885906
1754736497584,0.10626337,0.037551716,-0.036885906
1754736497739,0.26885432,-0.23076995,-0.22238074
1754736497742,0.26885432,-0.23076995,-0.22238074
1754736497901,0.27617824,-0.15073952,-0.22717457
1754736497904,0.27617824,-0.15073952,-0.22717457
1754736498058,0.43956816,-0.54423356,-0.3378323
1754736498061,0.43956816,-0.54423356,-0.3378323
1754736498223,0.34262612,-0.27058542,-0.076301895
1754736498226,0.34262612,-0.27058542,-0.076301895
1754736498380,0.112122506,-0.12370761,0.4231892
1754736498383,0.112122506,-0.12370761,0.4231892
1754736498544,-0.05419698,-0.18775858,0.51413894
1754736498547,-0.05419698,-0.18775858,0.51413894
1754736498704,-0.30534074,-0.060189277,0.31479526
1754736498707,-0.30534074,-0.060189277,0.31479526
1754736498857,-0.3550102,-0.10000475,0.08269367
1754736498861,-0.3550102,-0.10000475,0.08269367
1754736499019,-0.89045507,-0.004527512,0.047405712
1754736499022,-0.89045507,-0.004527512,0.047405712
1754736499188,-0.156066,0.0818947,0.029295666
1754736499192,-0.156066,0.0818947,0.029295666
1754736499343,0.2467494,0.09933894,0.05206639
1754736499346,0.2467494,0.09933894,0.05206639
1754736499504,0.22104912,0.23463164,-0.36566317
1754736499507,0.22104912,0.23463164,-0.36566317
1754736499665,0.356475,0.14967422,-0.4169306
1754736499669,0.356475,0.14967422,-0.4169306
1754736499822,0.116916336,0.12716982,-0.32318446
1754736499825,0.116916336,0.12716982,-0.32318446
1754736499986,0.008655538,0.04221239,-0.17590715
1754736499989,0.008655538,0.04221239,-0.17590715
1754736500144,0.013316211,0.024235506,-0.08495743
1754736500147,0.013316211,0.024235506,-0.08495743
1754736500303,0.030094638,0.062186707,0.008788699
1754736500306,0.030094638,0.062186707,0.008788699
1754736500464,0.010253483,0.04966947,0.06964379
1754736500467,0.010253483,0.04966947,0.06964379
1754736500625,0.009188186,-0.059922952,0.060855087
1754736500629,0.009188186,-0.059922952,0.060855087
1754736500785,0.024368668,0.04327769,0.08429162
1754736500789,0.024368668,0.04327769,0.08429162
1754736500946,-0.0263661,0.05912398,0.014780995
1754736500949,-0.0263661,0.05912398,0.014780995
1754736501107,-0.0023969181,0.03888334,-0.021172777
1754736501110,-0.0023969181,0.03888334,-0.021172777
1754736501266,0.017044751,-0.0030627288,-0.017177913
1754736501269,0.017044751,-0.0030627288,-0.017177913
1754736501424,0.025567126,0.0015979453,-0.009321348
1754736501427,0.025567126,0.0015979453,-0.009321348
1754736501588,0.004926998,0.015579968,-0.01957483
1754736501592,0.004926998,0.015579968,-0.01957483
1754736501744,0.0010652969,-0.0013316212,-0.01571313
1754736501747,0.0010652969,-0.0013316212,-0.01571313
1754736501905,0.0017311075,-0.058591332,0.037551716
1754736501909,0.0017311075,-0.058591332,0.037551716
1754736502069,0.045141958,-0.02756456,0.09387929
1754736502073,0.045141958,-0.02756456,0.09387929
1754736502224,-0.014381508,0.21678792,0.0039948635
1754736502227,-0.014381508,0.21678792,0.0039948635
1754736502387,-0.04194607,0.061254572,-0.032225233
1754736502391,-0.04194607,0.061254572,-0.032225233
1754736502550,0.019707993,-0.06698055,0.045940932
1754736502553,0.019707993,-0.06698055,0.045940932
1754736502703,-0.024235506,0.02077329,-0.0013316212
1754736502706,-0.024235506,0.02077329,-0.0013316212
1754736502879,-0.078432485,-0.06298568,0.047405712
1754736502886,-0.078432485,-0.06298568,0.047405712
1754736503028,-0.10972559,-0.08202787,-0.004926998
1754736503031,-0.10972559,-0.08202787,-0.004926998
1754736503189,-0.06231987,-0.05086793,-0.04274504
1754736503193,-0.06231987,-0.05086793,-0.04274504
1754736503345,-0.07244019,-0.01065297,-0.045008797
1754736503349,-0.07244019,-0.01065297,-0.045008797
1754736503510,-0.05353117,-0.010919293,-0.045408282
1754736503514,-0.05353117,-0.010919293,-0.045408282
1754736503666,-0.021439102,-0.016245779,-0.038617015
1754736503669,-0.021439102,-0.016245779,-0.038617015
1754736503819,-0.04207923,-0.02756456,-0.0038617013
1754736503821,-0.04207923,-0.02756456,-0.0038617013
1754736503989,-0.004926998,-0.005725971,-0.0038617013
1754736503992,-0.004926998,-0.005725971,-0.0038617013
1754736504149,0.0054596467,0.0011984591,0.024235506
1754736504152,0.0054596467,0.0011984591,0.024235506
1754736504307,0.06418414,0.022770721,0.06777952
1754736504311,0.06418414,0.022770721,0.06777952
1754736504473,0.13409425,-0.038217526,0.063917816
1754736504476,0.13409425,-0.038217526,0.063917816
1754736504632,0.12743615,-0.13875492,0.2998811
1754736504635,0.12743615,-0.13875492,0.2998811
1754736504801,0.35021636,-0.026099775,0.56434107
1754736504808,0.35021636,-0.026099775,0.56434107
1754736504953,0.104532264,-0.014514671,0.5305179
1754736504956,0.104532264,-0.014514671,0.5305179
1754736505113,-0.37391922,-0.20906453,0.089484945
1754736505116,-0.37391922,-0.20906453,0.089484945
1754736505273,-1.1850097,-0.28936127,-0.22997098
1754736505276,-1.1850097,-0.28936127,-0.22997098
1754736505432,-0.8630237,-0.03209207,-0.16938221
1754736505435,-0.8630237,-0.03209207,-0.16938221
1754736505593,-0.6911114,0.05219955,0.050202116
1754736505596,-0.6911114,0.05219955,0.050202116
1754736505753,0.32211915,0.051933225,0.055528603
1754736505756,0.32211915,0.051933225,0.055528603
1754736505914,0.2552718,0.13063204,0.13768964
1754736505917,0.2552718,0.13063204,0.13768964
1754736506076,-0.20440385,0.023702856,0.04913682
1754736506079,-0.20440385,0.023702856,0.04913682
1754736506230,0.25647023,0.013715698,-0.042345554
1754736506234,0.25647023,0.013715698,-0.042345554
1754736506396,0.27404764,0.14115185,-0.02077329
1754736506399,0.27404764,0.14115185,-0.02077329
1754736506555,0.14634517,0.033823177,0.038084365
1754736506558,0.14634517,0.033823177,0.038084365
1754736506713,-0.028763017,-0.112122506,0.0050601605
1754736506716,-0.028763017,-0.112122506,0.0050601605
1754736506871,0.14155133,-0.094811425,0.011718267
1754736506874,0.14155133,-0.094811425,0.011718267
1754736507035,0.08389214,-0.16805059,0.048071526
1754736507038,0.08389214,-0.16805059,0.048071526
1754736507190,0.01890902,-0.07550292,0.011052456
1754736507194,0.01890902,-0.07550292,0.011052456
1754736507353,0.5455652,0.07603557,-0.08921862
1754736507357,0.5455652,0.07603557,-0.08921862
1754736507518,0.1209112,0.2411566,0.15553336
1754736507521,0.1209112,0.2411566,0.15553336
1754736507676,0.8825985,0.05233271,0.103200644
1754736507679,0.8825985,0.05233271,0.103200644
1754736507837,0.7040281,0.035421122,-0.21558946
1754736507840,0.7040281,0.035421122,-0.21558946
1754736507998,-0.08908546,-0.03914966,-0.30773765
1754736508001,-0.08908546,-0.03914966,-0.30773765
1754736508159,-1.9371094,-0.20080847,-0.2285062
1754736508162,-1.9371094,-0.20080847,-0.2285062
1754736508318,-1.4983401,0.029695151,-0.10879345
1754736508321,-1.4983401,0.029695151,-0.10879345
1754736508477,0.18110047,-0.08296,0.008921862
1754736508480,0.18110047,-0.08296,0.008921862
1754736508628,-0.5740619,0.07883197,-0.019308507
1754736508630,-0.5740619,0.07883197,-0.019308507
1754736508798,-1.0040424,0.046207253,-0.040614445
1754736508801,-1.0040424,0.046207253,-0.040614445
1754736508958,-0.503486,-0.0058591333,-0.052465875
1754736508961,-0.503486,-0.0058591333,-0.052465875
1754736509113,0.09707519,0.0130498875,0.046873067
1754736509116,0.09707519,0.0130498875,0.046873067
1754736509275,1.0383981,0.08282684,0.13715698
1754736509278,1.0383981,0.08282684,0.13715698
1754736509437,1.8759879,0.09521092,0.07057592
1754736509440,1.8759879,0.09521092,0.07057592
1754736509598,0.7126837,0.053264845,0.13276263
1754736509602,0.7126837,0.053264845,0.13276263
1754736509756,-0.20546915,0.03209207,-0.077100866
1754736509759,-0.20546915,0.03209207,-0.077100866
1754736509917,-0.060721926,-0.019175345,-0.022504399
1754736509920,-0.060721926,-0.019175345,-0.022504399
1754736510074,0.19481617,0.019042183,-0.09720834
1754736510078,0.19481617,0.019042183,-0.09720834
1754736510237,0.14088552,0.027298234,-0.14527987
1754736510239,0.14088552,0.027298234,-0.14527987
1754736510399,-1.1249535,0.08655538,-0.092148185
1754736510402,-1.1249535,0.08655538,-0.092148185
1754736510557,-0.16592,0.019974317,0.0565939
1754736510560,-0.16592,0.019974317,0.0565939
1754736510721,-1.0722214,0.02077329,-0.032491557
1754736510725,-1.0722214,0.02077329,-0.032491557
1754736510877,-0.57033336,-0.08096257,-0.11012507
1754736510881,-0.57033336,-0.08096257,-0.11012507
1754736511040,1.1904694,-0.1648547,0.098939456
1754736511043,1.1904694,-0.1648547,0.098939456
1754736511201,0.5702002,0.0033290528,0.050068956
1754736511204,0.5702002,0.0033290528,0.050068956
1754736511357,-0.30733818,0.07257336,-0.0478052
1754736511361,-0.30733818,0.07257336,-0.0478052
1754736511517,-0.060322437,-0.015180482,-0.09800732
1754736511520,-0.060322437,-0.015180482,-0.09800732
1754736511682,-0.75209963,-0.024768153,-0.20014267
1754736511685,-0.75209963,-0.024768153,-0.20014267
1754736511839,-0.83279586,-0.02263756,-0.056860223
1754736511843,-0.83279586,-0.02263756,-0.056860223
1754736512001,-0.4808484,-0.014381508,-0.03888334
1754736512004,-0.4808484,-0.014381508,-0.03888334
1754736512167,-0.13902125,-0.033024207,0.02130594
1754736512171,-0.13902125,-0.033024207,0.02130594
1754736512318,0.336767,-0.07377181,0.011585104
1754736512322,0.336767,-0.07377181,0.011585104
1754736512479,0.5366433,-0.11385361,-0.03089361
1754736512484,0.5366433,-0.11385361,-0.03089361
1754736512642,0.50242066,-0.06165406,-0.029695151
1754736512645,0.50242066,-0.06165406,-0.029695151
1754736512793,0.14927474,-0.013316211,-0.029162504
1754736512795,0.14927474,-0.013316211,-0.029162504
1754736512959,0.40268224,0.14914156,0.117981635
1754736512962,0.40268224,0.14914156,0.117981635
1754736513127,2.2247396,0.26059827,0.33863127
1754736513130,2.2247396,0.26059827,0.33863127
1754736513280,1.0565082,0.45887667,0.423855
1754736513283,1.0565082,0.45887667,0.423855
1754736513443,0.892852,-0.4643363,0.2885623
1754736513446,0.892852,-0.4643363,0.2885623
1754736513601,0.21865219,-0.19761258,0.057526033
1754736513604,0.21865219,-0.19761258,0.057526033
1754736513761,0.08335949,0.016112616,-0.0945451
1754736513764,0.08335949,0.016112616,-0.0945451
1754736513925,-0.19681361,-0.05712655,-0.052998524
1754736513928,-0.19681361,-0.05712655,-0.052998524
1754736514087,-0.33450323,-0.048071526,-0.09467827
1754736514090,-0.33450323,-0.048071526,-0.09467827
1754736514240,-0.06458363,0.16685213,-0.043011364
1754736514243,-0.06458363,0.16685213,-0.043011364
1754736514418,-0.042478714,0.08455794,-0.064716786
1754736514425,-0.042478714,0.08455794,-0.064716786
1754736514564,-0.42332238,-0.044342984,-0.043544013
1754736514567,-0.42332238,-0.044342984,-0.043544013
1754736514726,-0.33184,-0.005592809,-0.046074092
1754736514729,-0.33184,-0.005592809,-0.046074092
1754736514886,-0.13635801,-0.06831217,0.0058591333
1754736514889,-0.13635801,-0.06831217,0.0058591333
1754736515045,-0.1043991,-0.020506967,0.00945451
1754736515047,-0.1043991,-0.020506967,0.00945451
1754736515206,-0.09800732,-0.010253483,-0.03661958
1754736515210,-0.09800732,-0.010253483,-0.03661958
1754736515363,0.057792358,0.014381508,-0.06964379
1754736515366,0.057792358,0.014381508,-0.06964379
1754736515525,0.043677174,0.064716786,-0.009720835
1754736515527,0.043677174,0.064716786,-0.009720835
1754736515683,-0.060322437,-0.043544013,-0.034488987
1754736515686,-0.060322437,-0.043544013,-0.034488987
1754736515846,0.13276263,0.024102343,-0.119845904
1754736515849,0.13276263,0.024102343,-0.119845904
1754736516011,0.0027964045,0.0400818,-0.10786132
1754736516015,0.0027964045,0.0400818,-0.10786132
1754736516172,-0.026099775,-0.035021637,0.061387736
1754736516175,-0.026099775,-0.035021637,0.061387736
1754736516325,-0.02823037,-0.08642221,0.14141817
1754736516328,-0.02823037,-0.08642221,0.14141817
1754736516488,-0.6410424,-0.098939456,0.23223473
1754736516491,-0.6410424,-0.098939456,0.23223473
1754736516649,0.17071383,-0.0038617013,0.18056783
1754736516652,0.17071383,-0.0038617013,0.18056783
1754736516805,-0.050068956,0.07776668,-0.02396918
1754736516809,-0.050068956,0.07776668,-0.02396918
1754736516972,9.321348E-4,0.059656627,0.0073239165
1754736516975,9.321348E-4,0.059656627,0.0073239165
1754736517134,0.15153849,0.011585104,0.13009939
1754736517137,0.15153849,0.011585104,0.13009939
1754736517294,-0.039282825,-0.009188186,0.02956199
1754736517297,-0.039282825,-0.009188186,0.02956199
1754736517446,0.011185618,0.032358393,-0.038084365
1754736517450,0.011185618,0.032358393,-0.038084365
1754736517607,0.09827364,0.0026632424,0.033423692
1754736517611,0.09827364,0.0026632424,0.033423692
1754736517771,0.068445325,-0.03728539,0.1269035
1754736517774,0.068445325,-0.03728539,0.1269035
1754736517932,-0.18096732,-0.08908546,0.16671897
1754736517935,-0.18096732,-0.08908546,0.16671897
1754736518088,-0.092947155,-0.17377657,0.34262612
1754736518091,-0.092947155,-0.17377657,0.34262612
1754736518251,1.0264136,-0.18189946,0.39149663
1754736518254,1.0264136,-0.18189946,0.39149663
1754736518413,0.47339132,-0.2038712,0.09707519
1754736518416,0.47339132,-0.2038712,0.09707519
1754736518568,0.45208538,-0.050068956,-0.0031958907
1754736518572,0.45208538,-0.050068956,-0.0031958907
1754736518730,-0.069510624,-0.03528796,-0.044476148
1754736518733,-0.069510624,-0.03528796,-0.044476148
1754736518889,-0.11571788,-0.049935795,-0.018376373
1754736518893,-0.11571788,-0.049935795,-0.018376373
1754736519053,-0.034755312,-0.004926998,0.005592809
1754736519056,-0.034755312,-0.004926998,0.005592809
1754736519216,0.0741713,-0.029162504,0.009987159
1754736519219,0.0741713,-0.029162504,0.009987159
1754736519370,0.07217387,-0.024368668,-0.009321348
1754736519374,0.07217387,-0.024368668,-0.009321348
1754736519537,0.49935794,0.088952295,-7.989727E-4
1754736519540,0.49935794,0.088952295,-7.989727E-4
1754736519693,0.4126694,0.08282684,0.010253483
1754736519697,0.4126694,0.08282684,0.010253483
1754736519855,0.81748223,0.1500737,0.07323916
1754736519858,0.81748223,0.1500737,0.07323916
1754736520016,1.3547914,0.028097207,0.20693393
1754736520019,1.3547914,0.028097207,0.20693393
1754736520178,1.3466685,-0.19961001,0.2362296
1754736520181,1.3466685,-0.19961001,0.2362296
1754736520335,0.25473914,-0.021172777,0.067113705
1754736520338,0.25473914,-0.021172777,0.067113705
1754736520494,-0.0030627288,-0.02516764,-0.0066581056
1754736520497,-0.0030627288,-0.02516764,-0.0066581056
1754736520654,-0.21638843,-0.037951205,-0.031692583
1754736520657,-0.21638843,-0.037951205,-0.031692583
1754736520815,-0.72333664,0.107994474,0.08828648
1754736520818,-0.72333664,0.107994474,0.08828648
1754736520975,-0.07044276,-0.1455462,0.38750175
1754736520978,-0.07044276,-0.1455462,0.38750175
1754736521132,0.18123364,-0.21865219,0.1747087
1754736521136,0.18123364,-0.21865219,0.1747087
1754736521299,-0.18935654,-0.20813239,-0.16152565
1754736521302,-0.18935654,-0.20813239,-0.16152565
1754736521455,-0.13609168,-0.25021163,-0.14408141
1754736521458,-0.13609168,-0.25021163,-0.14408141
1754736521608,-0.19255242,0.03914966,-0.07963095
1754736521610,-0.19255242,0.03914966,-0.07963095
1754736521777,-0.2418224,0.12450658,0.066314735
1754736521779,-0.2418224,0.12450658,0.066314735
1754736521937,-0.0050601605,0.1532696,0.09015075
1754736521940,-0.0050601605,0.1532696,0.09015075
1754736522097,0.21146144,-0.05472963,-0.004660674
1754736522099,0.21146144,-0.05472963,-0.004660674
1754736522258,-0.22384551,-0.088952295,-0.103733286
1754736522261,-0.22384551,-0.088952295,-0.103733286
1754736522417,-0.032358393,0.14514671,0.067113705
1754736522420,-0.032358393,0.14514671,0.067113705
1754736522578,-0.12384077,-0.020373804,0.052599035
1754736522581,-0.12384077,-0.020373804,0.052599035
1754736522739,0.08229419,0.04021496,0.17950253
1754736522742,0.08229419,0.04021496,0.17950253
1754736522896,0.12210966,0.16738479,0.08122889
1754736522899,0.12210966,0.16738479,0.08122889
1754736523056,0.43131208,-0.04660674,0.012384077
1754736523059,0.43131208,-0.04660674,0.012384077
1754736523215,1.9040852,-0.60615396,-0.061254572
1754736523218,1.9040852,-0.60615396,-0.061254572
1754736523378,0.44968846,-0.17217861,-0.11758215
1754736523381,0.44968846,-0.17217861,-0.11758215
1754736523538,0.93559706,0.721206,-0.59004134
1754736523541,0.93559706,0.721206,-0.59004134
1754736523700,0.11638369,0.74890375,-0.89391726
1754736523703,0.11638369,0.74890375,-0.89391726
1754736523860,-1.0609026,0.041013934,-1.3398772
1754736523863,-1.0609026,0.041013934,-1.3398772
1754736524033,-0.81082416,0.092814,-0.83146423
1754736524039,-0.81082416,0.092814,-0.83146423
1754736524186,-0.073904976,0.3058734,0.18975602
1754736524190,-0.073904976,0.3058734,0.18975602
1754736524337,1.8256526,-0.8775383,-1.5846292
1754736524340,1.8256526,-0.8775383,-1.5846292
1754736524495,1.5369571,-0.71135205,-0.2804394
1754736524498,1.5369571,-0.71135205,-0.2804394
1754736524654,0.70602554,0.0439435,1.2322823
1754736524656,0.70602554,0.0439435,1.2322823
1754736524824,0.06977695,-0.89018875,-0.059656627
1754736524827,0.06977695,-0.89018875,-0.059656627
1754736524978,-0.90097487,0.08549008,0.01384886
1754736524981,-0.90097487,0.08549008,0.01384886
1754736525140,-0.3528796,0.28150472,0.5753935
1754736525143,-0.3528796,0.28150472,0.5753935
1754736525299,-0.1918866,0.14514671,0.75316495
1754736525302,-0.1918866,0.14514671,0.75316495
1754736525462,-0.5994958,-0.26858798,0.70735717
1754736525465,-0.5994958,-0.26858798,0.70735717
1754736525624,-1.2208303,-0.9494459,0.53517854
1754736525627,-1.2208303,-0.9494459,0.53517854
1754736525781,-0.04221239,-1.1213582,1.0348028
1754736525783,-0.04221239,-1.1213582,1.0348028
1754736525941,1.2040519,-1.1174965,1.4286964
1754736525944,1.2040519,-1.1174965,1.4286964
1754736526101,0.56514,-0.7118847,1.4420125
1754736526104,0.56514,-0.7118847,1.4420125
1754736526263,0.36686164,-1.1890045,1.5127217
1754736526266,0.36686164,-1.1890045,1.5127217
1754736526422,1.6516098,-1.5701145,2.1565604
1754736526425,1.6516098,-1.5701145,2.1565604
1754736526586,1.6453512,-0.56514,2.928368
1754736526589,1.6453512,-0.56514,2.928368
1754736526743,1.2019212,0.6615494,2.5115707
1754736526746,1.2019212,0.6615494,2.5115707
1754736526900,1.043192,0.78539014,2.1835923
1754736526903,1.043192,0.78539014,2.1835923
1754736527066,0.22584295,-0.25034478,1.6570693
1754736527069,0.22584295,-0.25034478,1.6570693
1754736527226,-0.31586054,-0.31266466,0.86981493
1754736527229,-0.31586054,-0.31266466,0.86981493
1754736527386,-0.751567,-0.050202116,-0.018110048
1754736527389,-0.751567,-0.050202116,-0.018110048
1754736527546,-0.8510391,-0.21026298,-0.4052123
1754736527550,-0.8510391,-0.21026298,-0.4052123
1754736527703,-0.5719313,0.06791268,-0.6931088
1754736527706,-0.5719313,0.06791268,-0.6931088
1754736527867,-0.4105388,-0.1286346,-1.370904
1754736527871,-0.4105388,-0.1286346,-1.370904
1754736528033,-0.8359918,-0.02756456,-2.826366
1754736528037,-0.8359918,-0.02756456,-2.826366
1754736528185,-2.965254,0.1532696,-4.065173
1754736528189,-2.965254,0.1532696,-4.065173
1754736528343,-6.249032,0.2949541,-2.5591094
1754736528346,-6.249032,0.2949541,-2.5591094
1754736528508,-5.0942497,1.321634,-1.1009843
1754736528512,-5.0942497,1.321634,-1.1009843
1754736528665,-2.037913,0.95410657,0.594702
1754736528669,-2.037913,0.95410657,0.594702
1754736528828,-1.22629,-0.31785798,0.58604646
1754736528832,-1.22629,-0.31785798,0.58604646
1754736528986,-0.4745898,-0.1286346,0.43677175
1754736528989,-0.4745898,-0.1286346,0.43677175
1754736529147,-0.41679743,0.07776668,0.66621006
1754736529151,-0.41679743,0.07776668,0.66621006
1754736529303,0.47778568,-0.22184809,0.19108763
1754736529306,0.47778568,-0.22184809,0.19108763
1754736529468,0.30107954,-0.46566793,0.46699953
1754736529472,0.30107954,-0.46566793,0.46699953
1754736529623,0.29255718,-0.52013123,0.45914298
1754736529626,0.29255718,-0.52013123,0.45914298
1754736529789,0.7021638,-0.44089976,0.44582677
1754736529792,0.7021638,-0.44089976,0.44582677
1754736529950,0.41919434,-0.007190754,0.98087215
1754736529953,0.41919434,-0.007190754,0.98087215
1754736530109,0.61960334,0.4218576,1.1071098
1754736530113,0.61960334,0.4218576,1.1071098
1754736530269,-0.058058683,0.17337708,1.0285442
1754736530273,-0.058058683,0.17337708,1.0285442
1754736530429,-0.16805059,-0.064450465,1.1780852
1754736530433,-0.16805059,-0.064450465,1.1780852
1754736530590,-0.03142626,-0.09201502,0.95637035
1754736530594,-0.03142626,-0.09201502,0.95637035
1754736530746,0.1697817,-0.078698814,0.45661288
1754736530749,0.1697817,-0.078698814,0.45661288
1754736530910,1.6428211,0.22317971,0.29482093
1754736530914,1.6428211,0.22317971,0.29482093
1754736531069,1.0158938,0.66341364,0.54316825
1754736531073,1.0158938,0.66341364,0.54316825
1754736531229,0.31412944,0.3796452,0.08908546
1754736531233,0.31412944,0.3796452,0.08908546
1754736531389,-0.021838587,0.13875492,-0.1929519
1754736531393,-0.021838587,0.13875492,-0.1929519
1754736531548,0.551158,0.39349407,0.045674607
1754736531552,0.551158,0.39349407,0.045674607
1754736531711,-0.17351024,0.35514337,-0.22784038
1754736531714,-0.17351024,0.35514337,-0.22784038
1754736531875,-0.027298234,0.356475,0.23236789
1754736531879,-0.027298234,0.356475,0.23236789
1754736532030,0.24888,0.45927614,0.23955865
1754736532034,0.24888,0.45927614,0.23955865
1754736532191,0.0439435,0.4980263,-0.05912398
1754736532194,0.0439435,0.4980263,-0.05912398
1754736532352,-0.98966086,0.3772483,-0.10306748
1754736532356,-0.98966086,0.3772483,-0.10306748
1754736532511,-1.3294905,0.57153183,-0.077633515
1754736532515,-1.3294905,0.57153183,-0.077633515
1754736532667,-1.095658,0.21399152,-0.3241166
1754736532671,-1.095658,0.21399152,-0.3241166
1754736532831,-0.66953915,0.45355016,0.07563608
1754736532834,-0.66953915,0.45355016,0.07563608
1754736532993,-0.05339801,-0.19961001,-0.035421122
1754736532996,-0.05339801,-0.19961001,-0.035421122
1754736533153,-0.3708565,-0.37072334,-0.22078279
1754736533156,-0.3708565,-0.37072334,-0.22078279
1754736533314,0.2313026,-0.19707993,-0.468198
1754736533317,0.2313026,-0.19707993,-0.468198
1754736533469,1.9162029,-0.30693868,0.45434913
1754736533473,1.9162029,-0.30693868,0.45434913
1754736533630,0.921615,-0.42718408,0.54170346
1754736533634,0.921615,-0.42718408,0.54170346
1754736533793,-0.041812904,-0.41852853,0.5506253
1754736533796,-0.041812904,-0.41852853,0.5506253
1754736533954,-0.42918152,-0.7052266,0.574195
1754736533957,-0.42918152,-0.7052266,0.574195
1754736534115,-0.36792693,-0.51200837,0.29748416
1754736534119,-0.36792693,-0.51200837,0.29748416
1754736534278,-0.27711037,-0.54290193,0.6249298
1754736534281,-0.27711037,-0.54290193,0.6249298
1754736534440,0.0026632424,-0.45807767,0.766348
1754736534443,0.0026632424,-0.45807767,0.766348
1754736534592,-0.10772815,-0.15846291,0.65675557
1754736534596,-0.10772815,-0.15846291,0.65675557
1754736534754,0.032358393,0.06777952,0.5679364
1754736534757,0.032358393,0.06777952,0.5679364
1754736534910,0.12384077,0.023836019,0.44169873
1754736534913,0.12384077,0.023836019,0.44169873
1754736535072,0.09747467,-0.051400576,0.36126882
1754736535076,0.09747467,-0.051400576,0.36126882
1754736535239,-0.13982022,0.047405712,0.55302227
1754736535242,-0.13982022,0.047405712,0.55302227
1754736535394,-0.056860223,-0.29402196,0.7817948
1754736535397,-0.056860223,-0.29402196,0.7817948
1754736535555,-0.1890902,-0.40574497,1.1153659
1754736535559,-0.1890902,-0.40574497,1.1153659
1754736535717,0.05100109,-0.38017786,0.90044224
1754736535719,0.05100109,-0.38017786,0.90044224
1754736535874,0.18176629,-0.2608646,0.8564987
1754736535877,0.18176629,-0.2608646,0.8564987
1754736536034,0.3118657,0.015180482,0.7985732
1754736536037,0.3118657,0.015180482,0.7985732
1754736536201,0.31173253,0.08495743,0.83332855
1754736536204,0.31173253,0.08495743,0.83332855
1754736536360,-0.43037996,0.8474437,0.6568887
1754736536363,-0.43037996,0.8474437,0.6568887
1754736536516,-2.1465733,0.2952204,-4.623655
1754736536519,-2.1465733,0.2952204,-4.623655
1754736536680,1.1827459,0.018775858,-7.981604
1754736536683,1.1827459,0.018775858,-7.981604
1754736536836,-0.17417605,-0.096675694,-2.2536356
1754736536839,-0.17417605,-0.096675694,-2.2536356
1754736537001,-0.34755313,-0.21971749,0.05353117
1754736537004,-0.34755313,-0.21971749,0.05353117
1754736537155,0.26938698,-0.16592,0.30946875
1754736537158,0.26938698,-0.16592,0.30946875
1754736537314,-0.13249631,-0.29149187,0.29588622
1754736537317,-0.13249631,-0.29149187,0.29588622
1754736537482,-0.5566177,-0.68005896,0.121710174
1754736537486,-0.5566177,-0.68005896,0.121710174
1754736537641,2.7617824,-0.3528796,0.45714554
1754736537644,2.7617824,-0.3528796,0.45714554
1754736537801,0.3391639,-0.18642697,0.12743615
1754736537805,0.3391639,-0.18642697,0.12743615
1754736537959,-0.24688256,-0.4347743,0.326913
1754736537962,-0.24688256,-0.4347743,0.326913
1754736538121,-0.19628096,-0.59563416,0.41746324
1754736538124,-0.19628096,-0.59563416,0.41746324
1754736538281,0.20746657,-0.28323582,0.27191705
1754736538283,0.20746657,-0.28323582,0.27191705
1754736538434,0.45181906,-0.06604841,0.15859608
1754736538435,0.45181906,-0.06604841,0.15859608
1754736538600,0.2038712,-0.16791743,-0.011718267
1754736538603,0.2038712,-0.16791743,-0.011718267
1754736538764,0.18203261,-0.09920578,0.070842244
1754736538767,0.18203261,-0.09920578,0.070842244
1754736538925,0.10772815,-0.0653826,0.22437817
1754736538928,0.10772815,-0.0653826,0.22437817
1754736539081,-0.10905977,-0.006791268,0.17670614
1754736539084,-0.10905977,-0.006791268,0.17670614
1754736539238,-0.16352308,0.025034478,0.1335616
1754736539241,-0.16352308,0.025034478,0.1335616
1754736539399,0.0653826,-0.062186707,0.014248347
1754736539402,0.0653826,-0.062186707,0.014248347
1754736539562,0.12996623,-0.08562324,-0.04793836
1754736539565,0.12996623,-0.08562324,-0.04793836
1754736539718,-0.0058591333,-0.02703191,-0.090283915
1754736539721,-0.0058591333,-0.02703191,-0.090283915
1754736539878,0.041679744,0.019308507,-0.045541443
1754736539881,0.041679744,0.019308507,-0.045541443
1754736540042,-0.017177913,0.06298568,-0.019042183
1754736540043,-0.017177913,0.06298568,-0.019042183
1754736540205,-1.0715556,0.10360013,-0.074970275
1754736540207,-1.0715556,0.10360013,-0.074970275
1754736540361,-0.088952295,-0.10679602,0.04980263
1754736540366,-0.088952295,-0.10679602,0.04980263
1754736540520,1.5167165,-0.032491557,-0.13968706
1754736540523,1.5167165,-0.032491557,-0.13968706
1754736540685,-1.1808816,1.2818185,1.282218
1754736540688,-1.1808816,1.2818185,1.282218
1754736540845,-1.9075474,-0.105597556,1.045589
1754736540847,-1.9075474,-0.105597556,1.045589
1754736541007,0.16751795,0.004926998,0.42651826
1754736541010,0.16751795,0.004926998,0.42651826
1754736541164,0.3001474,0.029029341,0.22997098
1754736541166,0.3001474,0.029029341,0.22997098
1754736541315,0.17430921,0.0039948635,-0.070842244
1754736541317,0.17430921,0.0039948635,-0.070842244
1754736541487,0.0043943496,0.089751266,-0.35540968
1754736541491,0.0043943496,0.089751266,-0.35540968
1754736541643,2.195577,0.72107285,-0.6295905
1754736541646,2.195577,0.72107285,-0.6295905
1754736541806,1.9975649,0.175774,-1.741361
1754736541810,1.9975649,0.175774,-1.741361
1754736541968,0.97607833,-0.7928472,-0.9441194
1754736541972,0.97607833,-0.7928472,-0.9441194
1754736542128,0.89897746,-0.23649593,-0.27298233
1754736542132,0.89897746,-0.23649593,-0.27298233
1754736542287,-0.23862651,-0.37498453,0.009720835
1754736542291,-0.23862651,-0.37498453,0.009720835
1754736542449,-0.12637085,2.6632423E-4,0.23636276
1754736542453,-0.12637085,2.6632423E-4,0.23636276
1754736542609,-0.32997572,0.25407332,0.3796452
1754736542613,-0.32997572,0.25407332,0.3796452
1754736542768,0.20573547,1.095658,0.853436
1754736542773,0.20573547,1.095658,0.853436
1754736542925,1.602606,-0.0956104,-0.26099774
1754736542928,1.602606,-0.0956104,-0.26099774
1754736543086,0.34116134,-1.2626432,-0.54569834
1754736543090,0.34116134,-1.2626432,-0.54569834
1754736543249,-1.2963332,0.25327435,0.28882864
1754736543253,-1.2963332,0.25327435,0.28882864
1754736543406,0.088153325,1.3433394,0.5353117
1754736543410,0.088153325,1.3433394,0.5353117
1754736543560,0.9767441,-0.1620583,-0.85809666
1754736543565,0.9767441,-0.1620583,-0.85809666
1754736543724,0.11957958,-1.218966,-0.48284584
1754736543727,0.11957958,-1.218966,-0.48284584
1754736543885,-1.196728,0.32251865,0.58072
1754736543889,-1.196728,0.32251865,0.58072
1754736544050,-0.674333,0.82507247,0.742512
1754736544054,-0.674333,0.82507247,0.742512
1754736544208,0.25247538,0.22278023,0.060855087
1754736544211,0.25247538,0.22278023,0.060855087
1754736544374,0.9073667,-0.8017691,-0.78392535
1754736544377,0.9073667,-0.8017691,-0.78392535
1754736544531,0.016512103,-0.87687254,-0.5508917
1754736544534,0.016512103,-0.87687254,-0.5508917
1754736544689,-0.06911114,-0.42691776,0.13609168
1754736544692,-0.06911114,-0.42691776,0.13609168
1754736544847,-0.21585579,0.6714034,0.73665285
1754736544850,-0.21585579,0.6714034,0.73665285
1754736545007,0.48630804,1.0156275,0.5915061
1754736545011,0.48630804,1.0156275,0.5915061
1754736545172,0.6612831,-0.20240642,-0.73931605
1754736545175,0.6612831,-0.20240642,-0.73931605
1754736545337,0.060721926,-0.79417884,-0.97288245
1754736545340,0.060721926,-0.79417884,-0.97288245
1754736545492,0.056727063,-0.6692728,-0.48417747
1754736545495,0.056727063,-0.6692728,-0.48417747
1754736545648,0.04341085,-0.22770722,-0.057392873
1754736545651,0.04341085,-0.22770722,-0.057392873
1754736545811,-0.21119511,0.11625053,-0.0400818
1754736545815,-0.21119511,0.11625053,-0.0400818
1754736545975,-0.71028674,1.0302753,0.19681361
1754736545978,-0.71028674,1.0302753,0.19681361
1754736546129,-0.23503114,0.9537071,0.70029956
1754736546131,-0.23503114,0.9537071,0.70029956
1754736546295,0.20360488,0.18216577,-0.117715314
1754736546299,0.20360488,0.18216577,-0.117715314
1754736546452,-0.03715223,-0.6017596,-0.6298568
1754736546455,-0.03715223,-0.6017596,-0.6298568
1754736546609,-0.107461825,-0.7194749,-0.42705092
1754736546613,-0.107461825,-0.7194749,-0.42705092
1754736546774,-0.36326626,-0.22570978,0.0019974317
1754736546777,-0.36326626,-0.22570978,0.0019974317
1754736546930,-0.73865026,0.3127978,0.26352784
1754736546936,-0.73865026,0.3127978,0.26352784
1754736547092,-0.12370761,0.54476625,0.45661288
1754736547094,-0.12370761,0.54476625,0.45661288
1754736547256,0.2552718,0.15087268,0.21399152
1754736547259,0.2552718,0.15087268,0.21399152
1754736547414,0.11225566,0.09094973,0.05153374
1754736547417,0.11225566,0.09094973,0.05153374
1754736547575,-0.1022685,0.0643173,0.049403146
1754736547578,-0.1022685,0.0643173,0.049403146
1754736547727,-0.016378941,0.03835069,0.15553336
1754736547729,-0.016378941,0.03835069,0.15553336
1754736547884,-0.061387736,-0.043677174,0.05406382
1754736547886,-0.061387736,-0.043677174,0.05406382
1754736548053,-0.043677174,-0.005992295,0.113454126
1754736548055,-0.043677174,-0.005992295,0.113454126
1754736548214,0.02823037,-0.07563608,0.12983306
1754736548217,0.02823037,-0.07563608,0.12983306
1754736548372,0.2512769,-0.076301895,0.2717839
1754736548376,0.2512769,-0.076301895,0.2717839
1754736548531,0.14421457,-0.16365623,-0.0390165
1754736548534,0.14421457,-0.16365623,-0.0390165
1754736548693,0.6214676,-0.4787178,-0.6630142
1754736548696,0.6214676,-0.4787178,-0.6630142
1754736548856,0.1603272,-0.6072193,-0.2889618
1754736548859,0.1603272,-0.6072193,-0.2889618
1754736549014,-0.42239022,-0.24595043,-0.031026773
1754736549017,-0.42239022,-0.24595043,-0.031026773
1754736549173,-0.22903883,0.19215293,-0.10652969
1754736549176,-0.22903883,0.19215293,-0.10652969
1754736549333,0.0038617013,0.12157701,-0.03661958
1754736549336,0.0038617013,0.12157701,-0.03661958
1754736549493,-0.06591525,0.16299044,-0.13995339
1754736549496,-0.06591525,0.16299044,-0.13995339
1754736549658,-0.029295666,0.12796879,-0.20506966
1754736549661,-0.029295666,0.12796879,-0.20506966
1754736549818,-0.008788699,0.108527124,-0.17337708
1754736549821,-0.008788699,0.108527124,-0.17337708
1754736549975,0.061520897,0.11305464,-0.13822228
1754736549978,0.061520897,0.11305464,-0.13822228
1754736550135,0.058990818,0.13196366,-0.15020686
1754736550138,0.058990818,0.13196366,-0.15020686
1754736550299,0.019308507,0.19321823,-0.20240642
1754736550302,0.019308507,0.19321823,-0.20240642
1754736550460,0.043810338,0.08069624,-0.109326094
1754736550462,0.043810338,0.08069624,-0.109326094
1754736550622,-0.04327769,-0.14994055,0.16392256
1754736550625,-0.04327769,-0.14994055,0.16392256
1754736550777,-0.10466542,-0.4179959,0.4767204
1754736550779,-0.10466542,-0.4179959,0.4767204
1754736550934,-0.22238074,-0.52945256,0.68924713
1754736550935,-0.22238074,-0.52945256,0.68924713
1754736551101,-0.25500545,-0.6453036,0.7180101
1754736551104,-0.25500545,-0.6453036,0.7180101
1754736551255,-0.21638843,-0.6265278,0.6608836
1754736551258,-0.21638843,-0.6265278,0.6608836
1754736551417,-0.035554286,-0.5160032,0.63917816
1754736551420,-0.035554286,-0.5160032,0.63917816
1754736551577,0.0070575923,-0.33437008,0.42345554
1754736551580,0.0070575923,-0.33437008,0.42345554
1754736551741,-0.20293906,-0.1725781,0.31785798
1754736551744,-0.20293906,-0.1725781,0.31785798
1754736551900,0.13622485,-0.009720835,0.33263898
1754736551903,0.13622485,-0.009720835,0.33263898
1754736552061,0.04327769,0.01824321,0.5042849
1754736552064,0.04327769,0.01824321,0.5042849
1754736552223,0.06871165,0.53344744,0.66980547
1754736552228,0.06871165,0.53344744,0.66980547
1754736552380,1.2155038,0.08375897,-0.87314403
1754736552383,1.2155038,0.08375897,-0.87314403
1754736552539,0.48710704,-0.507614,-0.53651017
1754736552542,0.48710704,-0.507614,-0.53651017
1754736552702,-1.165568,0.7841917,0.47738618
1754736552705,-1.165568,0.7841917,0.47738618
1754736552865,0.3198554,0.8208113,-0.00945451
1754736552868,0.3198554,0.8208113,-0.00945451
1754736553025,0.68005896,-0.20733342,-0.9383934
1754736553029,0.68005896,-0.20733342,-0.9383934
1754736553183,0.15380225,-0.22797355,-0.6367812
1754736553186,0.15380225,-0.22797355,-0.6367812
1754736553343,-0.06271936,-0.16445522,-0.1423503
1754736553346,-0.06271936,-0.16445522,-0.1423503
1754736553508,-0.028629854,-0.13862176,0.21399152
1754736553511,-0.028629854,-0.13862176,0.21399152
1754736553664,-0.038750175,-0.05512912,0.33663383
1754736553667,-0.038750175,-0.05512912,0.33663383
1754736553823,-0.02010748,-0.052998524,0.21146144
1754736553826,-0.02010748,-0.052998524,0.21146144
1754736553986,0.059257142,-0.061920386,0.09680886
1754736553989,0.059257142,-0.061920386,0.09680886
1754736554145,0.08588956,-0.079764105,0.090816565
1754736554147,0.08588956,-0.079764105,0.090816565
1754736554302,0.09334664,-0.14714414,-0.058325008
1754736554305,0.09334664,-0.14714414,-0.058325008
1754736554469,0.44795737,-0.25194272,-0.2566034
1754736554472,0.44795737,-0.25194272,-0.2566034
1754736554629,-0.28336897,-0.29868263,-0.028496694
1754736554633,-0.28336897,-0.29868263,-0.028496694
1754736554780,-0.73492175,0.6021591,0.42025965
1754736554783,-0.73492175,0.6021591,0.42025965
1754736554946,-0.15952821,0.6558234,0.32464924
1754736554949,-0.15952821,0.6558234,0.32464924
1754736555100,-0.15060635,0.20347172,-0.10120321
1754736555103,-0.15060635,0.20347172,-0.10120321
1754736555261,-0.0516669,0.07723403,-0.09055024
1754736555264,-0.0516669,0.07723403,-0.09055024
1754736555426,-0.045807768,-0.030627286,0.03209207
1754736555429,-0.045807768,-0.030627286,0.03209207
1754736555582,-0.014914157,-0.027964044,0.053664334
1754736555585,-0.014914157,-0.027964044,0.053664334
1754736555745,0.02010748,-0.03142626,0.048870496
1754736555749,0.02010748,-0.03142626,0.048870496
1754736555904,0.039948635,-0.027964044,0.045541443
1754736555907,0.039948635,-0.027964044,0.045541443
1754736556069,0.10093688,-0.05046844,0.034488987
1754736556073,0.10093688,-0.05046844,0.034488987
1754736556231,0.062586196,-0.024368668,0.027431397
1754736556235,0.062586196,-0.024368668,0.027431397
1754736556389,0.023836019,-0.042345554,0.035687447
1754736556393,0.023836019,-0.042345554,0.035687447
1754736556547,0.004660674,-0.05393066,0.03914966
1754736556550,0.004660674,-0.05393066,0.03914966
1754736556709,0.05100109,-0.034755312,0.023836019
1754736556712,0.05100109,-0.034755312,0.023836019
1754736556869,0.017044751,0.0051933224,0.015047319
1754736556873,0.017044751,0.0051933224,0.015047319
1754736557026,-0.025700288,0.032624718,0.004926998
1754736557029,-0.025700288,0.032624718,0.004926998
1754736557189,-0.06285252,0.03954915,0.010120321
1754736557192,-0.06285252,0.03954915,0.010120321
1754736557349,-0.057925522,0.028896179,0.044742472
1754736557352,-0.057925522,0.028896179,0.044742472
1754736557510,-0.08109573,-0.0478052,0.07257336
1754736557513,-0.08109573,-0.0478052,0.07257336
1754736557669,-0.05526228,-0.020640127,0.060588762
1754736557673,-0.05526228,-0.020640127,0.060588762
1754736557822,-0.018110048,-0.036353257,0.0050601605
1754736557824,-0.018110048,-0.036353257,0.0050601605
1754736557990,0.06351833,-0.15846291,0.054995954
1754736557994,0.06351833,-0.15846291,0.054995954
1754736558146,-0.015579968,-0.122509144,0.0085223755
1754736558150,-0.015579968,-0.122509144,0.0085223755
1754736558312,0.013316211,-0.047139388,0.047405712
1754736558315,0.013316211,-0.047139388,0.047405712
1754736558472,0.059656627,-0.04034812,0.036086936
1754736558476,0.059656627,-0.04034812,0.036086936
1754736558629,0.04793836,-0.012250915,0.03395634
1754736558633,0.04793836,-0.012250915,0.03395634
1754736558793,-0.008921862,-0.0021305939,0.013982022
1754736558796,-0.008921862,-0.0021305939,0.013982022
1754736558946,0.0033290528,-0.03528796,0.02583345
1754736558950,0.0033290528,-0.03528796,0.02583345
1754736559117,0.029828314,-0.03089361,0.026499262
1754736559120,0.029828314,-0.03089361,0.026499262
1754736559273,0.019308507,-0.024235506,-0.0026632424
1754736559276,0.019308507,-0.024235506,-0.0026632424
1754736559432,0.0050601605,0.013582536,-0.019042183
1754736559435,0.0050601605,0.013582536,-0.019042183
1754736559593,0.0741713,-0.0039948635,-0.021039614
1754736559596,0.0741713,-0.0039948635,-0.021039614
1754736559754,0.04926998,0.056327574,-0.024368668
1754736559757,0.04926998,0.056327574,-0.024368668
1754736559913,0.054463305,0.026099775,-0.014514671
1754736559917,0.054463305,0.026099775,-0.014514671
1754736560075,0.008655538,0.041147094,0.025300803
1754736560078,0.008655538,0.041147094,0.025300803
1754736560236,-0.0026632424,0.04966947,0.05219955
1754736560239,-0.0026632424,0.04966947,0.05219955
1754736560389,-0.018509535,-0.01384886,0.045141958
1754736560393,-0.018509535,-0.01384886,0.045141958
1754736560551,0.008788699,-0.022903884,0.021705424
1754736560554,0.008788699,-0.022903884,0.021705424
1754736560716,-0.00692443,-0.032891043,0.017177913
1754736560719,-0.00692443,-0.032891043,0.017177913
1754736560872,-9.321348E-4,-0.010386645,-0.003595377
1754736560875,-9.321348E-4,-0.010386645,-0.003595377
1754736561036,0.0013316212,-0.025433965,-0.014115185
1754736561039,0.0013316212,-0.025433965,-0.014115185
1754736561196,0.002263756,-0.004926998,-0.04074761
1754736561199,0.002263756,-0.004926998,-0.04074761
1754736561354,-1.3316212E-4,-0.002263756,-0.02769772
1754736561357,-1.3316212E-4,-0.002263756,-0.02769772
1754736561513,-0.004527512,0.014115185,-0.028629854
1754736561516,-0.004527512,0.014115185,-0.028629854
1754736561667,5.3264847E-4,-0.020373804,-0.01571313
1754736561669,5.3264847E-4,-0.020373804,-0.01571313
1754736561835,-0.024102343,-0.03848385,0.0015979453
1754736561838,-0.024102343,-0.03848385,0.0015979453
1754736561992,0.0029295667,-0.016378941,9.321348E-4
1754736561995,0.0029295667,-0.016378941,9.321348E-4
1754736562160,0.007856565,0.014115185,-0.008921862
1754736562163,0.007856565,0.014115185,-0.008921862
1754736562316,-0.0031958907,-0.015846292,0.015180482
1754736562319,-0.0031958907,-0.015846292,0.015180482
1754736562485,-0.0054596467,-0.010786131,0.016245779
1754736562491,-0.0054596467,-0.010786131,0.016245779
1754736562641,0.012250915,0.007590241,-0.010253483
1754736562644,0.012250915,0.007590241,-0.010253483
1754736562797,0.018110048,0.0037285392,-0.015846292
1754736562800,0.018110048,0.0037285392,-0.015846292
1754736562954,0.019042183,-0.0011984591,-0.0038617013
1754736562957,0.019042183,-0.0011984591,-0.0038617013
1754736563127,0.009720835,-0.010253483,-0.0017311075
1754736563130,0.009720835,-0.010253483,-0.0017311075
1754736563274,0.005326485,0.024768153,0.016112616
1754736563277,0.005326485,0.024768153,0.016112616
1754736563435,0.0062586195,0.03715223,0.035154797
1754736563438,0.0062586195,0.03715223,0.035154797
1754736563599,-0.015313643,0.073106006,0.06698055
1754736563602,-0.015313643,0.073106006,0.06698055
1754736563759,-0.021838587,0.047538877,0.0692443
1754736563762,-0.021838587,0.047538877,0.0692443
1754736563915,-3.9948634E-4,0.017843723,0.11411993
1754736563919,-3.9948634E-4,0.017843723,0.11411993
1754736564082,-0.014115185,-0.018376373,0.09201502
1754736564085,-0.014115185,-0.018376373,0.09201502
1754736564241,-0.033024207,-0.023436533,0.05393066
1754736564244,-0.033024207,-0.023436533,0.05393066
1754736564399,-0.040614445,0.02130594,0.063651495
1754736564403,-0.040614445,0.02130594,0.063651495
1754736564557,-0.023836019,0.038750175,0.06178722
1754736564560,-0.023836019,0.038750175,0.06178722
1754736564718,0.018110048,0.037951205,0.055661764
1754736564721,0.018110048,0.037951205,0.055661764
1754736564876,0.07017644,-0.056194413,0.044076663
1754736564879,0.07017644,-0.056194413,0.044076663
1754736565041,0.05233271,-0.02703191,-0.34462357
1754736565044,0.05233271,-0.02703191,-0.34462357
1754736565195,0.565939,-0.4851096,-1.0001806
1754736565198,0.565939,-0.4851096,-1.0001806
1754736565356,0.12024539,-0.8877918,-0.56154466
1754736565359,0.12024539,-0.8877918,-0.56154466
1754736565518,-0.25007847,-0.4278499,0.088419646
1754736565521,-0.25007847,-0.4278499,0.088419646
1754736565678,-0.4306463,0.27098492,0.31612685
1754736565681,-0.4306463,0.27098492,0.31612685
1754736565842,-0.13875492,0.49682787,0.45035428
1754736565845,-0.13875492,0.49682787,0.45035428
1754736566003,-0.037551716,0.33836493,0.160993
1754736566006,-0.037551716,0.33836493,0.160993
1754736566160,-0.019175345,0.11358728,0.018376373
1754736566163,-0.019175345,0.11358728,0.018376373
1754736566321,0.008788699,0.03914966,0.014381508
1754736566322,0.008788699,0.03914966,0.014381508
1754736566482,0.009321348,0.01890902,0.052599035
1754736566485,0.009321348,0.01890902,0.052599035
1754736566645,-0.008389213,-0.005992295,0.07603557
1754736566649,-0.008389213,-0.005992295,0.07603557
1754736566802,-7.989727E-4,-0.03715223,0.07124173
1754736566805,-7.989727E-4,-0.03715223,0.07124173
1754736566961,-0.0014647833,-0.03595377,0.068179004
1754736566964,-0.0014647833,-0.03595377,0.068179004
1754736567121,-0.0063917814,-0.03395634,0.068179004
1754736567124,-0.0063917814,-0.03395634,0.068179004
1754736567280,-7.989727E-4,-0.027298234,0.08828648
1754736567283,-7.989727E-4,-0.027298234,0.08828648
1754736567443,-0.018376373,-0.028097207,0.0527322
1754736567446,-0.018376373,-0.028097207,0.0527322
1754736567604,-0.018110048,-0.007856565,0.03395634
1754736567608,-0.018110048,-0.007856565,0.03395634
1754736567760,-0.004527512,-0.004527512,0.022371236
1754736567763,-0.004527512,-0.004527512,0.022371236
1754736567925,0.0019974317,-0.017843723,0.02703191
1754736567927,0.0019974317,-0.017843723,0.02703191
1754736568084,0.0017311075,-0.046473578,0.004660674
1754736568089,0.0017311075,-0.046473578,0.004660674
1754736568247,0.008655538,-0.033024207,0.02130594
1754736568251,0.008655538,-0.033024207,0.02130594
1754736568406,-0.010519807,-0.018775858,0.016112616
1754736568410,-0.010519807,-0.018775858,0.016112616
1754736568569,0.008788699,-0.00945451,-0.007989727
1754736568573,0.008788699,-0.00945451,-0.007989727
1754736568726,0.0023969181,0.019042183,-0.020240642
1754736568730,0.0023969181,0.019042183,-0.020240642
1754736568887,-0.0037285392,-0.0037285392,0.0014647833
1754736568891,-0.0037285392,-0.0037285392,0.0014647833
1754736569046,-3.9948634E-4,0.012117753,0.028896179
1754736569050,-3.9948634E-4,0.012117753,0.028896179
1754736569203,0.0011984591,0.015313643,0.020906452
1754736569206,0.0011984591,0.015313643,0.020906452
1754736569368,0.004128026,0.024768153,0.02703191
1754736569372,0.004128026,0.024768153,0.02703191
1754736569525,-0.008921862,0.022238074,0.018376373
1754736569529,-0.008921862,0.022238074,0.018376373
1754736569685,-0.0050601605,0.021705424,0.0011984591
1754736569689,-0.0050601605,0.021705424,0.0011984591
1754736569848,-0.016778426,0.045408282,0.002263756
1754736569852,-0.016778426,0.045408282,0.002263756
1754736570007,-0.021572262,0.0037285392,0.03768488
1754736570011,-0.021572262,0.0037285392,0.03768488
1754736570165,0.003595377,-0.01944167,0.039282825
1754736570168,0.003595377,-0.01944167,0.039282825
1754736570329,-1.3316212E-4,-0.0050601605,0.016378941
1754736570332,-1.3316212E-4,-0.0050601605,0.016378941
1754736570483,6.658106E-4,-0.011451942,0.02450183
1754736570486,6.658106E-4,-0.011451942,0.02450183
1754736570646,-0.0051933224,-0.012250915,0.019974317
1754736570650,-0.0051933224,-0.012250915,0.019974317
1754736570809,-0.02130594,-0.010919293,0.013316211
1754736570812,-0.02130594,-0.010919293,0.013316211
1754736570967,-0.073904976,0.09387929,-0.08522376
1754736570971,-0.073904976,0.09387929,-0.08522376
1754736571130,0.17204545,0.14927474,-0.16392256
1754736571133,0.17204545,0.14927474,-0.16392256
1754736571287,0.44409567,-0.014780995,-0.65395916
1754736571291,0.44409567,-0.014780995,-0.65395916
1754736571451,0.16525419,-0.4151995,-0.72280395
1754736571454,0.16525419,-0.4151995,-0.72280395
1754736571610,0.01384886,-0.4827127,-0.3884339
1754736571613,0.01384886,-0.4827127,-0.3884339
1754736571772,-0.15486754,-0.2109288,-0.16472153
1754736571776,-0.15486754,-0.2109288,-0.16472153
1754736571927,-0.204537,-0.031692583,-0.056727063
1754736571931,-0.204537,-0.031692583,-0.056727063
1754736572094,-0.13822228,0.03728539,-0.08628905
1754736572097,-0.13822228,0.03728539,-0.08628905
1754736572254,-0.016778426,0.039948635,-0.022903884
1754736572257,-0.016778426,0.039948635,-0.022903884
1754736572415,-0.13529271,0.033290528,0.17763826
1754736572418,-0.13529271,0.033290528,0.17763826
1754736572572,-0.27111807,0.27005276,0.3065392
1754736572575,-0.27111807,0.27005276,0.3065392
1754736572732,-0.14155133,0.3058734,0.28976077
1754736572736,-0.14155133,0.3058734,0.28976077
1754736572888,0.009587673,0.1483426,0.12384077
1754736572892,0.009587673,0.1483426,0.12384077
1754736573053,-0.0043943496,0.05206639,0.025433965
1754736573056,-0.0043943496,0.05206639,0.025433965
1754736573213,-0.036086936,0.029428829,0.025567126
1754736573216,-0.036086936,0.029428829,0.025567126
1754736573373,0.02516764,-0.035154797,0.03595377
1754736573376,0.02516764,-0.035154797,0.03595377
1754736573531,-5.3264847E-4,-0.0018642696,0.046074092
1754736573535,-5.3264847E-4,-0.0018642696,0.046074092
1754736573691,-0.0018642696,0.023037046,0.058591332
1754736573695,-0.0018642696,0.023037046,0.058591332
1754736573848,0.020373804,0.009321348,0.05033528
1754736573854,0.020373804,0.009321348,0.05033528
1754736574009,0.012916725,7.989727E-4,0.012250915
1754736574013,0.012916725,7.989727E-4,0.012250915
1754736574171,0.0025300803,-0.0085223755,-0.003595377
1754736574175,0.0025300803,-0.0085223755,-0.003595377
1754736574334,0.0061254576,-0.012650401,0.019974317
1754736574337,0.0061254576,-0.012650401,0.019974317
1754736574496,0.01198459,-0.021172777,0.029961476
1754736574499,0.01198459,-0.021172777,0.029961476
1754736574661,0.017577399,0.0014647833,0.019974317
1754736574664,0.017577399,0.0014647833,0.019974317
1754736574813,0.019707993,0.007190754,0.0130498875
1754736574816,0.019707993,0.007190754,0.0130498875
1754736574975,0.029029341,-0.02010748,0.022770721
1754736574978,0.029029341,-0.02010748,0.022770721
1754736575136,0.0302278,-0.025567126,0.015846292
1754736575139,0.0302278,-0.025567126,0.015846292
1754736575296,0.032358393,-0.021705424,0.016778426
1754736575299,0.032358393,-0.021705424,0.016778426
1754736575456,0.0070575923,-0.010253483,-0.0050601605
1754736575459,0.0070575923,-0.010253483,-0.0050601605
1754736575612,0.015979454,0.008389213,0.0014647833
1754736575615,0.015979454,0.008389213,0.0014647833
1754736575772,0.023836019,0.009188186,0.003595377
1754736575775,0.023836019,0.009188186,0.003595377
1754736575934,0.012783563,-0.0014647833,0.0025300803
1754736575937,0.012783563,-0.0014647833,0.0025300803
1754736576098,0.02516764,-0.025567126,-7.989727E-4
1754736576101,0.02516764,-0.025567126,-7.989727E-4
1754736576260,0.12410709,-0.019707993,-0.005725971
1754736576263,0.12410709,-0.019707993,-0.005725971
1754736576413,0.01944167,-0.029428829,0.044209823
1754736576417,0.01944167,-0.029428829,0.044209823
1754736576578,0.0017311075,-0.033823177,0.026099775
1754736576581,0.0017311075,-0.033823177,0.026099775
1754736576738,0.0039948635,0.0066581056,0.020373804
1754736576741,0.0039948635,0.0066581056,0.020373804
1754736576895,-0.021039614,0.012783563,-6.658106E-4
1754736576898,-0.021039614,0.012783563,-6.658106E-4
1754736577057,-0.0039948635,0.013582536,-1.3316212E-4
1754736577060,-0.0039948635,0.013582536,-1.3316212E-4
1754736577215,-0.009587673,0.0039948635,-0.0023969181
1754736577218,-0.009587673,0.0039948635,-0.0023969181
1754736577383,0.010786131,0.0070575923,0.00945451
1754736577386,0.010786131,0.0070575923,0.00945451
1754736577540,-0.0010652969,-1.3316212E-4,0.0047938363
1754736577543,-0.0010652969,-1.3316212E-4,0.0047938363
1754736577712,-0.008921862,0.0019974317,0.0047938363
1754736577718,-0.008921862,0.0019974317,0.0047938363
1754736577860,0.017710561,-0.0033290528,0.008655538
1754736577863,0.017710561,-0.0033290528,0.008655538
1754736578016,0.018775858,-0.0043943496,0.0017311075
1754736578019,0.018775858,-0.0043943496,0.0017311075
1754736578180,0.010519807,-0.014115185,0.012384077
1754736578183,0.010519807,-0.014115185,0.012384077
1754736578340,-0.0015979453,-0.023436533,0.012384077
1754736578343,-0.0015979453,-0.023436533,0.012384077
1754736578502,-3.9948634E-4,-0.013449374,0.018110048
1754736578505,-3.9948634E-4,-0.013449374,0.018110048
1754736578660,-0.0029295667,0.0037285392,0.011451942
1754736578662,-0.0029295667,0.0037285392,0.011451942
1754736578811,0.002263756,0.005992295,-0.0030627288
1754736578812,0.002263756,0.005992295,-0.0030627288
1754736578977,-0.0037285392,-9.321348E-4,0.007190754
1754736578980,-0.0037285392,-9.321348E-4,0.007190754
1754736579140,-0.007590241,-0.009188186,0.013582536
1754736579143,-0.007590241,-0.009188186,0.013582536
1754736579301,0.004128026,-0.014514671,0.010386645
1754736579304,0.004128026,-0.014514671,0.010386645
1754736579464,-0.0018642696,-0.007989727,-0.014248347
1754736579467,-0.0018642696,-0.007989727,-0.014248347
1754736579623,-0.007190754,0.0033290528,-0.02463499
1754736579626,-0.007190754,0.0033290528,-0.02463499
1754736579779,0.0037285392,-0.0039948635,-0.020373804
1754736579782,0.0037285392,-0.0039948635,-0.020373804
1754736579942,-0.0,-0.005326485,-0.007989727
1754736579946,-0.0,-0.005326485,-0.007989727
1754736580104,0.017311076,-0.025700288,0.011185618
1754736580107,0.017311076,-0.025700288,0.011185618
1754736580265,0.005326485,-0.031159936,0.03582061
1754736580268,0.005326485,-0.031159936,0.03582061
1754736580422,5.3264847E-4,-0.01890902,0.032757882
1754736580425,5.3264847E-4,-0.01890902,0.032757882
1754736580583,0.008256052,-0.01890902,0.02130594
1754736580586,0.008256052,-0.01890902,0.02130594
1754736580738,0.012250915,-6.658106E-4,0.02263756
1754736580741,0.012250915,-6.658106E-4,0.02263756
1754736580901,-0.0027964045,0.008122889,0.006791268
1754736580903,-0.0027964045,0.008122889,0.006791268
1754736581065,-0.003595377,0.01318305,-0.0037285392
1754736581068,-0.003595377,0.01318305,-0.0037285392
1754736581226,-0.026898747,-0.0018642696,-0.004660674
1754736581229,-0.026898747,-0.0018642696,-0.004660674
1754736581385,-0.01065297,-0.0043943496,0.018110048
1754736581387,-0.01065297,-0.0043943496,0.018110048
1754736581543,0.0029295667,-0.008389213,0.019707993
1754736581546,0.0029295667,-0.008389213,0.019707993
1754736581704,0.0077234027,-0.019042183,0.024102343
1754736581707,0.0077234027,-0.019042183,0.024102343
1754736581863,-0.005592809,-0.012384077,0.018509535
1754736581866,-0.005592809,-0.012384077,0.018509535
1754736582027,0.010386645,-0.01957483,0.02516764
1754736582031,0.010386645,-0.01957483,0.02516764
1754736582184,0.0027964045,-0.015979454,0.014780995
1754736582187,0.0027964045,-0.015979454,0.014780995
1754736582347,-0.0065249437,-0.010919293,0.028496694
1754736582351,-0.0065249437,-0.010919293,0.028496694
1754736582504,-0.012916725,-0.01131878,0.016245779
1754736582507,-0.012916725,-0.01131878,0.016245779
1754736582669,0.03209207,-0.0018642696,0.008655538
1754736582672,0.03209207,-0.0018642696,0.008655538
1754736582829,-0.021172777,-0.005326485,-0.028629854
1754736582833,-0.021172777,-0.005326485,-0.028629854
1754736582983,7.989727E-4,-0.0664479,0.018509535
1754736582986,7.989727E-4,-0.0664479,0.018509535
1754736583143,0.0017311075,-0.011451942,0.027298234
1754736583146,0.0017311075,-0.011451942,0.027298234
1754736583307,-0.0061254576,0.0038617013,0.0021305939
1754736583311,-0.0061254576,0.0038617013,0.0021305939
1754736583464,0.007856565,0.005326485,0.0065249437
1754736583467,0.007856565,0.005326485,0.0065249437
1754736583629,-0.009720835,0.065249436,-1.3316212E-4
1754736583633,-0.009720835,0.065249436,-1.3316212E-4
1754736583793,0.018376373,0.017976886,0.0054596467
1754736583796,0.018376373,0.017976886,0.0054596467
1754736583945,0.034089502,0.016112616,0.026099775
1754736583948,0.034089502,0.016112616,0.026099775
1754736584112,0.01384886,0.027298234,0.036353257
1754736584115,0.01384886,0.027298234,0.036353257
1754736584273,0.0130498875,-0.017044751,0.027431397
1754736584276,0.0130498875,-0.017044751,0.027431397
1754736584423,0.0025300803,-0.027165072,0.0058591333
1754736584426,0.0025300803,-0.027165072,0.0058591333
1754736584589,0.032358393,-0.05353117,0.0043943496
1754736584593,0.032358393,-0.05353117,0.0043943496
1754736584751,0.014914157,0.003462215,0.0010652969
1754736584754,0.014914157,0.003462215,0.0010652969
1754736584909,0.004926998,0.057526033,-0.010120321
1754736584912,0.004926998,0.057526033,-0.010120321
1754736585070,-0.017177913,0.0741713,-0.026632423
1754736585074,-0.017177913,0.0741713,-0.026632423
1754736585231,0.0043943496,0.05153374,-0.0263661
1754736585234,0.0043943496,0.05153374,-0.0263661
1754736585394,-0.0010652969,0.02583345,0.05113425
1754736585397,-0.0010652969,0.02583345,0.05113425
1754736585548,-0.011052456,0.0061254576,0.044742472
1754736585551,-0.011052456,0.0061254576,0.044742472
1754736585712,-0.02396918,-0.026898747,0.035687447
1754736585715,-0.02396918,-0.026898747,0.035687447
1754736585868,-0.0042611877,0.027964044,0.005592809
1754736585871,-0.0042611877,0.027964044,0.005592809
1754736586026,0.05113425,-0.022371236,0.013316211
1754736586029,0.05113425,-0.022371236,0.013316211
1754736586192,-0.036353257,-0.033024207,-6.658106E-4
1754736586195,-0.036353257,-0.033024207,-6.658106E-4
1754736586351,0.034488987,-0.019042183,0.028629854
1754736586354,0.034488987,-0.019042183,0.028629854
1754736586509,-0.018509535,-0.04221239,3.9948634E-4
1754736586513,-0.018509535,-0.04221239,3.9948634E-4
1754736586679,0.03968231,-0.01890902,0.014115185
1754736586682,0.03968231,-0.01890902,0.014115185
1754736586832,-0.03142626,-0.045008797,-0.020373804
1754736586836,-0.03142626,-0.045008797,-0.020373804
1754736586997,-0.010386645,-0.032225233,-0.0017311075
1754736587000,-0.010386645,-0.032225233,-0.0017311075
1754736587154,-0.009321348,-0.0047938363,-0.008788699
1754736587157,-0.009321348,-0.0047938363,-0.008788699
1754736587316,0.012517239,0.0027964045,0.013449374
1754736587320,0.012517239,0.0027964045,0.013449374
1754736587470,0.0023969181,-0.0074570784,0.014647833
1754736587473,0.0023969181,-0.0074570784,0.014647833
1754736587635,0.022903884,0.024768153,0.03715223
1754736587638,0.022903884,0.024768153,0.03715223
1754736587797,-0.0033290528,0.009720835,0.046074092
1754736587800,-0.0033290528,0.009720835,0.046074092
1754736587954,0.026499262,-0.0030627288,0.065782085
1754736587957,0.026499262,-0.0030627288,0.065782085
1754736588117,-0.0054596467,-0.01065297,0.02010748
1754736588120,-0.0054596467,-0.01065297,0.02010748
1754736588277,-0.009987159,-0.059257142,0.031559423
1754736588280,-0.009987159,-0.059257142,0.031559423
1754736588435,0.018642696,-0.07350549,0.030760448
1754736588438,0.018642696,-0.07350549,0.030760448
1754736588596,-0.010919293,-0.0015979453,-0.0085223755
1754736588599,-0.010919293,-0.0015979453,-0.0085223755
1754736588752,-0.029295666,0.027165072,0.009055024
1754736588756,-0.029295666,0.027165072,0.009055024
1754736588916,-0.028896179,-7.989727E-4,0.03395634
1754736588919,-0.028896179,-7.989727E-4,0.03395634
1754736589078,0.0014647833,-0.02077329,0.029295666
1754736589082,0.0014647833,-0.02077329,0.029295666
1754736589234,-0.003595377,-0.046739902,0.0026632424
1754736589237,-0.003595377,-0.046739902,0.0026632424
1754736589391,-0.0015979453,-0.059523467,0.0039948635
1754736589393,-0.0015979453,-0.059523467,0.0039948635
1754736589555,-0.034755312,-0.009853996,0.0263661
1754736589558,-0.034755312,-0.009853996,0.0263661
1754736589714,-0.02756456,-0.03954915,0.06484995
1754736589718,-0.02756456,-0.03954915,0.06484995
1754736589875,-0.01318305,-0.046207253,0.08402529
1754736589878,-0.01318305,-0.046207253,0.08402529
1754736590035,-0.023569694,-0.023436533,0.06298568
1754736590038,-0.023569694,-0.023436533,0.06298568
1754736590197,0.0017311075,-0.015446805,0.023037046
1754736590200,0.0017311075,-0.015446805,0.023037046
1754736590358,0.0074570784,-0.006791268,0.014514671
1754736590361,0.0074570784,-0.006791268,0.014514671
1754736590516,-0.0018642696,-0.010386645,0.03715223
1754736590519,-0.0018642696,-0.010386645,0.03715223
1754736590681,0.008389213,-0.04727255,0.07430446
1754736590684,0.008389213,-0.04727255,0.07430446
1754736590839,-0.04221239,-0.00692443,0.061387736
1754736590842,-0.04221239,-0.00692443,0.061387736
1754736590995,-0.04926998,0.021439102,0.07350549
1754736590998,-0.04926998,0.021439102,0.07350549
1754736591156,-0.013715698,0.017444238,0.11451942
1754736591159,-0.013715698,0.017444238,0.11451942
1754736591310,0.020906452,-0.051400576,0.05286536
1754736591312,0.020906452,-0.051400576,0.05286536
1754736591472,0.08322632,0.1528701,0.1592619
1754736591474,0.08322632,0.1528701,0.1592619
1754736591639,0.016645264,0.43637225,0.20360488
1754736591642,0.016645264,0.43637225,0.20360488
1754736591799,0.78792024,0.13476007,-0.8932515
1754736591802,0.78792024,0.13476007,-0.8932515
1754736591961,0.16072668,-0.9479811,-0.989794
1754736591964,0.16072668,-0.9479811,-0.989794
1754736592119,-0.71508056,-0.24768154,0.22690825
1754736592122,-0.71508056,-0.24768154,0.22690825
1754736592278,-0.09321348,1.0041755,0.5310505
1754736592281,-0.09321348,1.0041755,0.5310505
1754736592443,-0.07750035,0.5219955,0.052998524
1754736592447,-0.07750035,0.5219955,0.052998524
1754736592595,-0.21985066,0.1785704,-0.11411993
1754736592598,-0.21985066,0.1785704,-0.11411993
1754736592756,0.016112616,-0.013316211,-0.18269843
1754736592759,0.016112616,-0.013316211,-0.18269843
1754736592924,0.027298234,-0.05725971,-0.12517239
1754736592927,0.027298234,-0.05725971,-0.12517239
1754736593081,-0.11092404,-0.06884482,-0.012517239
1754736593084,-0.11092404,-0.06884482,-0.012517239
1754736593237,-0.0400818,-0.067646354,-0.041147094
1754736593241,-0.0400818,-0.067646354,-0.041147094
1754736593403,0.19281875,0.05459647,0.044875633
1754736593406,0.19281875,0.05459647,0.044875633
1754736593559,0.039415985,0.030094638,-0.27471346
1754736593562,0.039415985,0.030094638,-0.27471346
1754736593722,0.4938983,-0.204537,-0.79977167
1754736593725,0.4938983,-0.204537,-0.79977167
1754736593884,0.1423503,-0.7021638,-0.87820417
1754736593887,0.1423503,-0.7021638,-0.87820417
1754736594044,-0.31080037,-0.22171493,-0.3494174
1754736594047,-0.31080037,-0.22171493,-0.3494174
1754736594203,-0.17537451,0.19241926,0.021172777
1754736594206,-0.17537451,0.19241926,0.021172777
1754736594361,0.011585104,0.080296755,0.089751266
1754736594364,0.011585104,0.080296755,0.089751266
1754736594524,0.057659198,-0.034488987,0.20267273
1754736594527,0.057659198,-0.034488987,0.20267273
1754736594691,0.05219955,-0.03462215,0.19761258
1754736594694,0.05219955,-0.03462215,0.19761258
1754736594840,0.046207253,0.021039614,0.1550007
1754736594843,0.046207253,0.021039614,0.1550007
1754736595000,0.009587673,0.0037285392,0.09880629
1754736595003,0.009587673,0.0037285392,0.09880629
1754736595160,0.004527512,0.031825747,0.07004327
1754736595163,0.004527512,0.031825747,0.07004327
1754736595328,0.037951205,0.0050601605,0.041147094
1754736595332,0.037951205,0.0050601605,0.041147094
1754736595484,-0.19734626,0.16006087,0.4105388
1754736595487,-0.19734626,0.16006087,0.4105388
1754736595644,-0.08096257,0.5198649,0.6142768
1754736595647,-0.08096257,0.5198649,0.6142768
1754736595806,-0.026499262,0.3353022,-3.9948634E-4
1754736595809,-0.026499262,0.3353022,-3.9948634E-4
1754736595966,0.06285252,0.11025824,-0.3307747
1754736595969,0.06285252,0.11025824,-0.3307747
1754736596123,-0.10706234,0.020240642,-0.24688256
1754736596126,-0.10706234,0.020240642,-0.24688256
1754736596285,-0.04460931,0.0896181,0.08881913
1754736596289,-0.04460931,0.0896181,0.08881913
1754736596446,0.05539544,0.0011984591,0.16365623
1754736596450,0.05539544,0.0011984591,0.16365623
1754736596605,0.045408282,0.012384077,0.12397393
1754736596609,0.045408282,0.012384077,0.12397393
1754736596769,0.00692443,0.01957483,0.12463974
1754736596772,0.00692443,0.01957483,0.12463974
1754736596927,0.15899557,0.0026632424,0.15140532
1754736596931,0.15899557,0.0026632424,0.15140532
1754736597085,0.025433965,0.015446805,0.120378554
1754736597089,0.025433965,0.015446805,0.120378554
1754736597245,-0.009720835,-0.007989727,0.10093688
1754736597248,-0.009720835,-0.007989727,0.10093688
1754736597408,0.0066581056,-0.023170209,0.07230703
1754736597411,0.0066581056,-0.023170209,0.07230703
1754736597568,-0.011052456,-0.02463499,0.065249436
1754736597572,-0.011052456,-0.02463499,0.065249436
1754736597730,-0.020240642,-0.0013316212,0.04527512
1754736597734,-0.020240642,-0.0013316212,0.04527512
1754736597885,-3.9948634E-4,0.015313643,0.04034812
1754736597889,-3.9948634E-4,0.015313643,0.04034812
1754736598049,0.02516764,0.041147094,0.06405098
1754736598052,0.02516764,0.041147094,0.06405098
1754736598206,-0.0042611877,0.058191843,0.06671422
1754736598210,-0.0042611877,0.058191843,0.06671422
1754736598365,0.013316211,0.041679744,0.073106006
1754736598368,0.013316211,0.041679744,0.073106006
1754736598529,0.008788699,-0.048337847,-0.060056116
1754736598532,0.008788699,-0.048337847,-0.060056116
1754736598692,0.10000475,-0.21305938,-0.33969656
1754736598695,0.10000475,-0.21305938,-0.33969656
1754736598852,0.0077234027,-0.24754837,-0.6042897
1754736598855,0.0077234027,-0.24754837,-0.6042897
1754736599007,0.27298233,-0.3275788,-0.67473245
1754736599008,0.27298233,-0.3275788,-0.67473245
1754736599169,0.29801682,-0.56247675,-0.47352448
1754736599172,0.29801682,-0.56247675,-0.47352448
1754736599331,-0.09441194,-0.32731247,0.09574356
1754736599335,-0.09441194,-0.32731247,0.09574356
1754736599487,-0.50455123,0.37565035,0.39322773
1754736599491,-0.50455123,0.37565035,0.39322773
1754736599647,-0.27790934,0.64876586,0.5030865
1754736599651,-0.27790934,0.64876586,0.5030865
1754736599806,0.016112616,0.21518998,0.13369477
1754736599810,0.016112616,0.21518998,0.13369477
1754736599973,-0.16498786,0.017177913,-0.1367575
1754736599976,-0.16498786,0.017177913,-0.1367575
1754736600134,-0.04460931,0.08109573,-0.012117753
1754736600137,-0.04460931,0.08109573,-0.012117753
1754736600295,0.03142626,-0.017577399,0.035154797
1754736600298,0.03142626,-0.017577399,0.035154797
1754736600448,0.046473578,6.658106E-4,0.045940932
1754736600451,0.046473578,6.658106E-4,0.045940932
1754736600609,0.035421122,0.02450183,0.04727255
1754736600613,0.035421122,0.02450183,0.04727255
1754736600781,0.03582061,0.04261188,0.06378465
1754736600787,0.03582061,0.04261188,0.06378465
1754736600933,0.04327769,0.016378941,0.049536306
1754736600936,0.04327769,0.016378941,0.049536306
1754736601091,0.020640127,0.007190754,0.047405712
1754736601094,0.020640127,0.007190754,0.047405712
1754736601249,0.044476148,0.009188186,0.09467827
1754736601252,0.044476148,0.009188186,0.09467827
1754736601411,0.012783563,-0.0070575923,0.065782085
1754736601414,0.012783563,-0.0070575923,0.065782085
1754736601574,0.038084365,2.6632423E-4,0.029695151
1754736601577,0.038084365,2.6632423E-4,0.029695151
1754736601735,0.010786131,0.014647833,0.037418555
1754736601738,0.010786131,0.014647833,0.037418555
1754736601892,-0.0039948635,0.007590241,0.04141342
1754736601895,-0.0039948635,0.007590241,0.04141342
1754736602056,0.0039948635,0.008256052,0.05339801
1754736602059,0.0039948635,0.008256052,0.05339801
1754736602214,3.9948634E-4,0.003595377,0.03954915
1754736602217,3.9948634E-4,0.003595377,0.03954915
1754736602377,0.12490606,-0.007190754,0.06698055
1754736602380,0.12490606,-0.007190754,0.06698055
1754736602537,0.078166164,-0.019042183,0.06285252
1754736602540,0.078166164,-0.019042183,0.06285252
1754736602701,-0.017044751,-0.015846292,0.075236596
1754736602704,-0.017044751,-0.015846292,0.075236596
1754736602851,-0.011851428,-0.0017311075,0.04141342
1754736602854,-0.011851428,-0.0017311075,0.04141342
1754736603018,-0.01065297,0.0054596467,2.6632423E-4
1754736603021,-0.01065297,0.0054596467,2.6632423E-4
1754736603175,-0.010519807,0.0066581056,-0.0051933224
1754736603178,-0.010519807,0.0066581056,-0.0051933224
1754736603337,-0.003462215,0.013982022,0.04274504
1754736603341,-0.003462215,0.013982022,0.04274504
1754736603495,-0.0018642696,0.008256052,0.051400576
1754736603498,-0.0018642696,0.008256052,0.051400576
1754736603657,-0.012650401,0.012650401,0.027830882
1754736603660,-0.012650401,0.012650401,0.027830882
1754736603817,-0.007989727,0.017577399,0.01384886
1754736603821,-0.007989727,0.017577399,0.01384886
1754736603983,0.0031958907,0.017177913,0.01318305
1754736603986,0.0031958907,0.017177913,0.01318305
1754736604144,-0.004660674,0.004926998,0.015047319
1754736604147,-0.004660674,0.004926998,0.015047319
1754736604300,-6.658106E-4,-0.0066581056,0.018376373
1754736604303,-6.658106E-4,-0.0066581056,0.018376373
1754736604459,-0.005992295,-0.004660674,0.019707993
1754736604462,-0.005992295,-0.004660674,0.019707993
1754736604617,-0.005992295,9.321348E-4,0.03701907
1754736604621,-0.005992295,9.321348E-4,0.03701907
1754736604776,-0.012117753,-0.0043943496,0.058990818
1754736604779,-0.012117753,-0.0043943496,0.058990818
1754736604941,-0.028363531,-0.018376373,0.07457078
1754736604944,-0.028363531,-0.018376373,0.07457078
1754736605099,-0.00945451,-0.05153374,0.11185618
1754736605102,-0.00945451,-0.05153374,0.11185618
1754736605260,-0.03089361,-0.028763017,0.08309316
1754736605263,-0.03089361,-0.028763017,0.08309316
1754736605420,-0.012117753,-0.009720835,0.033024207
1754736605423,-0.012117753,-0.009720835,0.033024207
1754736605580,-0.0047938363,0.02450183,0.035021637
1754736605583,-0.0047938363,0.02450183,0.035021637
1754736605737,0.0021305939,0.03209207,0.07057592
1754736605740,0.0021305939,0.03209207,0.07057592
1754736605902,0.0015979453,0.054862794,0.10107005
1754736605905,0.0015979453,0.054862794,0.10107005
1754736606057,-0.0025300803,0.032891043,0.08615589
1754736606060,-0.0025300803,0.032891043,0.08615589
1754736606221,0.01957483,0.037551716,0.0956104
1754736606224,0.01957483,0.037551716,0.0956104
1754736606378,0.17963569,0.044742472,0.05113425
1754736606381,0.17963569,0.044742472,0.05113425
1754736606538,0.48843864,0.10839396,-0.050202116
1754736606540,0.48843864,0.10839396,-0.050202116
1754736606705,0.610282,-0.20946401,-0.90470344
1754736606708,0.610282,-0.20946401,-0.90470344
1754736606863,0.39429304,-0.9016407,-0.6779283
1754736606866,0.39429304,-0.9016407,-0.6779283
1754736607019,-0.41040564,-0.46460262,-0.03595377
1754736607022,-0.41040564,-0.46460262,-0.03595377
1754736607182,-0.6446378,0.37391922,0.27018595
1754736607185,-0.6446378,0.37391922,0.27018595
1754736607341,-0.2992153,0.6205355,0.4305131
1754736607344,-0.2992153,0.6205355,0.4305131
1754736607498,0.18110047,0.16725162,-0.05912398
1754736607502,0.18110047,0.16725162,-0.05912398
1754736607660,0.15646549,-0.229172,-0.14288296
1754736607663,0.15646549,-0.229172,-0.14288296
1754736607823,-0.12357444,-0.40601128,0.12290864
1754736607826,-0.12357444,-0.40601128,0.12290864
1754736607983,-0.11944642,-0.29229084,0.09228135
1754736607986,-0.11944642,-0.29229084,0.09228135
1754736608146,-0.04980263,-0.16125932,0.087620676
1754736608150,-0.04980263,-0.16125932,0.087620676
1754736608307,0.006791268,-0.09148237,0.115584716
1754736608311,0.006791268,-0.09148237,0.115584716
1754736608465,0.007856565,-0.028629854,0.11278831
1754736608468,0.007856565,-0.028629854,0.11278831
1754736608620,-0.0,-0.003595377,0.07323916
1754736608622,-0.0,-0.003595377,0.07323916
1754736608786,-0.017044751,0.009987159,0.022770721
1754736608789,-0.017044751,0.009987159,0.022770721
1754736608945,-0.012650401,0.01198459,0.0011984591
1754736608948,-0.012650401,0.01198459,0.0011984591
1754736609102,0.002263756,0.014115185,0.026099775
1754736609106,0.002263756,0.014115185,0.026099775
1754736609257,0.011052456,-0.0061254576,0.051933225
1754736609258,0.011052456,-0.0061254576,0.051933225
1754736609421,-0.0031958907,-0.013715698,0.045807768
1754736609423,-0.0031958907,-0.013715698,0.045807768
1754736609580,0.0050601605,0.0043943496,0.04980263
1754736609583,0.0050601605,0.0043943496,0.04980263
1754736609743,0.008256052,-0.0013316212,0.0263661
1754736609746,0.008256052,-0.0013316212,0.0263661
1754736609901,0.0065249437,-0.0,0.004128026
1754736609904,0.0065249437,-0.0,0.004128026
1754736610066,-0.009987159,-0.007856565,0.004926998
1754736610069,-0.009987159,-0.007856565,0.004926998
1754736610231,-0.0013316212,-0.015313643,0.02516764
1754736610235,-0.0013316212,-0.015313643,0.02516764
1754736610393,-0.0017311075,-0.01824321,0.032891043
1754736610400,-0.0017311075,-0.01824321,0.032891043
1754736610545,0.012384077,-0.017177913,0.034888476
1754736610548,0.012384077,-0.017177913,0.034888476
1754736610707,0.0019974317,0.010386645,0.011851428
1754736610711,0.0019974317,0.010386645,0.011851428
1754736610866,-9.321348E-4,0.019308507,0.0058591333
1754736610870,-9.321348E-4,0.019308507,0.0058591333
1754736611027,0.0054596467,0.018110048,0.023170209
1754736611031,0.0054596467,0.018110048,0.023170209
1754736611190,-0.016245779,0.012650401,0.046340417
1754736611193,-0.016245779,0.012650401,0.046340417
1754736611353,-0.032225233,-0.022903884,0.064716786
1754736611356,-0.032225233,-0.022903884,0.064716786
1754736611504,-0.0085223755,-0.0390165,0.07057592
1754736611507,-0.0085223755,-0.0390165,0.07057592
1754736611672,0.0058591333,-0.027165072,0.056061253
1754736611675,0.0058591333,-0.027165072,0.056061253
1754736611829,-0.010786131,2.6632423E-4,0.028097207
1754736611833,-0.010786131,2.6632423E-4,0.028097207
1754736611990,-0.020906452,0.020373804,0.016245779
1754736611994,-0.020906452,0.020373804,0.016245779
1754736612153,-0.0029295667,-0.009188186,0.019308507
1754736612156,-0.0029295667,-0.009188186,0.019308507
1754736612313,0.0042611877,-0.028763017,0.005326485
1754736612316,0.0042611877,-0.028763017,0.005326485
1754736612465,0.011185618,-0.015313643,0.0015979453
1754736612471,0.011185618,-0.015313643,0.0015979453
1754736612632,0.021439102,0.01957483,0.0130498875
1754736612636,0.021439102,0.01957483,0.0130498875
1754736612786,0.006791268,0.012650401,-0.007856565
1754736612790,0.006791268,0.012650401,-0.007856565
1754736612952,-0.0018642696,0.005992295,-0.004660674
1754736612955,-0.0018642696,0.005992295,-0.004660674
1754736613113,0.007989727,-0.011585104,0.004128026
1754736613116,0.007989727,-0.011585104,0.004128026
1754736613272,0.008122889,0.0054596467,-0.013582536
1754736613275,0.008122889,0.0054596467,-0.013582536
1754736613433,0.014914157,0.022104912,-0.022903884
1754736613436,0.014914157,0.022104912,-0.022903884
1754736613593,-1.3316212E-4,0.02077329,-0.031958908
1754736613597,-1.3316212E-4,0.02077329,-0.031958908
1754736613749,-0.010786131,0.04527512,0.0074570784
1754736613755,-0.010786131,0.04527512,0.0074570784
1754736613913,0.0026632424,0.032491557,0.06911114
1754736613916,0.0026632424,0.032491557,0.06911114
1754736614072,0.059390303,-0.031159936,0.105863884
1754736614075,0.059390303,-0.031159936,0.105863884
1754736614233,0.050068956,-0.049536306,0.091881864
1754736614236,0.050068956,-0.049536306,0.091881864
1754736614397,0.03888334,-0.046873067,0.08362581
1754736614400,0.03888334,-0.046873067,0.08362581
1754736614555,0.023436533,-0.043544013,0.07377181
1754736614558,0.023436533,-0.043544013,0.07377181
1754736614716,0.030360963,-0.026232937,0.053664334
1754736614719,0.030360963,-0.026232937,0.053664334
1754736614877,0.052599035,-0.0021305939,0.023569694
1754736614881,0.052599035,-0.0021305939,0.023569694
1754736615037,-0.008788699,0.017444238,-0.004527512
1754736615040,-0.008788699,0.017444238,-0.004527512
1754736615192,-0.010120321,0.010919293,0.003462215
1754736615195,-0.010120321,0.010919293,0.003462215
1754736615350,-0.11079088,0.0025300803,-0.1631236
1754736615354,-0.11079088,0.0025300803,-0.1631236
1754736615516,0.3813763,-0.18283159,-0.61494267
1754736615518,0.3813763,-0.18283159,-0.61494267
1754736615670,0.47046176,-0.8849954,-0.4980263
1754736615673,0.47046176,-0.8849954,-0.4980263
1754736615831,-0.4362391,-0.45035428,-0.065782085
1754736615835,-0.4362391,-0.45035428,-0.065782085
1754736615994,-0.40441334,0.6081514,0.15380225
1754736615997,-0.40441334,0.6081514,0.15380225
1754736616158,-0.10013791,0.97181714,0.35780662
1754736616161,-0.10013791,0.97181714,0.35780662
1754736616321,0.40241593,0.59909636,-0.55422074
1754736616324,0.40241593,0.59909636,-0.55422074
1754736616477,0.13116468,-0.29628572,-0.838655
1754736616480,0.13116468,-0.29628572,-0.838655
1754736616631,-0.15193798,-0.35474387,-0.40654394
1754736616634,-0.15193798,-0.35474387,-0.40654394
1754736616793,-0.07044276,-0.12517239,-0.07097541
1754736616796,-0.07044276,-0.12517239,-0.07097541
1754736616957,-0.029162504,-0.017577399,0.09694202
1754736616961,-0.029162504,-0.017577399,0.09694202
1754736617116,0.0026632424,0.004527512,0.1275693
1754736617119,0.0026632424,0.004527512,0.1275693
1754736617277,0.01384886,0.029828314,0.08775383
1754736617280,0.01384886,0.029828314,0.08775383
1754736617435,0.0026632424,0.0019974317,0.03661958
1754736617438,0.0026632424,0.0019974317,0.03661958
1754736617596,-0.009987159,-0.012250915,0.005326485
1754736617599,-0.009987159,-0.012250915,0.005326485
1754736617758,-0.0030627288,0.024368668,0.04274504
1754736617761,-0.0030627288,0.024368668,0.04274504
1754736617919,0.02516764,0.026232937,0.056061253
1754736617922,0.02516764,0.026232937,0.056061253
1754736618082,0.021439102,-0.0058591333,0.05206639
1754736618086,0.021439102,-0.0058591333,0.05206639
1754736618239,0.01384886,-7.989727E-4,0.025034478
1754736618242,0.01384886,-7.989727E-4,0.025034478
1754736618397,0.044342984,-0.021838587,0.043011364
1754736618399,0.044342984,-0.021838587,0.043011364
1754736618559,0.05512912,-0.021705424,0.06351833
1754736618562,0.05512912,-0.021705424,0.06351833
1754736618716,0.020240642,0.017444238,0.033423692
1754736618719,0.020240642,0.017444238,0.033423692
1754736618881,-0.0015979453,0.012783563,0.020373804
1754736618884,-0.0015979453,0.012783563,0.020373804
1754736619041,0.009720835,-0.008256052,0.02396918
1754736619044,0.009720835,-0.008256052,0.02396918
1754736619198,-0.0021305939,-0.01198459,0.02823037
1754736619201,-0.0021305939,-0.01198459,0.02823037
1754736619352,0.0017311075,0.0054596467,0.024368668
1754736619353,0.0017311075,0.0054596467,0.024368668
1754736619517,0.0085223755,-0.0014647833,0.01944167
1754736619520,0.0085223755,-0.0014647833,0.01944167
1754736619676,0.010120321,0.010386645,0.018110048
1754736619679,0.010120321,0.010386645,0.018110048
1754736619840,0.008655538,0.0061254576,0.021172777
1754736619843,0.008655538,0.0061254576,0.021172777
1754736620006,0.04274504,-6.658106E-4,0.02769772
1754736620012,0.04274504,-6.658106E-4,0.02769772
1754736620162,0.039282825,-0.032358393,0.02756456
1754736620165,0.039282825,-0.032358393,0.02756456
1754736620325,0.012916725,0.0039948635,0.031159936
1754736620328,0.012916725,0.0039948635,0.031159936
1754736620482,3.9948634E-4,0.008788699,0.0263661
1754736620485,3.9948634E-4,0.008788699,0.0263661
1754736620644,0.0043943496,-0.009321348,0.02330337
1754736620649,0.0043943496,-0.009321348,0.02330337
1754736620805,0.0070575923,-0.0019974317,0.019707993
1754736620807,0.0070575923,-0.0019974317,0.019707993
1754736620963,0.0011984591,0.0050601605,0.011052456
1754736620966,0.0011984591,0.0050601605,0.011052456
1754736621122,0.01890902,-0.011718267,0.012650401
1754736621125,0.01890902,-0.011718267,0.012650401
1754736621281,-0.008788699,-0.015579968,0.016512103
1754736621284,-0.008788699,-0.015579968,0.016512103
1754736621441,-0.0023969181,-0.053264845,0.026632423
1754736621444,-0.0023969181,-0.053264845,0.026632423
1754736621605,-0.032358393,-0.045541443,0.010519807
1754736621608,-0.032358393,-0.045541443,0.010519807
1754736621761,0.011185618,-0.029961476,-0.008122889
1754736621764,0.011185618,-0.029961476,-0.008122889
1754736621921,0.0030627288,0.0,0.004128026
1754736621924,0.0030627288,0.0,0.004128026
1754736622081,-0.009587673,0.011851428,0.020640127
1754736622084,-0.009587673,0.011851428,0.020640127
1754736622245,0.025966613,0.012517239,0.038617015
1754736622249,0.025966613,0.012517239,0.038617015
1754736622401,0.025433965,0.0439435,0.04034812
1754736622404,0.025433965,0.0439435,0.04034812
1754736622565,-0.011052456,0.04926998,6.658106E-4
1754736622568,-0.011052456,0.04926998,6.658106E-4
1754736622726,0.013449374,0.05046844,0.0038617013
1754736622730,0.013449374,0.05046844,0.0038617013
1754736622881,0.013449374,0.016378941,0.017577399
1754736622884,0.013449374,0.016378941,0.017577399
1754736623044,0.020906452,-0.014381508,0.04261188
1754736623048,0.020906452,-0.014381508,0.04261188
1754736623207,0.004527512,-0.031825747,0.04154658
1754736623211,0.004527512,-0.031825747,0.04154658
1754736623367,0.011052456,-0.01318305,0.043810338
1754736623371,0.011052456,-0.01318305,0.043810338
1754736623526,0.018110048,0.0010652969,0.03954915
1754736623529,0.018110048,0.0010652969,0.03954915
1754736623685,-5.3264847E-4,-0.011451942,0.027298234
1754736623687,-5.3264847E-4,-0.011451942,0.027298234
1754736623847,0.017976886,-0.027830882,0.007190754
1754736623850,0.017976886,-0.027830882,0.007190754
1754736624009,0.022104912,-0.047672037,-0.030494126
1754736624014,0.022104912,-0.047672037,-0.030494126
1754736624170,-0.05393066,-0.094278775,-0.17803775
1754736624174,-0.05393066,-0.094278775,-0.17803775
1754736624330,-0.046473578,-0.3166595,-0.3526133
1754736624334,-0.046473578,-0.3166595,-0.3526133
1754736624484,-0.1961478,-0.49096873,-0.19574831
1754736624487,-0.1961478,-0.49096873,-0.19574831
1754736624651,-0.34422407,0.064716786,0.14927474
1754736624654,-0.34422407,0.064716786,0.14927474
1754736624803,0.0062586195,0.55528605,0.52665615
1754736624806,0.0062586195,0.55528605,0.52665615
1754736624970,0.16884956,0.47738618,0.4006848
1754736624974,0.16884956,0.47738618,0.4006848
1754736625135,0.17284442,0.115851045,-0.051400576
1754736625138,0.17284442,0.115851045,-0.051400576
1754736625289,0.016112616,-0.027964044,-0.34928423
1754736625292,0.016112616,-0.027964044,-0.34928423
1754736625450,-0.046873067,-0.113986775,-0.31945592
1754736625456,-0.046873067,-0.113986775,-0.31945592
1754736625611,-0.056993388,-0.10186902,-0.21345888
1754736625615,-0.056993388,-0.10186902,-0.21345888
1754736625771,0.08242735,-0.0302278,-0.113454126
1754736625774,0.08242735,-0.0302278,-0.113454126
1754736625930,0.014780995,0.04327769,-0.08881913
1754736625933,0.014780995,0.04327769,-0.08881913
1754736626090,0.0017311075,0.011451942,-0.033423692
1754736626094,0.0017311075,0.011451942,-0.033423692
1754736626249,0.04154658,-0.015180482,0.009188186
1754736626253,0.04154658,-0.015180482,0.009188186
1754736626412,0.07643505,0.009587673,0.027830882
1754736626415,0.07643505,0.009587673,0.027830882
1754736626573,0.020906452,0.06285252,0.02516764
1754736626576,0.020906452,0.06285252,0.02516764
1754736626728,-0.025966613,0.07430446,0.033423692
1754736626732,-0.025966613,0.07430446,0.033423692
1754736626886,0.029295666,0.033290528,0.0390165
1754736626890,0.029295666,0.033290528,0.0390165
1754736627049,0.011585104,0.015180482,0.027431397
1754736627053,0.011585104,0.015180482,0.027431397
1754736627214,0.0400818,-0.005992295,0.053264845
1754736627217,0.0400818,-0.005992295,0.053264845
1754736627374,0.030627286,0.01065297,0.052998524
1754736627377,0.030627286,0.01065297,0.052998524
1754736627534,0.0014647833,0.049935795,0.036353257
1754736627537,0.0014647833,0.049935795,0.036353257
1754736627693,-0.0070575923,0.05646074,0.0029295667
1754736627696,-0.0070575923,0.05646074,0.0029295667
1754736627853,0.026765585,0.033423692,-0.017177913
1754736627856,0.026765585,0.033423692,-0.017177913
1754736628013,-0.00692443,0.08802016,-0.009853996
1754736628017,-0.00692443,0.08802016,-0.009853996
1754736628176,-0.030360963,0.11864745,-0.011718267
1754736628179,-0.030360963,0.11864745,-0.011718267
1754736628337,-0.015979454,0.06458363,-0.023702856
1754736628340,-0.015979454,0.06458363,-0.023702856
1754736628492,0.019841155,0.06285252,-0.029295666
1754736628496,0.019841155,0.06285252,-0.029295666
1754736628660,0.058458168,0.1209112,-0.10759499
1754736628662,0.058458168,0.1209112,-0.10759499
1754736628812,0.08269367,0.07550292,-0.20160745
1754736628815,0.08269367,0.07550292,-0.20160745
1754736628975,0.14780995,0.13129784,-0.239026
1754736628978,0.14780995,0.13129784,-0.239026
1754736629133,0.10919294,0.1922861,-0.27125123
1754736629136,0.10919294,0.1922861,-0.27125123
1754736629289,0.11731582,0.16352308,-0.26632422
1754736629295,0.11731582,0.16352308,-0.26632422
1754736629452,0.07257336,0.044875633,-0.10959242
1754736629455,0.07257336,0.044875633,-0.10959242
1754736629618,0.024768153,0.010786131,0.11185618
1754736629625,0.024768153,0.010786131,0.11185618
1754736629773,-0.094278775,-0.07044276,0.15832976
1754736629776,-0.094278775,-0.07044276,0.15832976
1754736629937,-0.15566652,0.027964044,0.056194413
1754736629940,-0.15566652,0.027964044,0.056194413
1754736630096,0.021439102,0.17803775,-0.09467827
1754736630099,0.021439102,0.17803775,-0.09467827
1754736630255,0.20253958,0.33663383,-0.24621676
1754736630259,0.20253958,0.33663383,-0.24621676
1754736630418,0.11465258,0.38057733,-0.3965568
1754736630421,0.11465258,0.38057733,-0.3965568
1754736630577,0.092947155,0.30068007,-0.38830075
1754736630580,0.092947155,0.30068007,-0.38830075
1754736630737,0.07550292,0.29242402,-0.25460598
1754736630740,0.07550292,0.29242402,-0.25460598
1754736630901,0.012384077,0.0023969181,-0.078698814
1754736630905,0.012384077,0.0023969181,-0.078698814
1754736631057,0.050202116,-0.18323107,0.041147094
1754736631061,0.050202116,-0.18323107,0.041147094
1754736631220,0.028629854,0.046340417,-0.045541443
1754736631223,0.028629854,0.046340417,-0.045541443
1754736631380,0.10107005,0.21772006,-0.19947685
1754736631383,0.10107005,0.21772006,-0.19947685
1754736631535,0.12011223,0.34222665,-0.3093356
1754736631538,0.12011223,0.34222665,-0.3093356
1754736631693,0.119046934,0.33769912,-0.27857515
1754736631697,0.119046934,0.33769912,-0.27857515
1754736631859,0.09800732,0.18309791,-0.13689065
1754736631863,0.09800732,0.18309791,-0.13689065
1754736632014,0.046207253,0.119046934,-0.091615535
1754736632017,0.046207253,0.119046934,-0.091615535
1754736632181,0.020373804,0.10146953,-0.105863884
1754736632184,0.020373804,0.10146953,-0.105863884
1754736632342,0.03768488,-0.11731582,-0.06964379
1754736632345,0.03768488,-0.11731582,-0.06964379
1754736632496,0.045541443,-0.50215435,0.09747467
1754736632499,0.045541443,-0.50215435,0.09747467
1754736632656,-0.18482901,-0.7695439,0.756494
1754736632660,-0.18482901,-0.7695439,0.756494
1754736632821,-0.6873829,0.15273695,1.2321491
1754736632824,-0.6873829,0.15273695,1.2321491
1754736632983,-0.52665615,0.04980263,0.9264088
1754736632986,-0.52665615,0.04980263,0.9264088
1754736633136,-0.20600179,-0.3226518,0.21066247
1754736633139,-0.20600179,-0.3226518,0.21066247
1754736633302,-0.243953,-0.600428,-0.2928235
1754736633305,-0.243953,-0.600428,-0.2928235
1754736633451,0.21359204,-0.69737,-0.31958908
1754736633452,0.21359204,-0.69737,-0.31958908
1754736633616,-0.017976886,-0.38071048,-0.32638034
1754736633619,-0.017976886,-0.38071048,-0.32638034
1754736633780,-0.02450183,-0.12783563,-0.10067056
1754736633783,-0.02450183,-0.12783563,-0.10067056
1754736633942,0.03462215,-0.046074092,0.03968231
1754736633945,0.03462215,-0.046074092,0.03968231
1754736634099,0.02756456,0.031159936,0.09521092
1754736634102,0.02756456,0.031159936,0.09521092
1754736634264,0.01824321,-0.008256052,0.12051172
1754736634267,0.01824321,-0.008256052,0.12051172
1754736634422,-0.0026632424,-0.03395634,0.12530555
1754736634425,-0.0026632424,-0.03395634,0.12530555
1754736634582,-0.01198459,-0.031559423,0.091881864
1754736634585,-0.01198459,-0.031559423,0.091881864
1754736634744,0.02197175,-0.04727255,0.046473578
1754736634747,0.02197175,-0.04727255,0.046473578
1754736634903,0.045940932,-0.07643505,0.005992295
1754736634906,0.045940932,-0.07643505,0.005992295
1754736635061,0.03715223,-0.056727063,0.008122889
1754736635064,0.03715223,-0.056727063,0.008122889
1754736635232,0.0478052,-0.019308507,0.027964044
1754736635235,0.0478052,-0.019308507,0.027964044
1754736635380,0.011451942,0.022504399,0.008122889
1754736635383,0.011451942,0.022504399,0.008122889
1754736635543,0.0604556,-0.0061254576,-0.0017311075
1754736635546,0.0604556,-0.0061254576,-0.0017311075
1754736635705,0.011052456,-0.03528796,-0.030627286
1754736635708,0.011052456,-0.03528796,-0.030627286
1754736635864,0.014514671,0.004527512,0.008921862
1754736635867,0.014514671,0.004527512,0.008921862
1754736636027,0.009321348,0.021838587,0.059390303
1754736636031,0.009321348,0.021838587,0.059390303
1754736636188,-0.0066581056,-0.0013316212,0.04207923
1754736636192,-0.0066581056,-0.0013316212,0.04207923
1754736636345,-3.9948634E-4,-0.036353257,0.046473578
1754736636348,-3.9948634E-4,-0.036353257,0.046473578
1754736636500,-0.0015979453,-0.059390303,0.07616873
1754736636505,-0.0015979453,-0.059390303,0.07616873
1754736636662,0.009987159,-0.03835069,0.064450465
1754736636665,0.009987159,-0.03835069,0.064450465
1754736636827,-0.010786131,-0.016778426,0.0013316212
1754736636831,-0.010786131,-0.016778426,0.0013316212
1754736636987,-0.0023969181,-0.013982022,-0.016245779
1754736636991,-0.0023969181,-0.013982022,-0.016245779
1754736637143,-0.00945451,-0.02516764,-0.07350549
1754736637146,-0.00945451,-0.02516764,-0.07350549
1754736637301,-0.078965135,0.1637894,-0.036220096
1754736637303,-0.078965135,0.1637894,-0.036220096
1754736637463,-0.21838588,0.46074092,0.3652637
1754736637466,-0.21838588,0.46074092,0.3652637
1754736637629,-0.25580442,0.60761875,0.5389071
1754736637633,-0.25580442,0.60761875,0.5389071
1754736637788,0.013582536,0.40081796,0.079764105
1754736637791,0.013582536,0.40081796,0.079764105
1754736637948,0.09254767,0.060056116,-0.13555904
1754736637952,0.09254767,0.060056116,-0.13555904
1754736638109,-0.015313643,-0.050734766,-0.050202116
1754736638113,-0.015313643,-0.050734766,-0.050202116
1754736638269,-0.014248347,-0.03595377,0.054463305
1754736638272,-0.014248347,-0.03595377,0.054463305
1754736638424,0.027298234,-0.054995954,0.078166164
1754736638427,0.027298234,-0.054995954,0.078166164
1754736638581,-0.0027964045,-0.0653826,0.052599035
1754736638582,-0.0027964045,-0.0653826,0.052599035
1754736638738,-0.0023969181,-0.012650401,0.055528603
1754736638739,-0.0023969181,-0.012650401,0.055528603
1754736638903,-0.005326485,-0.011851428,0.012117753
1754736638906,-0.005326485,-0.011851428,0.012117753
1754736639066,0.013316211,0.0070575923,0.004926998
1754736639070,0.013316211,0.0070575923,0.004926998
1754736639230,6.658106E-4,0.005326485,0.0063917814
1754736639233,6.658106E-4,0.005326485,0.0063917814
1754736639386,-1.3316212E-4,0.008122889,0.016778426
1754736639390,-1.3316212E-4,0.008122889,0.016778426
1754736639553,0.013449374,-0.008389213,0.029828314
1754736639556,0.013449374,-0.008389213,0.029828314
1754736639711,7.989727E-4,-0.02450183,0.034888476
1754736639714,7.989727E-4,-0.02450183,0.034888476
1754736639873,-0.012517239,-0.020506967,0.026499262
1754736639876,-0.012517239,-0.020506967,0.026499262
1754736640032,-0.007590241,-0.018642696,0.019042183
1754736640036,-0.007590241,-0.018642696,0.019042183
1754736640192,-1.3316212E-4,-0.014381508,0.024102343
1754736640196,-1.3316212E-4,-0.014381508,0.024102343
1754736640354,0.0054596467,0.0015979453,0.015047319
1754736640359,0.0054596467,0.0015979453,0.015047319
1754736640517,-0.0011984591,0.015313643,0.0033290528
1754736640521,-0.0011984591,0.015313643,0.0033290528
1754736640673,-0.009853996,0.010786131,0.0054596467
1754736640677,-0.009853996,0.010786131,0.0054596467
1754736640833,-0.0047938363,-0.007856565,0.008256052
1754736640836,-0.0047938363,-0.007856565,0.008256052
1754736640995,0.024235506,-0.016245779,0.0070575923
1754736640998,0.024235506,-0.016245779,0.0070575923
1754736641151,0.021039614,-0.028097207,0.0042611877
1754736641155,0.021039614,-0.028097207,0.0042611877
1754736641309,-0.012250915,-0.023569694,0.02130594
1754736641313,-0.012250915,-0.023569694,0.02130594
1754736641471,0.014780995,-0.055661764,0.026099775
1754736641474,0.014780995,-0.055661764,0.026099775
1754736641630,0.020240642,-0.020506967,0.02823037
1754736641634,0.020240642,-0.020506967,0.02823037
1754736641790,0.0011984591,-0.005326485,0.01944167
1754736641793,0.0011984591,-0.005326485,0.01944167
1754736641955,-0.0070575923,0.0033290528,0.017843723
1754736641958,-0.0070575923,0.0033290528,0.017843723
1754736642114,-0.0018642696,-0.0017311075,0.02769772
1754736642117,-0.0018642696,-0.0017311075,0.02769772
1754736642270,0.0025300803,-0.012916725,0.018376373
1754736642273,0.0025300803,-0.012916725,0.018376373
1754736642436,-0.0,-0.005992295,0.024768153
1754736642439,-0.0,-0.005992295,0.024768153
1754736642597,-0.0033290528,3.9948634E-4,0.027830882
1754736642599,-0.0033290528,3.9948634E-4,0.027830882
1754736642755,0.0063917814,0.009987159,0.014914157
1754736642758,0.0063917814,0.009987159,0.014914157
1754736642913,-0.02077329,0.0042611877,0.023037046
1754736642917,-0.02077329,0.0042611877,0.023037046
1754736643079,-0.011851428,0.005592809,0.033823177
1754736643083,-0.011851428,0.005592809,0.033823177
1754736643237,-0.016245779,0.016911589,0.015579968
1754736643240,-0.016245779,0.016911589,0.015579968
1754736643394,0.0019974317,-0.0014647833,-0.0063917814
1754736643397,0.0019974317,-0.0014647833,-0.0063917814
1754736643552,-0.005725971,0.012250915,-0.01318305
1754736643554,-0.005725971,0.012250915,-0.01318305
1754736643716,-0.0019974317,-2.6632423E-4,0.022903884
1754736643719,-0.0019974317,-2.6632423E-4,0.022903884
1754736643876,0.024102343,-0.02450183,0.03209207
1754736643879,0.024102343,-0.02450183,0.03209207
1754736644035,-6.658106E-4,-0.010120321,0.010519807
1754736644038,-6.658106E-4,-0.010120321,0.010519807
1754736644199,0.011052456,-0.033024207,0.02130594
1754736644202,0.011052456,-0.033024207,0.02130594
1754736644357,-0.012916725,-0.038217526,0.044076663
1754736644363,-0.012916725,-0.038217526,0.044076663
1754736644513,-0.004926998,-0.051933225,0.029828314
1754736644516,-0.004926998,-0.051933225,0.029828314
1754736644676,-0.012250915,-0.031692583,0.014115185
1754736644679,-0.012250915,-0.031692583,0.014115185
1754736644839,-5.3264847E-4,-0.018376373,0.0029295667
1754736644842,-5.3264847E-4,-0.018376373,0.0029295667
1754736645001,0.0014647833,-0.018775858,-0.0070575923
1754736645005,0.0014647833,-0.018775858,-0.0070575923
1754736645159,0.0043943496,-0.003462215,0.011451942
1754736645162,0.0043943496,-0.003462215,0.011451942
1754736645320,0.009321348,-0.008389213,0.025700288
1754736645323,0.009321348,-0.008389213,0.025700288
1754736645476,0.014647833,-0.008921862,0.019308507
1754736645479,0.014647833,-0.008921862,0.019308507
1754736645638,0.008256052,-0.009055024,0.0051933224
1754736645642,0.008256052,-0.009055024,0.0051933224
1754736645797,-0.011185618,-0.0023969181,0.007856565
1754736645800,-0.011185618,-0.0023969181,0.007856565
1754736645954,-0.0063917814,-0.013982022,0.023436533
1754736645957,-0.0063917814,-0.013982022,0.023436533
1754736646120,-0.011052456,-0.0051933224,0.02463499
1754736646123,-0.011052456,-0.0051933224,0.02463499
1754736646282,-0.0026632424,-2.6632423E-4,0.022770721
1754736646285,-0.0026632424,-2.6632423E-4,0.022770721
1754736646437,-0.008389213,0.005725971,0.018110048
1754736646440,-0.008389213,0.005725971,0.018110048
1754736646601,-0.0043943496,0.0030627288,0.029162504
1754736646603,-0.0043943496,0.0030627288,0.029162504
1754736646760,-0.012250915,-0.008921862,0.010253483
1754736646763,-0.012250915,-0.008921862,0.010253483
1754736646919,-0.0058591333,-7.989727E-4,0.013715698
1754736646923,-0.0058591333,-7.989727E-4,0.013715698
1754736647081,9.321348E-4,-0.008256052,0.015313643
1754736647084,9.321348E-4,-0.008256052,0.015313643
1754736647239,-0.0066581056,-0.024235506,-0.0027964045
1754736647242,-0.0066581056,-0.024235506,-0.0027964045
1754736647397,0.0074570784,-0.033556852,0.009853996
1754736647399,0.0074570784,-0.033556852,0.009853996
1754736647558,0.0013316212,-0.02463499,0.022371236
1754736647561,0.0013316212,-0.02463499,0.022371236
1754736647722,-9.321348E-4,-0.008788699,0.007590241
1754736647725,-9.321348E-4,-0.008788699,0.007590241
1754736647879,0.0015979453,0.003462215,-0.012783563
1754736647882,0.0015979453,0.003462215,-0.012783563
1754736648039,-0.0061254576,-9.321348E-4,0.0062586195
1754736648042,-0.0061254576,-9.321348E-4,0.0062586195
1754736648205,-0.005592809,-0.022504399,0.036752746
1754736648208,-0.005592809,-0.022504399,0.036752746
1754736648365,-0.022903884,-0.030094638,0.04727255
1754736648368,-0.022903884,-0.030094638,0.04727255
1754736648519,-0.014514671,-0.050068956,0.05393066
1754736648522,-0.014514671,-0.050068956,0.05393066
1754736648678,-0.029029341,-0.04860417,0.05512912
1754736648680,-0.029029341,-0.04860417,0.05512912
1754736648855,-0.03648642,-0.019841155,0.05339801
1754736648862,-0.03648642,-0.019841155,0.05339801
1754736648998,-0.026232937,-0.019974317,0.04327769
1754736649005,-0.026232937,-0.019974317,0.04327769
1754736649162,-0.020373804,-0.023436533,0.035421122
1754736649165,-0.020373804,-0.023436533,0.035421122
1754736649323,-0.011718267,-0.030494126,0.041679744
1754736649326,-0.011718267,-0.030494126,0.041679744
1754736649485,-0.020906452,-0.037951205,0.05086793
1754736649488,-0.020906452,-0.037951205,0.05086793
1754736649647,-0.012384077,-0.05393066,0.045940932
1754736649650,-0.012384077,-0.05393066,0.045940932
1754736649804,-0.05219955,-0.05206639,0.09840681
1754736649807,-0.05219955,-0.05206639,0.09840681
1754736649964,-0.018110048,-0.06351833,0.094012454
1754736649967,-0.018110048,-0.06351833,0.094012454
1754736650127,-0.033423692,-0.04527512,0.027830882
1754736650130,-0.033423692,-0.04527512,0.027830882
1754736650282,-0.012517239,0.011451942,0.046074092
1754736650285,-0.012517239,0.011451942,0.046074092
1754736650442,0.0023969181,0.0026632424,-0.008788699
1754736650445,0.0023969181,0.0026632424,-0.008788699
1754736650603,-0.02516764,0.02583345,-0.07070909
1754736650607,-0.02516764,0.02583345,-0.07070909
1754736650763,0.010253483,-0.059922952,-0.31466207
1754736650766,0.010253483,-0.059922952,-0.31466207
1754736650925,0.78126216,-0.42678457,-1.0278784
1754736650928,0.78126216,-0.42678457,-1.0278784
1754736651083,0.21718742,-0.643972,-0.51067674
1754736651088,0.21718742,-0.643972,-0.51067674
1754736651244,-0.22118227,0.10413278,-0.13009939
1754736651246,-0.22118227,0.10413278,-0.13009939
1754736651407,-0.9178865,0.9451847,0.37951204
1754736651411,-0.9178865,0.9451847,0.37951204
1754736651567,-0.33157367,0.599629,0.33729964
1754736651570,-0.33157367,0.599629,0.33729964
1754736651724,0.39975268,0.078033,-0.5670043
1754736651727,0.39975268,0.078033,-0.5670043
1754736651889,0.060588762,0.010386645,-0.4004185
1754736651892,0.060588762,0.010386645,-0.4004185
1754736652050,-0.031293098,0.018509535,-0.0043943496
1754736652054,-0.031293098,0.018509535,-0.0043943496
1754736652212,0.030760448,0.0031958907,0.1648547
1754736652215,0.030760448,0.0031958907,0.1648547
1754736652366,0.018642696,-0.05046844,0.12370761
1754736652370,0.018642696,-0.05046844,0.12370761
1754736652525,-0.008389213,-0.034888476,0.121177524
1754736652529,-0.008389213,-0.034888476,0.121177524
1754736652684,-0.0039948635,-0.009321348,0.11438626
1754736652687,-0.0039948635,-0.009321348,0.11438626
1754736652852,0.091082886,0.0085223755,0.05419698
1754736652855,0.091082886,0.0085223755,0.05419698
1754736653015,0.010120321,0.032757882,-0.05233271
1754736653018,0.010120321,0.032757882,-0.05233271
1754736653171,-0.08562324,0.0058591333,-0.10866029
1754736653174,-0.08562324,0.0058591333,-0.10866029
1754736653331,0.03142626,-0.02516764,-0.025300803
1754736653334,0.03142626,-0.02516764,-0.025300803
1754736653493,0.024102343,-0.0066581056,0.010253483
1754736653496,0.024102343,-0.0066581056,0.010253483
1754736653655,0.015446805,0.004660674,0.050734766
1754736653659,0.015446805,0.004660674,0.050734766
1754736653810,0.050068956,0.038617015,0.04274504
1754736653814,0.050068956,0.038617015,0.04274504
1754736653971,0.038084365,0.03661958,0.024901316
1754736653975,0.038084365,0.03661958,0.024901316
1754736654130,0.010253483,0.01065297,0.043144524
1754736654134,0.010253483,0.01065297,0.043144524
1754736654292,6.658106E-4,-0.0077234027,0.07177438
1754736654296,6.658106E-4,-0.0077234027,0.07177438
1754736654453,0.0013316212,-0.029828314,0.06604841
1754736654456,0.0013316212,-0.029828314,0.06604841
1754736654609,-0.029828314,-0.009720835,0.037951205
1754736654613,-0.029828314,-0.009720835,0.037951205
1754736654776,0.0018642696,-0.004660674,0.028097207
1754736654779,0.0018642696,-0.004660674,0.028097207
1754736654934,0.008256052,0.016245779,0.058325008
1754736654937,0.008256052,0.016245779,0.058325008
1754736655089,0.0023969181,0.0085223755,0.03835069
1754736655093,0.0023969181,0.0085223755,0.03835069
1754736655253,-0.00692443,0.008256052,0.0
1754736655256,-0.00692443,0.008256052,0.0
1754736655415,-0.017710561,0.021572262,0.025700288
1754736655418,-0.017710561,0.021572262,0.025700288
1754736655574,-0.016245779,0.017577399,0.018376373
1754736655577,-0.016245779,0.017577399,0.018376373
1754736655731,-0.013449374,0.05912398,0.013582536
1754736655734,-0.013449374,0.05912398,0.013582536
1754736655895,-0.04021496,0.011851428,-0.010120321
1754736655898,-0.04021496,0.011851428,-0.010120321
1754736656055,0.003462215,-0.0047938363,0.082161024
1754736656058,0.003462215,-0.0047938363,0.082161024
1754736656213,0.023569694,-0.008389213,0.077100866
1754736656216,0.023569694,-0.008389213,0.077100866
1754736656375,0.02703191,0.008655538,0.09814048
1754736656378,0.02703191,0.008655538,0.09814048
1754736656525,0.004527512,-0.0026632424,0.105597556
1754736656526,0.004527512,-0.0026632424,0.105597556
1754736656691,-0.0030627288,-0.012650401,0.05393066
1754736656695,-0.0030627288,-0.012650401,0.05393066
1754736656856,0.005326485,-0.015846292,0.011052456
1754736656859,0.005326485,-0.015846292,0.011052456
1754736657015,-0.017577399,-0.019175345,-0.04034812
1754736657018,-0.017577399,-0.019175345,-0.04034812
1754736657176,0.07110857,-0.10652969,-0.21305938
1754736657179,0.07110857,-0.10652969,-0.21305938
1754736657337,0.26312834,-0.28736386,-0.6840538
1754736657339,0.26312834,-0.28736386,-0.6840538
1754736657492,0.17843723,-0.58777755,-0.7640842
1754736657495,0.17843723,-0.58777755,-0.7640842
1754736657653,-0.104265936,-0.4369049,-0.15566652
1754736657657,-0.104265936,-0.4369049,-0.15566652
1754736657818,-0.3149284,0.23076995,0.17763826
1754736657821,-0.3149284,0.23076995,0.17763826
1754736657977,-0.39269507,0.41639793,0.4221239
1754736657980,-0.39269507,0.41639793,0.4221239
1754736658136,-0.09015075,0.40135062,0.5852475
1754736658139,-0.09015075,0.40135062,0.5852475
1754736658300,0.09840681,0.2478147,0.22331287
1754736658303,0.09840681,0.2478147,0.22331287
1754736658461,2.6632423E-4,0.0019974317,-0.016112616
1754736658464,2.6632423E-4,0.0019974317,-0.016112616
1754736658619,0.036086936,-0.015446805,0.019974317
1754736658622,0.036086936,-0.015446805,0.019974317
1754736658777,0.007989727,0.015047319,0.04074761
1754736658780,0.007989727,0.015047319,0.04074761
1754736658936,-0.0018642696,-0.016645264,0.04194607
1754736658939,-0.0018642696,-0.016645264,0.04194607
1754736659099,-0.0027964045,0.0063917814,0.04926998
1754736659102,-0.0027964045,0.0063917814,0.04926998
1754736659256,-0.025034478,0.026499262,0.034755312
1754736659259,-0.025034478,0.026499262,0.034755312
1754736659415,0.04221239,0.014381508,0.049403146
1754736659418,0.04221239,0.014381508,0.049403146
1754736659574,0.08828648,0.02330337,0.02956199
1754736659577,0.08828648,0.02330337,0.02956199
1754736659737,0.08335949,-0.0033290528,0.030627286
1754736659740,0.08335949,-0.0033290528,0.030627286
1754736659896,0.0439435,0.0065249437,0.033823177
1754736659899,0.0439435,0.0065249437,0.033823177
1754736660053,0.01944167,2.6632423E-4,0.03968231
1754736660055,0.01944167,2.6632423E-4,0.03968231
1754736660222,0.02756456,0.0074570784,0.020506967
1754736660225,0.02756456,0.0074570784,0.020506967
1754736660379,0.022903884,0.025700288,0.04207923
1754736660382,0.022903884,0.025700288,0.04207923
1754736660541,0.011052456,0.04460931,0.051400576
1754736660544,0.011052456,0.04460931,0.051400576
1754736660699,0.016378941,0.03835069,0.055528603
1754736660702,0.016378941,0.03835069,0.055528603
1754736660861,0.0039948635,0.015180482,0.032225233
1754736660864,0.0039948635,0.015180482,0.032225233
1754736661019,0.012117753,0.01318305,0.050734766
1754736661022,0.012117753,0.01318305,0.050734766
1754736661180,0.0643173,-0.03142626,-0.017843723
1754736661182,0.0643173,-0.03142626,-0.017843723
1754736661342,0.018110048,-0.034089502,-0.056860223
1754736661345,0.018110048,-0.034089502,-0.056860223
1754736661498,-0.069510624,-0.0030627288,-0.07110857
1754736661501,-0.069510624,-0.0030627288,-0.07110857
1754736661666,-0.016112616,0.022238074,0.038084365
1754736661670,-0.016112616,0.022238074,0.038084365
1754736661825,-0.0061254576,0.02330337,0.06884482
1754736661828,-0.0061254576,0.02330337,0.06884482
1754736661979,0.021039614,0.025700288,0.049536306
1754736661982,0.021039614,0.025700288,0.049536306
1754736662145,-9.321348E-4,0.051267415,0.032491557
1754736662148,-9.321348E-4,0.051267415,0.032491557
1754736662307,0.010253483,0.04913682,0.023170209
1754736662309,0.010253483,0.04913682,0.023170209
1754736662461,0.034089502,0.036353257,0.028763017
1754736662464,0.034089502,0.036353257,0.028763017
1754736662623,0.017976886,-0.004128026,-0.036353257
1754736662626,0.017976886,-0.004128026,-0.036353257
1754736662779,-0.009587673,-0.15460122,-0.2823037
1754736662782,-0.009587673,-0.15460122,-0.2823037
1754736662943,0.42678457,-0.35660815,-0.89511573
1754736662947,0.42678457,-0.35660815,-0.89511573
1754736663105,0.34542254,-0.53091735,-0.8877918
1754736663107,0.34542254,-0.53091735,-0.8877918
1754736663261,-0.08748751,-0.24315402,-0.3209207
1754736663264,-0.08748751,-0.24315402,-0.3209207
1754736663427,-0.65222806,0.4259856,0.102934316
1754736663431,-0.65222806,0.4259856,0.102934316
1754736663583,-0.45355016,0.5398392,0.46060777
1754736663586,-0.45355016,0.5398392,0.46060777
1754736663743,-0.21079563,0.16711846,0.29508725
1754736663746,-0.21079563,0.16711846,0.29508725
1754736663906,0.094278775,0.025034478,0.16085984
1754736663909,0.094278775,0.025034478,0.16085984
1754736664071,-0.008788699,-0.0037285392,0.033556852
1754736664074,-0.008788699,-0.0037285392,0.033556852
1754736664228,0.04966947,0.015846292,0.051400576
1754736664231,0.04966947,0.015846292,0.051400576
1754736664389,0.063917816,0.02263756,0.0390165
1754736664393,0.063917816,0.02263756,0.0390165
1754736664546,0.03462215,0.01824321,0.049403146
1754736664549,0.03462215,0.01824321,0.049403146
1754736664707,0.007190754,-0.004527512,0.027431397
1754736664711,0.007190754,-0.004527512,0.027431397
1754736664862,0.025433965,-0.007590241,0.039415985
1754736664865,0.025433965,-0.007590241,0.039415985
1754736665025,0.019841155,-0.015446805,0.016645264
1754736665029,0.019841155,-0.015446805,0.016645264
1754736665189,0.039948635,-1.3316212E-4,0.017311076
1754736665193,0.039948635,-1.3316212E-4,0.017311076
1754736665348,0.05978979,0.008788699,0.015579968
1754736665352,0.05978979,0.008788699,0.015579968
1754736665514,0.031293098,0.0130498875,0.018110048
1754736665517,0.031293098,0.0130498875,0.018110048
1754736665672,0.028896179,-0.003595377,0.01571313
1754736665675,0.028896179,-0.003595377,0.01571313
1754736665829,0.013982022,-0.003462215,0.01131878
1754736665833,0.013982022,-0.003462215,0.01131878
1754736665990,0.019175345,0.016112616,0.014381508
1754736665994,0.019175345,0.016112616,0.014381508
1754736666146,-0.01131878,0.013582536,0.0066581056
1754736666150,-0.01131878,0.013582536,0.0066581056
1754736666308,0.003462215,0.014780995,0.009587673
1754736666311,0.003462215,0.014780995,0.009587673
1754736666475,-0.01384886,0.019308507,0.019175345
1754736666479,-0.01384886,0.019308507,0.019175345
1754736666632,0.0010652969,-0.0014647833,0.0263661
1754736666635,0.0010652969,-0.0014647833,0.0263661
1754736666786,0.02463499,-0.008788699,0.033024207
1754736666790,0.02463499,-0.008788699,0.033024207
1754736666949,-0.006791268,-0.0026632424,0.010386645
1754736666952,-0.006791268,-0.0026632424,0.010386645
1754736667111,-0.022104912,-0.012384077,-0.015313643
1754736667114,-0.022104912,-0.012384077,-0.015313643
1754736667272,0.0070575923,-0.022770721,-0.019841155
1754736667275,0.0070575923,-0.022770721,-0.019841155
1754736667436,0.0062586195,-0.021705424,-0.008389213
1754736667439,0.0062586195,-0.021705424,-0.008389213
1754736667592,0.01944167,-0.007590241,-0.012916725
1754736667595,0.01944167,-0.007590241,-0.012916725
1754736667746,0.005992295,-0.0010652969,-0.02197175
1754736667750,0.005992295,-0.0010652969,-0.02197175
1754736667908,0.009188186,0.014381508,-0.0038617013
1754736667911,0.009188186,0.014381508,-0.0038617013
1754736668075,0.0031958907,0.0042611877,0.012650401
1754736668078,0.0031958907,0.0042611877,0.012650401
1754736668233,0.006791268,0.012783563,0.027431397
1754736668236,0.006791268,0.012783563,0.027431397
1754736668396,0.008256052,0.010253483,0.023702856
1754736668399,0.008256052,0.010253483,0.023702856
1754736668549,0.019841155,0.003462215,0.019175345
1754736668553,0.019841155,0.003462215,0.019175345
1754736668716,-0.0014647833,0.024768153,0.013582536
1754736668719,-0.0014647833,0.024768153,0.013582536
1754736668874,-5.3264847E-4,0.02130594,0.010786131
1754736668877,-5.3264847E-4,0.02130594,0.010786131
1754736669033,-0.0073239165,0.026499262,0.019042183
1754736669036,-0.0073239165,0.026499262,0.019042183
1754736669191,-0.012250915,0.01890902,0.031958908
1754736669194,-0.012250915,0.01890902,0.031958908
1754736669354,0.015313643,0.005725971,0.03954915
1754736669357,0.015313643,0.005725971,0.03954915
1754736669512,-9.321348E-4,0.01957483,0.01571313
1754736669516,-9.321348E-4,0.01957483,0.01571313
1754736669677,-0.016245779,0.017843723,-0.0017311075
1754736669680,-0.016245779,0.017843723,-0.0017311075
1754736669836,0.0019974317,-0.039815474,0.00945451
1754736669839,0.0019974317,-0.039815474,0.00945451
1754736669996,-0.0025300803,-0.023836019,0.012517239
1754736669999,-0.0025300803,-0.023836019,0.012517239
1754736670155,-0.022371236,0.004128026,0.0050601605
1754736670158,-0.022371236,0.004128026,0.0050601605
1754736670317,-0.0021305939,0.003462215,0.029961476
1754736670320,-0.0021305939,0.003462215,0.029961476
1754736670468,-0.004128026,0.004527512,0.02463499
1754736670470,-0.004128026,0.004527512,0.02463499
1754736670627,0.005326485,-0.041812904,-9.321348E-4
1754736670628,0.005326485,-0.041812904,-9.321348E-4
1754736670791,-0.013449374,-0.056327574,-0.017444238
1754736670793,-0.013449374,-0.056327574,-0.017444238
1754736670951,-0.02769772,-0.0478052,-0.044209823
1754736670954,-0.02769772,-0.0478052,-0.044209823
1754736671112,-0.02450183,-0.015979454,-0.03661958
1754736671115,-0.02450183,-0.015979454,-0.03661958
1754736671278,-0.0023969181,0.015180482,0.024102343
1754736671281,-0.0023969181,0.015180482,0.024102343
1754736671436,0.01957483,0.012783563,0.031692583
1754736671439,0.01957483,0.012783563,0.031692583
1754736671599,0.059922952,0.020640127,0.04194607
1754736671602,0.059922952,0.020640127,0.04194607
1754736671759,0.13103153,-0.018642696,0.06378465
1754736671762,0.13103153,-0.018642696,0.06378465
1754736671918,0.112122506,-0.031159936,0.06511628
1754736671921,0.112122506,-0.031159936,0.06511628
1754736672075,0.39629045,-0.09734151,0.15726446
1754736672078,0.39629045,-0.09734151,0.15726446
1754736672239,1.243601,-0.28549957,0.4077424
1754736672242,1.243601,-0.28549957,0.4077424
1754736672402,1.080211,-0.39349407,0.51160884
1754736672406,1.080211,-0.39349407,0.51160884
1754736672558,0.27897462,-0.17963569,0.2617967
1754736672561,0.27897462,-0.17963569,0.2617967
1754736672720,-0.0050601605,-0.049536306,0.04341085
1754736672723,-0.0050601605,-0.049536306,0.04341085
1754736672874,-0.093479805,0.058325008,-0.032891043
1754736672877,-0.093479805,0.058325008,-0.032891043
1754736673036,-0.09441194,0.07510343,-0.013449374
1754736673039,-0.09441194,0.07510343,-0.013449374
1754736673202,1.3316212E-4,0.048071526,0.016645264
1754736673205,1.3316212E-4,0.048071526,0.016645264
1754736673361,-0.03582061,0.03954915,-0.009853996
1754736673364,-0.03582061,0.03954915,-0.009853996
1754736673521,-0.032225233,0.02463499,-0.0018642696
1754736673524,-0.032225233,0.02463499,-0.0018642696
1754736673696,-0.04261188,-0.024235506,0.016911589
1754736673703,-0.04261188,-0.024235506,0.016911589
1754736673841,-0.042878203,-0.019707993,0.011718267
1754736673844,-0.042878203,-0.019707993,0.011718267
1754736673998,-0.04327769,0.0039948635,0.024102343
1754736674001,-0.04327769,0.0039948635,0.024102343
1754736674161,-0.068445325,-0.011585104,0.008256052
1754736674164,-0.068445325,-0.011585104,0.008256052
1754736674321,-0.22304654,0.020373804,-0.02010748
1754736674324,-0.22304654,0.020373804,-0.02010748
1754736674482,-0.11039139,-0.0051933224,-0.009987159
1754736674485,-0.11039139,-0.0051933224,-0.009987159
1754736674644,-0.08042992,7.989727E-4,-0.009720835
1754736674647,-0.08042992,7.989727E-4,-0.009720835
1754736674801,-0.068445325,0.03595377,-0.012517239
1754736674804,-0.068445325,0.03595377,-0.012517239
1754736674962,-0.012117753,0.08522376,-0.01318305
1754736674965,-0.012117753,0.08522376,-0.01318305
1754736675120,0.0029295667,0.078166164,0.028763017
1754736675123,0.0029295667,0.078166164,0.028763017
1754736675281,-0.022238074,0.063252,0.027298234
1754736675284,-0.022238074,0.063252,0.027298234
1754736675439,-0.022104912,0.034089502,-0.007190754
1754736675442,-0.022104912,0.034089502,-0.007190754
1754736675605,-0.08415846,0.044342984,-0.031026773
1754736675607,-0.08415846,0.044342984,-0.031026773
1754736675759,-0.03848385,0.0478052,-0.029428829
1754736675763,-0.03848385,0.0478052,-0.029428829
1754736675925,-0.013316211,0.029295666,-0.004527512
1754736675928,-0.013316211,0.029295666,-0.004527512
1754736676085,-0.04021496,0.05592809,3.9948634E-4
1754736676089,-0.04021496,0.05592809,3.9948634E-4
1754736676246,-0.020373804,0.033556852,0.011851428
1754736676249,-0.020373804,0.033556852,0.011851428
1754736676409,-0.0015979453,0.02396918,0.014647833
1754736676413,-0.0015979453,0.02396918,0.014647833
1754736676566,9.321348E-4,0.0302278,0.0061254576
1754736676569,9.321348E-4,0.0302278,0.0061254576
1754736676720,-0.01131878,0.021705424,-0.004660674
1754736676723,-0.01131878,0.021705424,-0.004660674
1754736676885,-0.014514671,0.015579968,0.021572262
1754736676888,-0.014514671,0.015579968,0.021572262
1754736677047,-0.021439102,0.02263756,0.02396918
1754736677050,-0.021439102,0.02263756,0.02396918
1754736677201,-0.0,-0.0019974317,-0.028896179
1754736677204,-0.0,-0.0019974317,-0.028896179
1754736677365,-0.041679744,-0.0917487,-0.11358728
1754736677369,-0.041679744,-0.0917487,-0.11358728
1754736677528,-0.185628,-0.10999191,-0.20040898
1754736677532,-0.185628,-0.10999191,-0.20040898
1754736677687,-0.23982497,-0.15593284,-0.34741998
1754736677691,-0.23982497,-0.15593284,-0.34741998
1754736677843,0.06977695,-0.19907737,-0.5114757
1754736677846,0.06977695,-0.19907737,-0.5114757
1754736678002,0.20973033,-0.5366433,-0.72280395
1754736678006,0.20973033,-0.5366433,-0.72280395
1754736678163,-0.03701907,-0.47179338,-0.5796547
1754736678167,-0.03701907,-0.47179338,-0.5796547
1754736678326,-0.04847101,-0.345822,-0.17590715
1754736678329,-0.04847101,-0.345822,-0.17590715
1754736678485,-0.36992437,0.04980263,0.3040091
1754736678488,-0.36992437,0.04980263,0.3040091
1754736678652,-0.51240784,0.72014076,0.25806817
1754736678655,-0.51240784,0.72014076,0.25806817
1754736678807,-0.37272078,0.53025156,0.253008
1754736678811,-0.37272078,0.53025156,0.253008
1754736678969,-0.023702856,0.22064963,0.12437341
1754736678973,-0.023702856,0.22064963,0.12437341
1754736679128,-0.033556852,0.05206639,0.0130498875
1754736679132,-0.033556852,0.05206639,0.0130498875
1754736679287,-0.015047319,0.03701907,0.00692443
1754736679291,-0.015047319,0.03701907,0.00692443
1754736679451,0.027830882,0.060855087,0.031692583
1754736679454,0.027830882,0.060855087,0.031692583
1754736679612,0.054995954,0.052599035,0.05419698
1754736679615,0.054995954,0.052599035,0.05419698
1754736679770,0.031159936,0.05153374,0.023037046
1754736679774,0.031159936,0.05153374,0.023037046
1754736679931,0.013715698,0.03089361,0.029295666
1754736679935,0.013715698,0.03089361,0.029295666
1754736680090,0.015846292,-0.0021305939,0.042345554
1754736680094,0.015846292,-0.0021305939,0.042345554
1754736680253,0.008256052,0.0014647833,0.03209207
1754736680256,0.008256052,0.0014647833,0.03209207
1754736680413,0.07377181,-0.0014647833,0.014381508
1754736680416,0.07377181,-0.0014647833,0.014381508
1754736680561,0.0063917814,0.0065249437,0.017444238
1754736680563,0.0063917814,0.0065249437,0.017444238
1754736680732,0.010253483,0.011052456,0.023037046
1754736680735,0.010253483,0.011052456,0.023037046
1754736680896,0.030360963,-0.0058591333,0.029295666
1754736680900,0.030360963,-0.0058591333,0.029295666
1754736681049,0.018376373,-0.013449374,0.029828314
1754736681053,0.018376373,-0.013449374,0.029828314
1754736681213,0.02010748,-0.01131878,0.011052456
1754736681216,0.02010748,-0.01131878,0.011052456
1754736681372,0.0010652969,0.0039948635,0.01065297
1754736681376,0.0010652969,0.0039948635,0.01065297
1754736681524,0.012650401,-0.012916725,-0.020373804
1754736681525,0.012650401,-0.012916725,-0.020373804
1754736681696,-0.0074570784,-0.008921862,-0.029428829
1754736681699,-0.0074570784,-0.008921862,-0.029428829
1754736681849,0.016112616,0.013715698,0.029961476
1754736681852,0.016112616,0.013715698,0.029961476
1754736682016,0.0061254576,0.016378941,0.044209823
1754736682020,0.0061254576,0.016378941,0.044209823
1754736682173,0.027165072,0.026499262,0.04913682
1754736682177,0.027165072,0.026499262,0.04913682
1754736682332,0.025034478,0.02450183,0.010786131
1754736682335,0.025034478,0.02450183,0.010786131
1754736682494,-0.0,0.022770721,0.020506967
1754736682497,-0.0,0.022770721,0.020506967
1754736682655,0.015846292,0.0026632424,0.04341085
1754736682658,0.015846292,0.0026632424,0.04341085
1754736682815,0.0051933224,0.0051933224,0.05233271
1754736682818,0.0051933224,0.0051933224,0.05233271
1754736682975,0.016645264,-0.013316211,0.0039948635
1754736682978,0.016645264,-0.013316211,0.0039948635
1754736683131,0.0039948635,-0.013715698,-0.010386645
1754736683134,0.0039948635,-0.013715698,-0.010386645
1754736683292,0.022238074,0.0030627288,0.004128026
1754736683295,0.022238074,0.0030627288,0.004128026
1754736683452,0.02956199,0.010386645,0.028097207
1754736683456,0.02956199,0.010386645,0.028097207
1754736683615,0.009055024,0.0043943496,0.01131878
1754736683618,0.009055024,0.0043943496,0.01131878
1754736683776,0.0017311075,0.017710561,0.009987159
1754736683779,0.0017311075,0.017710561,0.009987159
1754736683935,-0.008389213,0.0058591333,0.0077234027
1754736683938,-0.008389213,0.0058591333,0.0077234027
1754736684095,0.011718267,0.005592809,0.028496694
1754736684099,0.011718267,0.005592809,0.028496694
1754736684250,-0.01318305,0.0066581056,0.0013316212
1754736684252,-0.01318305,0.0066581056,0.0013316212
1754736684414,-0.005592809,0.019308507,-0.007590241
1754736684417,-0.005592809,0.019308507,-0.007590241
1754736684573,0.0073239165,0.019707993,-9.321348E-4
1754736684576,0.0073239165,0.019707993,-9.321348E-4
1754736684737,0.025034478,0.0085223755,0.02703191
1754736684740,0.025034478,0.0085223755,0.02703191
1754736684896,-0.011718267,-0.017044751,-0.006791268
1754736684899,-0.011718267,-0.017044751,-0.006791268
1754736685057,-0.008256052,-0.032491557,-0.021039614
1754736685059,-0.008256052,-0.032491557,-0.021039614
1754736685218,-0.008921862,-0.022238074,-0.017311076
1754736685222,-0.008921862,-0.022238074,-0.017311076
1754736685374,1.3316212E-4,-0.010519807,-0.0013316212
1754736685377,1.3316212E-4,-0.010519807,-0.0013316212
1754736685539,-0.0037285392,0.012250915,0.007590241
1754736685543,-0.0037285392,0.012250915,0.007590241
1754736685699,0.0038617013,0.015979454,0.0085223755
1754736685702,0.0038617013,0.015979454,0.0085223755
1754736685859,-0.0011984591,-3.9948634E-4,0.0014647833
1754736685862,-0.0011984591,-3.9948634E-4,0.0014647833
1754736686019,0.00945451,3.9948634E-4,0.014115185
1754736686022,0.00945451,3.9948634E-4,0.014115185
1754736686180,-0.008788699,3.9948634E-4,0.0038617013
1754736686183,-0.008788699,3.9948634E-4,0.0038617013
1754736686336,0.021572262,-0.0033290528,0.0074570784
1754736686339,0.021572262,-0.0033290528,0.0074570784
1754736686498,0.03209207,-3.9948634E-4,-9.321348E-4
1754736686502,0.03209207,-3.9948634E-4,-9.321348E-4
1754736686658,0.023170209,0.0074570784,-0.0042611877
1754736686661,0.023170209,0.0074570784,-0.0042611877
1754736686819,-0.004660674,0.008389213,-0.017577399
1754736686822,-0.004660674,0.008389213,-0.017577399
1754736686975,-0.004660674,0.011052456,-0.012650401
1754736686978,-0.004660674,0.011052456,-0.012650401
1754736687142,0.024768153,-0.008389213,0.016645264
1754736687145,0.024768153,-0.008389213,0.016645264
1754736687300,0.0066581056,5.3264847E-4,0.008122889
1754736687303,0.0066581056,5.3264847E-4,0.008122889
1754736687460,0.008389213,0.0050601605,-0.02583345
1754736687463,0.008389213,0.0050601605,-0.02583345
1754736687622,-0.006791268,0.011451942,-0.012117753
1754736687625,-0.006791268,0.011451942,-0.012117753
1754736687780,-0.009720835,0.014514671,0.016911589
1754736687783,-0.009720835,0.014514671,0.016911589
1754736687941,-0.013715698,0.0039948635,-0.007989727
1754736687944,-0.013715698,0.0039948635,-0.007989727
1754736688104,0.010919293,-0.014381508,0.0054596467
1754736688107,0.010919293,-0.014381508,0.0054596467
1754736688260,0.0017311075,-0.036086936,0.0029295667
1754736688263,0.0017311075,-0.036086936,0.0029295667
1754736688421,-0.00692443,-0.005725971,0.017710561
1754736688424,-0.00692443,-0.005725971,0.017710561
1754736688581,0.009987159,0.019308507,0.022770721
1754736688584,0.009987159,0.019308507,0.022770721
1754736688739,0.0014647833,0.022104912,0.021838587
1754736688742,0.0014647833,0.022104912,0.021838587
1754736688902,0.007989727,0.0077234027,0.03142626
1754736688905,0.007989727,0.0077234027,0.03142626
1754736689065,0.01824321,0.01131878,0.026898747
1754736689068,0.01824321,0.01131878,0.026898747
1754736689225,0.011851428,0.0054596467,0.03395634
1754736689231,0.011851428,0.0054596467,0.03395634
1754736689384,-0.009853996,0.01198459,0.029828314
1754736689387,-0.009853996,0.01198459,0.029828314
1754736689541,0.005992295,0.009987159,0.035421122
1754736689544,0.005992295,0.009987159,0.035421122
1754736689707,-0.022104912,0.021838587,0.0066581056
1754736689710,-0.022104912,0.021838587,0.0066581056
1754736689861,0.041013934,0.063917816,-0.016645264
1754736689864,0.041013934,0.063917816,-0.016645264
1754736690028,-0.025300803,-0.039415985,3.9948634E-4
1754736690032,-0.025300803,-0.039415985,3.9948634E-4
1754736690181,0.08908546,-0.08668854,-0.0906834
1754736690184,0.08908546,-0.08668854,-0.0906834
1754736690348,0.24834734,-0.13995339,-0.27604505
1754736690351,0.24834734,-0.13995339,-0.27604505
1754736690503,0.49056923,-0.57459456,-0.52998525
1754736690506,0.49056923,-0.57459456,-0.52998525
1754736690661,0.06937746,-0.7018975,-0.51413894
1754736690664,0.06937746,-0.7018975,-0.51413894
1754736690825,-0.102667995,-0.47605458,-0.36433154
1754736690828,-0.102667995,-0.47605458,-0.36433154
1754736690986,-0.2608646,-0.19415037,-0.17311075
1754736690990,-0.2608646,-0.19415037,-0.17311075
1754736691141,-0.07137489,0.106130205,-0.0896181
1754736691144,-0.07137489,0.106130205,-0.0896181
1754736691306,0.026898747,0.09614305,0.08602273
1754736691310,0.026898747,0.09614305,0.08602273
1754736691465,0.054463305,0.05912398,0.109858744
1754736691467,0.054463305,0.05912398,0.109858744
1754736691627,0.036752746,0.024102343,0.051400576
1754736691631,0.036752746,0.024102343,0.051400576
1754736691787,0.04221239,-0.015846292,0.059390303
1754736691791,0.04221239,-0.015846292,0.059390303
1754736691948,0.011052456,-0.008389213,0.048204686
1754736691952,0.011052456,-0.008389213,0.048204686
1754736692107,-0.003462215,0.016378941,0.03781804
1754736692111,-0.003462215,0.016378941,0.03781804
1754736692267,0.0017311075,0.012916725,0.026499262
1754736692270,0.0017311075,0.012916725,0.026499262
1754736692433,0.005992295,0.0063917814,0.008256052
1754736692436,0.005992295,0.0063917814,0.008256052
1754736692589,0.0061254576,0.034222662,0.017044751
1754736692593,0.0061254576,0.034222662,0.017044751
1754736692749,0.019308507,0.0062586195,0.038084365
1754736692752,0.019308507,0.0062586195,0.038084365
1754736692910,-0.0026632424,-0.015846292,0.008389213
1754736692914,-0.0026632424,-0.015846292,0.008389213
1754736693064,-0.014115185,0.012783563,-0.014381508
1754736693067,-0.014115185,0.012783563,-0.014381508
1754736693229,-0.013316211,-0.0070575923,-0.008655538
1754736693233,-0.013316211,-0.0070575923,-0.008655538
1754736693386,6.658106E-4,0.024102343,0.0065249437
1754736693390,6.658106E-4,0.024102343,0.0065249437
1754736693540,0.0043943496,0.018509535,0.009587673
1754736693542,0.0043943496,0.018509535,0.009587673
1754736693711,-0.0051933224,0.004128026,0.009188186
1754736693714,-0.0051933224,0.004128026,0.009188186
1754736693870,-0.0062586195,-0.011451942,0.00692443
1754736693873,-0.0062586195,-0.011451942,0.00692443
1754736694027,-0.015846292,0.005992295,-0.0021305939
1754736694030,-0.015846292,0.005992295,-0.0021305939
1754736694191,0.009987159,0.012783563,-3.9948634E-4
1754736694194,0.009987159,0.012783563,-3.9948634E-4
1754736694352,0.004926998,0.018509535,-0.0029295667
1754736694355,0.004926998,0.018509535,-0.0029295667
1754736694508,0.010919293,0.019175345,0.014914157
1754736694511,0.010919293,0.019175345,0.014914157
1754736694670,-0.0033290528,0.011052456,0.0051933224
1754736694674,-0.0033290528,0.011052456,0.0051933224
1754736694833,-0.008921862,0.012517239,0.0043943496
1754736694837,-0.008921862,0.012517239,0.0043943496
1754736694983,-0.0051933224,0.01318305,-0.0010652969
1754736694985,-0.0051933224,0.01318305,-0.0010652969
1754736695152,-0.007856565,0.013582536,-0.017044751
1754736695156,-0.007856565,0.013582536,-0.017044751
1754736695312,0.012250915,0.0043943496,0.0033290528
1754736695316,0.012250915,0.0043943496,0.0033290528
1754736695469,0.021838587,-0.028629854,0.014514671
1754736695473,0.021838587,-0.028629854,0.014514671
1754736695633,0.009853996,-0.0047938363,0.011718267
1754736695636,0.009853996,-0.0047938363,0.011718267
1754736695794,0.019175345,-0.009853996,0.0073239165
1754736695797,0.019175345,-0.009853996,0.0073239165
1754736695955,0.028896179,-0.014780995,0.011185618
1754736695958,0.028896179,-0.014780995,0.011185618
1754736696113,0.015047319,0.011851428,-0.014248347
1754736696117,0.015047319,0.011851428,-0.014248347
1754736696276,-0.013449374,0.051933225,-0.021705424
1754736696279,-0.013449374,0.051933225,-0.021705424
1754736696436,0.023436533,0.022104912,0.022104912
1754736696439,0.023436533,0.022104912,0.022104912
1754736696593,-0.024102343,-5.3264847E-4,0.020906452
1754736696597,-0.024102343,-5.3264847E-4,0.020906452
1754736696764,-0.048071526,-0.017577399,-0.010919293
1754736696769,-0.048071526,-0.017577399,-0.010919293
1754736696916,-0.01571313,0.021039614,0.0061254576
1754736696919,-0.01571313,0.021039614,0.0061254576
1754736697075,0.033823177,0.016645264,0.029695151
1754736697078,0.033823177,0.016645264,0.029695151
1754736697231,0.02330337,-0.0070575923,0.013449374
1754736697234,0.02330337,-0.0070575923,0.013449374
1754736697395,0.040481284,0.005725971,0.033823177
1754736697398,0.040481284,0.005725971,0.033823177
1754736697555,-0.014115185,0.0023969181,0.0054596467
1754736697558,-0.014115185,0.0023969181,0.0054596467
1754736697716,0.008389213,0.03661958,0.02197175
1754736697719,0.008389213,0.03661958,0.02197175
1754736697876,0.014514671,1.3316212E-4,-6.658106E-4
1754736697879,0.014514671,1.3316212E-4,-6.658106E-4
1754736698036,0.0054596467,-0.024235506,-7.989727E-4
1754736698039,0.0054596467,-0.024235506,-7.989727E-4
1754736698195,-0.006791268,-0.012250915,0.0021305939
1754736698199,-0.006791268,-0.012250915,0.0021305939
1754736698356,0.017577399,-0.020373804,-0.006791268
1754736698359,0.017577399,-0.020373804,-0.006791268
1754736698511,0.0063917814,-0.03142626,-0.05153374
1754736698517,0.0063917814,-0.03142626,-0.05153374
1754736698674,-0.010786131,0.034888476,-0.0013316212
1754736698677,-0.010786131,0.034888476,-0.0013316212
1754736698834,0.017044751,0.046074092,0.078965135
1754736698837,0.017044751,0.046074092,0.078965135
1754736699000,0.01944167,0.037951205,0.076568216
1754736699003,0.01944167,0.037951205,0.076568216
1754736699160,0.004660674,0.034888476,0.029828314
1754736699163,0.004660674,0.034888476,0.029828314
1754736699318,0.017044751,0.014780995,0.026232937
1754736699321,0.017044751,0.014780995,0.026232937
1754736699475,0.005725971,-0.0077234027,0.01065297
1754736699478,0.005725971,-0.0077234027,0.01065297
1754736699637,0.014381508,-0.006791268,0.0019974317
1754736699641,0.014381508,-0.006791268,0.0019974317
1754736699795,9.321348E-4,-0.0042611877,0.00945451
1754736699798,9.321348E-4,-0.0042611877,0.00945451
1754736699957,-0.016112616,-0.012916725,0.017577399
1754736699960,-0.016112616,-0.012916725,0.017577399
1754736700121,0.0065249437,-0.026632423,0.02516764
1754736700124,0.0065249437,-0.026632423,0.02516764
1754736700278,-0.0023969181,-0.009987159,5.3264847E-4
1754736700281,-0.0023969181,-0.009987159,5.3264847E-4
1754736700441,0.0066581056,0.0039948635,0.012916725
1754736700444,0.0066581056,0.0039948635,0.012916725
1754736700597,0.02396918,-0.023037046,0.027165072
1754736700600,0.02396918,-0.023037046,0.027165072
1754736700755,0.025966613,0.0015979453,0.031159936
1754736700758,0.025966613,0.0015979453,0.031159936
1754736700924,0.003462215,0.037551716,0.034488987
1754736700927,0.003462215,0.037551716,0.034488987
1754736701082,-0.005592809,0.037418555,0.039282825
1754736701085,-0.005592809,0.037418555,0.039282825
1754736701241,-0.030360963,0.037951205,0.036220096
1754736701244,-0.030360963,0.037951205,0.036220096
1754736701401,0.012650401,-0.0063917814,0.0050601605
1754736701404,0.012650401,-0.0063917814,0.0050601605
1754736701561,0.012117753,-0.11891377,0.003462215
1754736701564,0.012117753,-0.11891377,0.003462215
1754736701719,-0.14434774,0.10905977,0.35660815
1754736701722,-0.14434774,0.10905977,0.35660815
1754736701882,-0.19854471,0.7487706,0.51840013
1754736701885,-0.19854471,0.7487706,0.51840013
1754736702042,0.37951204,0.42305604,-0.14061919
1754736702045,0.37951204,0.42305604,-0.14061919
1754736702202,0.014514671,-0.18682645,-0.5333143
1754736702205,0.014514671,-0.18682645,-0.5333143
1754736702362,0.037951205,-0.28390163,-0.25473914
1754736702365,0.037951205,-0.28390163,-0.25473914
1754736702519,-0.036353257,-0.11731582,-0.08522376
1754736702524,-0.036353257,-0.11731582,-0.08522376
1754736702678,0.013715698,-0.040481284,-0.04154658
1754736702681,0.013715698,-0.040481284,-0.04154658
1754736702844,0.02197175,0.034755312,0.02583345
1754736702848,0.02197175,0.034755312,0.02583345
1754736703003,0.029029341,0.05033528,0.058990818
1754736703006,0.029029341,0.05033528,0.058990818
1754736703162,0.01957483,0.033423692,0.0439435
1754736703166,0.01957483,0.033423692,0.0439435
1754736703325,-0.0014647833,0.030094638,0.039282825
1754736703328,-0.0014647833,0.030094638,0.039282825
1754736703481,0.009853996,-0.014780995,-0.0027964045
1754736703484,0.009853996,-0.014780995,-0.0027964045
1754736703639,0.012117753,-0.031026773,-0.022371236
1754736703642,0.012117753,-0.031026773,-0.022371236
1754736703800,0.04913682,-0.051933225,-0.026898747
1754736703803,0.04913682,-0.051933225,-0.026898747
1754736703965,0.033690017,-0.08056308,-0.026765585
1754736703968,0.033690017,-0.08056308,-0.026765585
1754736704123,-0.063252,0.08149522,-0.02197175
1754736704126,-0.063252,0.08149522,-0.02197175
1754736704287,0.032757882,0.033823177,-0.015446805
1754736704291,0.032757882,0.033823177,-0.015446805
1754736704449,0.048071526,0.036220096,0.024901316
1754736704453,0.048071526,0.036220096,0.024901316
1754736704599,0.044875633,-0.017710561,0.046340417
1754736704601,0.044875633,-0.017710561,0.046340417
1754736704769,-0.0062586195,0.01824321,0.12850145
1754736704772,-0.0062586195,0.01824321,0.12850145
1754736704925,-0.0010652969,-5.3264847E-4,0.12184334
1754736704928,-0.0010652969,-5.3264847E-4,0.12184334
1754736705087,0.0014647833,-0.025300803,0.076568216
1754736705090,0.0014647833,-0.025300803,0.076568216
1754736705247,0.009321348,-0.014780995,0.03395634
1754736705250,0.009321348,-0.014780995,0.03395634
1754736705404,-0.0030627288,-0.02197175,-0.028763017
1754736705407,-0.0030627288,-0.02197175,-0.028763017
1754736705559,0.036086936,-0.026499262,-0.050601605
1754736705561,0.036086936,-0.026499262,-0.050601605
1754736705725,9.321348E-4,0.0043943496,-0.018642696
1754736705728,9.321348E-4,0.0043943496,-0.018642696
1754736705886,-0.024768153,0.025300803,0.046739902
1754736705889,-0.024768153,0.025300803,0.046739902
1754736706042,3.9948634E-4,0.005725971,0.018509535
1754736706045,3.9948634E-4,0.005725971,0.018509535
1754736706207,-0.4658011,0.5836496,0.12517239
1754736706210,-0.4658011,0.5836496,0.12517239
1754736706371,-2.470024,1.3192371,2.2955818
1754736706374,-2.470024,1.3192371,2.2955818
1754736706530,-0.86009413,-0.24408616,3.3998952
1754736706534,-0.86009413,-0.24408616,3.3998952
1754736706689,-0.82880104,-0.40960667,1.5698482
1754736706693,-0.82880104,-0.40960667,1.5698482
1754736706851,-0.39815474,0.104532264,0.67699623
1754736706854,-0.39815474,0.104532264,0.67699623
1754736707005,-0.5033528,0.031159936,0.47166023
1754736707009,-0.5033528,0.031159936,0.47166023
1754736707166,-0.19255242,0.40374753,-0.30480808
1754736707169,-0.19255242,0.40374753,-0.30480808
1754736707330,2.1897178,0.7037618,-3.4221332
1754736707334,2.1897178,0.7037618,-3.4221332
1754736707491,2.5228894,-1.1257526,-3.432653
1754736707494,2.5228894,-1.1257526,-3.432653
1754736707651,0.86422217,-0.78618914,-0.95929986
1754736707654,0.86422217,-0.78618914,-0.95929986
1754736707809,0.82414037,-0.17537451,-0.078698814
1754736707812,0.82414037,-0.17537451,-0.078698814
1754736707968,0.46446946,-0.118514284,0.05353117
1754736707971,0.46446946,-0.118514284,0.05353117
1754736708130,0.18496218,0.024102343,0.039948635
1754736708133,0.18496218,0.024102343,0.039948635
1754736708285,-0.0074570784,0.078166164,0.03209207
1754736708286,-0.0074570784,0.078166164,0.03209207
1754736708446,-0.017044751,0.029695151,0.077899836
1754736708448,-0.017044751,0.029695151,0.077899836
1754736708612,-0.049536306,0.01318305,0.064450465
1754736708615,-0.049536306,0.01318305,0.064450465
1754736708769,-0.03701907,9.321348E-4,0.017843723
1754736708772,-0.03701907,9.321348E-4,0.017843723
1754736708929,-0.057925522,-0.033690017,-0.028496694
1754736708933,-0.057925522,-0.033690017,-0.028496694
1754736709092,0.020906452,-0.24661624,-0.11518523
1754736709095,0.020906452,-0.24661624,-0.11518523
1754736709255,0.015846292,-0.52292764,-0.16259095
1754736709258,0.015846292,-0.52292764,-0.16259095
1754736709412,-0.34475672,-0.42771673,0.13222998
1754736709415,-0.34475672,-0.42771673,0.13222998
1754736709573,-0.42904833,0.46473578,0.18962285
1754736709576,-0.42904833,0.46473578,0.18962285
1754736709731,-0.30254433,0.7371855,0.29841632
1754736709735,-0.30254433,0.7371855,0.29841632
1754736709891,-0.13116468,0.5455652,0.079231456
1754736709895,-0.13116468,0.5455652,0.079231456
1754736710054,-0.0050601605,0.12184334,-0.45408282
1754736710057,-0.0050601605,0.12184334,-0.45408282
1754736710215,-0.08628905,-0.18296474,-0.46673322
1754736710218,-0.08628905,-0.18296474,-0.46673322
1754736710371,-0.030094638,-0.16458838,-0.21638843
1754736710374,-0.030094638,-0.16458838,-0.21638843
1754736710537,0.01384886,-0.008256052,-0.06231987
1754736710540,0.01384886,-0.008256052,-0.06231987
1754736710693,0.0033290528,0.026765585,0.051400576
1754736710696,0.0033290528,0.026765585,0.051400576
1754736710855,0.029428829,0.016645264,0.07137489
1754736710858,0.029428829,0.016645264,0.07137489
1754736711016,0.02450183,-0.033157367,0.08296
1754736711018,0.02450183,-0.033157367,0.08296
1754736711179,0.0085223755,-0.0565939,0.09201502
1754736711183,0.0085223755,-0.0565939,0.09201502
1754736711333,0.019841155,-0.041679744,0.09960526
1754736711337,0.019841155,-0.041679744,0.09960526
1754736711494,0.012384077,-0.007190754,0.03848385
1754736711497,0.012384077,-0.007190754,0.03848385
1754736711655,0.01824321,0.011851428,-0.0019974317
1754736711658,0.01824321,0.011851428,-0.0019974317
1754736711816,0.012650401,0.06378465,0.0043943496
1754736711819,0.012650401,0.06378465,0.0043943496
1754736711974,0.01957483,0.060721926,0.02010748
1754736711978,0.01957483,0.060721926,0.02010748
1754736712137,0.050068956,0.021705424,0.041147094
1754736712141,0.050068956,0.021705424,0.041147094
1754736712298,0.019841155,-0.003595377,0.01571313
1754736712301,0.019841155,-0.003595377,0.01571313
1754736712454,0.014514671,-0.00945451,0.03661958
1754736712457,0.014514671,-0.00945451,0.03661958
1754736712616,0.0054596467,-0.017843723,0.051800065
1754736712619,0.0054596467,-0.017843723,0.051800065
1754736712778,0.0066581056,-0.018509535,0.046473578
1754736712782,0.0066581056,-0.018509535,0.046473578
1754736712939,0.0042611877,-0.007989727,0.01944167
1754736712942,0.0042611877,-0.007989727,0.01944167
1754736713099,0.003462215,-0.012783563,0.010120321
1754736713102,0.003462215,-0.012783563,0.010120321
1754736713255,-9.321348E-4,-0.010386645,0.008256052
1754736713259,-9.321348E-4,-0.010386645,0.008256052
1754736713420,0.008256052,-0.015313643,0.0026632424
1754736713423,0.008256052,-0.015313643,0.0026632424
1754736713583,0.016778426,-0.025034478,0.0021305939
1754736713586,0.016778426,-0.025034478,0.0021305939
1754736713736,0.01824321,-0.025300803,-0.007989727
1754736713739,0.01824321,-0.025300803,-0.007989727
1754736713894,0.011585104,-0.011718267,-0.0047938363
1754736713897,0.011585104,-0.011718267,-0.0047938363
1754736714056,-0.0011984591,0.009321348,0.008256052
1754736714059,-0.0011984591,0.009321348,0.008256052
1754736714212,0.0030627288,0.012783563,0.018642696
1754736714213,0.0030627288,0.012783563,0.018642696
1754736714380,-0.03528796,0.0077234027,-0.014115185
1754736714383,-0.03528796,0.0077234027,-0.014115185
1754736714538,-0.04660674,-0.043011364,-0.029029341
1754736714541,-0.04660674,-0.043011364,-0.029029341
1754736714700,-0.039282825,-0.10466542,0.018642696
1754736714703,-0.039282825,-0.10466542,0.018642696
1754736714861,0.044875633,-0.09361297,0.08176154
1754736714864,0.044875633,-0.09361297,0.08176154
1754736715020,-0.013449374,-0.051933225,0.02703191
1754736715023,-0.013449374,-0.051933225,0.02703191
1754736715180,-0.033423692,0.009321348,0.005326485
1754736715183,-0.033423692,0.009321348,0.005326485
1754736715341,0.030360963,0.038217526,0.028763017
1754736715344,0.030360963,0.038217526,0.028763017
1754736715507,0.03648642,-0.019308507,0.06298568
1754736715511,0.03648642,-0.019308507,0.06298568
1754736715662,0.017843723,-0.024901316,0.08176154
1754736715665,0.017843723,-0.024901316,0.08176154
1754736715822,-0.011585104,-0.052465875,0.07403814
1754736715825,-0.011585104,-0.052465875,0.07403814
1754736715983,-0.010786131,-0.04860417,0.06231987
1754736715986,-0.010786131,-0.04860417,0.06231987
1754736716140,0.0029295667,-0.013982022,0.057925522
1754736716142,0.0029295667,-0.013982022,0.057925522
1754736716305,0.04966947,-0.034888476,0.052599035
1754736716308,0.04966947,-0.034888476,0.052599035
1754736716468,0.04860417,-0.018110048,0.033290528
1754736716472,0.04860417,-0.018110048,0.033290528
1754736716624,0.0051933224,2.6632423E-4,0.0063917814
1754736716627,0.0051933224,2.6632423E-4,0.0063917814
1754736716787,-0.008788699,-0.01198459,0.029961476
1754736716790,-0.008788699,-0.01198459,0.029961476
1754736716946,-2.6632423E-4,-0.033556852,0.035421122
1754736716949,-2.6632423E-4,-0.033556852,0.035421122
1754736717100,-0.0038617013,-0.066847384,-0.045541443
1754736717103,-0.0038617013,-0.066847384,-0.045541443
1754736717265,0.061920386,-0.13342844,-0.15939505
1754736717267,0.061920386,-0.13342844,-0.15939505
1754736717431,0.17870356,-0.24741521,-0.2763114
1754736717434,0.17870356,-0.24741521,-0.2763114
1754736717582,-0.035154797,-0.24981213,-0.35074902
1754736717585,-0.035154797,-0.24981213,-0.35074902
1754736717740,-0.20613496,-0.14368193,-0.15207113
1754736717743,-0.20613496,-0.14368193,-0.15207113
1754736717907,-0.106662855,0.3582061,0.1142531
1754736717910,-0.106662855,0.3582061,0.1142531
1754736718063,-0.33583486,0.53651017,0.42824936
1754736718067,-0.33583486,0.53651017,0.42824936
1754736718226,0.074437626,0.2748466,0.30627286
1754736718229,0.074437626,0.2748466,0.30627286
1754736718383,-0.08828648,0.01890902,0.012916725
1754736718386,-0.08828648,0.01890902,0.012916725
1754736718547,0.028763017,0.02263756,0.007590241
1754736718551,0.028763017,0.02263756,0.007590241
1754736718706,-0.0058591333,-0.038217526,0.021039614
1754736718710,-0.0058591333,-0.038217526,0.021039614
1754736718868,-0.043810338,0.0074570784,0.046473578
1754736718872,-0.043810338,0.0074570784,0.046473578
1754736719022,-0.017177913,-0.011585104,0.0263661
1754736719025,-0.017177913,-0.011585104,0.0263661
1754736719188,-0.008389213,-3.9948634E-4,0.036752746
1754736719192,-0.008389213,-3.9948634E-4,0.036752746
1754736719346,0.011851428,0.021439102,-0.015047319
1754736719350,0.011851428,0.021439102,-0.015047319
1754736719499,-0.005725971,0.05912398,-0.013715698
1754736719501,-0.005725971,0.05912398,-0.013715698
1754736719666,-0.012517239,0.035154797,0.045807768
1754736719669,-0.012517239,0.035154797,0.045807768
1754736719834,-0.011052456,0.02263756,0.02010748
1754736719837,-0.011052456,0.02263756,0.02010748
1754736719986,-0.0058591333,0.0011984591,0.010919293
1754736719989,-0.0058591333,0.0011984591,0.010919293
1754736720148,0.027165072,-0.0021305939,0.015979454
1754736720151,0.027165072,-0.0021305939,0.015979454
1754736720313,0.023702856,-0.007590241,0.026898747
1754736720317,0.023702856,-0.007590241,0.026898747
1754736720466,0.002263756,0.004660674,0.011451942
1754736720469,0.002263756,0.004660674,0.011451942
1754736720624,0.017311076,0.006791268,0.005725971
1754736720627,0.017311076,0.006791268,0.005725971
1754736720790,-0.030760448,0.012117753,-0.016645264
1754736720794,-0.030760448,0.012117753,-0.016645264
1754736720950,-7.989727E-4,-0.012916725,-0.01824321
1754736720954,-7.989727E-4,-0.012916725,-0.01824321
1754736721106,-0.007590241,-0.017577399,-0.02010748
1754736721109,-0.007590241,-0.017577399,-0.02010748
1754736721271,-0.008122889,-0.02197175,-0.014780995
1754736721274,-0.008122889,-0.02197175,-0.014780995
1754736721428,0.0013316212,-7.989727E-4,0.0019974317
1754736721432,0.0013316212,-7.989727E-4,0.0019974317
1754736721591,0.03582061,-0.021838587,0.011585104
1754736721594,0.03582061,-0.021838587,0.011585104
1754736721753,0.0074570784,0.012250915,-0.019175345
1754736721756,0.0074570784,0.012250915,-0.019175345
1754736721912,-0.014514671,0.032358393,-0.011451942
1754736721916,-0.014514671,0.032358393,-0.011451942
1754736722061,-0.0017311075,0.014780995,0.03648642
1754736722065,-0.0017311075,0.014780995,0.03648642
1754736722230,0.0074570784,-0.009055024,0.030094638
1754736722234,0.0074570784,-0.009055024,0.030094638
1754736722387,0.012384077,-0.014647833,-0.0038617013
1754736722390,0.012384077,-0.014647833,-0.0038617013
1754736722553,-0.0130498875,-0.034888476,-0.020506967
1754736722556,-0.0130498875,-0.034888476,-0.020506967
1754736722714,0.019042183,-0.015180482,0.03089361
1754736722718,0.019042183,-0.015180482,0.03089361
1754736722869,0.03715223,0.04327769,0.016645264
1754736722873,0.03715223,0.04327769,0.016645264
1754736723028,-0.04141342,-0.06298568,-0.033157367
1754736723032,-0.04141342,-0.06298568,-0.033157367
1754736723191,-0.050734766,0.04980263,-0.04021496
1754736723194,-0.050734766,0.04980263,-0.04021496
1754736723353,-0.005326485,0.035421122,-0.0039948635
1754736723356,-0.005326485,0.035421122,-0.0039948635
1754736723517,-0.012916725,0.026099775,0.014381508
1754736723521,-0.012916725,0.026099775,0.014381508
1754736723679,-0.0023969181,0.010120321,0.022770721
1754736723683,-0.0023969181,0.010120321,0.022770721
1754736723832,0.017311076,0.015313643,-0.0013316212
1754736723835,0.017311076,0.015313643,-0.0013316212
1754736723994,0.01065297,-0.058724493,-0.01065297
1754736723998,0.01065297,-0.058724493,-0.01065297
1754736724155,-0.0051933224,-0.041280255,-0.014780995
1754736724158,-0.0051933224,-0.041280255,-0.014780995
1754736724313,-0.008389213,0.025034478,0.037551716
1754736724316,-0.008389213,0.025034478,0.037551716
1754736724477,-0.02516764,0.007190754,0.051800065
1754736724479,-0.02516764,0.007190754,0.051800065
1754736724633,0.010253483,0.0065249437,0.1005374
1754736724636,0.010253483,0.0065249437,0.1005374
1754736724795,0.034089502,-0.028629854,0.031692583
1754736724798,0.034089502,-0.028629854,0.031692583
1754736724956,-0.015446805,-0.0027964045,-0.039415985
1754736724959,-0.015446805,-0.0027964045,-0.039415985
1754736725116,-0.031559423,0.02956199,-0.0042611877
1754736725119,-0.031559423,0.02956199,-0.0042611877
1754736725278,-0.011451942,0.010386645,0.019974317
1754736725281,-0.011451942,0.010386645,0.019974317
1754736725434,0.025700288,-5.3264847E-4,0.032358393
1754736725437,0.025700288,-5.3264847E-4,0.032358393
1754736725607,0.024235506,-0.023037046,0.016512103
1754736725613,0.024235506,-0.023037046,0.016512103
1754736725757,-0.017044751,0.02823037,0.004660674
1754736725760,-0.017044751,0.02823037,0.004660674
1754736725917,0.010386645,0.017710561,0.019042183
1754736725919,0.010386645,0.017710561,0.019042183
1754736726079,0.0054596467,-0.004926998,0.009987159
1754736726082,0.0054596467,-0.004926998,0.009987159
1754736726234,0.01318305,-0.0017311075,0.02010748
1754736726237,0.01318305,-0.0017311075,0.02010748
1754736726398,-0.009321348,-0.016512103,0.008256052
1754736726401,-0.009321348,-0.016512103,0.008256052
1754736726559,0.0065249437,-0.009587673,0.008921862
1754736726562,0.0065249437,-0.009587673,0.008921862
1754736726715,0.010519807,0.005992295,-0.0037285392
1754736726718,0.010519807,0.005992295,-0.0037285392
1754736726877,0.01198459,0.017976886,-0.007856565
1754736726880,0.01198459,0.017976886,-0.007856565
1754736727038,0.019841155,-0.0017311075,0.02197175
1754736727041,0.019841155,-0.0017311075,0.02197175
1754736727196,0.005992295,-0.0058591333,0.046739902
1754736727199,0.005992295,-0.0058591333,0.046739902
1754736727359,-6.658106E-4,-0.026765585,0.02450183
1754736727362,-6.658106E-4,-0.026765585,0.02450183
1754736727519,0.019308507,-0.029695151,0.011052456
1754736727522,0.019308507,-0.029695151,0.011052456
1754736727678,0.02130594,0.09148237,-0.070842244
1754736727681,0.02130594,0.09148237,-0.070842244
1754736727834,-0.037551716,-0.026499262,-0.10067056
1754736727837,-0.037551716,-0.026499262,-0.10067056
1754736727996,0.032757882,0.038217526,-0.09800732
1754736727999,0.032757882,0.038217526,-0.09800732
1754736728160,0.04088077,0.10493175,-0.18189946
1754736728163,0.04088077,0.10493175,-0.18189946
1754736728322,0.0263661,0.061387736,-0.11358728
1754736728325,0.0263661,0.061387736,-0.11358728
1754736728485,0.033556852,0.11571788,-0.059922952
1754736728488,0.033556852,0.11571788,-0.059922952
1754736728641,-0.10413278,-0.13369477,0.19361772
1754736728644,-0.10413278,-0.13369477,0.19361772
1754736728801,0.037551716,-0.026765585,0.17071383
1754736728804,0.037551716,-0.026765585,0.17071383
1754736728960,0.005725971,-0.04847101,0.05033528
1754736728963,0.005725971,-0.04847101,0.05033528
1754736729122,-0.11545155,-0.014780995,0.034888476
1754736729125,-0.11545155,-0.014780995,0.034888476
1754736729277,-0.048204686,0.021039614,0.09933894
1754736729280,-0.048204686,0.021039614,0.09933894
1754736729440,-0.047006227,-0.0026632424,0.05539544
1754736729443,-0.047006227,-0.0026632424,0.05539544
1754736729599,0.082161024,0.003462215,0.028896179
1754736729602,0.082161024,0.003462215,0.028896179
1754736729757,0.07430446,0.08176154,0.12370761
1754736729758,0.07430446,0.08176154,0.12370761
1754736729922,0.49083558,0.0011984591,-0.49296615
1754736729925,0.49083558,0.0011984591,-0.49296615
1754736730083,0.36406523,-0.50068957,-0.94478524
1754736730086,0.36406523,-0.50068957,-0.94478524
1754736730240,0.008389213,-0.5586151,-0.28842914
1754736730243,0.008389213,-0.5586151,-0.28842914
1754736730405,-0.48311216,0.05393066,0.058990818
1754736730408,-0.48311216,0.05393066,0.058990818
1754736730562,-0.46566793,0.5017549,0.13342844
1754736730565,-0.46566793,0.5017549,0.13342844
1754736730723,-0.16671897,0.3371665,0.077633515
1754736730726,-0.16671897,0.3371665,0.077633515
1754736730883,0.027431397,0.022504399,0.00692443
1754736730886,0.027431397,0.022504399,0.00692443
1754736731041,0.042478714,-0.043810338,0.04900366
1754736731044,0.042478714,-0.043810338,0.04900366
1754736731205,0.005725971,-0.03661958,0.04074761
1754736731208,0.005725971,-0.03661958,0.04074761
1754736731367,-0.012916725,-0.06604841,0.037418555
1754736731370,-0.012916725,-0.06604841,0.037418555
1754736731526,-0.03781804,-0.066581056,0.031825747
1754736731529,-0.03781804,-0.066581056,0.031825747
1754736731685,-0.035021637,-0.017976886,-0.003462215
1754736731688,-0.035021637,-0.017976886,-0.003462215
1754736731844,-0.019841155,0.012117753,-0.011185618
1754736731847,-0.019841155,0.012117753,-0.011185618
1754736731997,0.07350549,-0.023836019,0.01384886
1754736731999,0.07350549,-0.023836019,0.01384886
1754736732157,0.09094973,0.030627286,-0.007590241
1754736732158,0.09094973,0.030627286,-0.007590241
1754736732323,0.10466542,0.02823037,-0.014780995
1754736732329,0.10466542,0.02823037,-0.014780995
1754736732484,0.025567126,0.043011364,0.027165072
1754736732489,0.025567126,0.043011364,0.027165072
1754736732644,-0.06991011,-0.033024207,-0.023436533
1754736732647,-0.06991011,-0.033024207,-0.023436533
1754736732804,0.0868217,-0.07457078,0.07097541
1754736732807,0.0868217,-0.07457078,0.07097541
1754736732969,0.053797495,-0.012517239,0.025700288
1754736732972,0.053797495,-0.012517239,0.025700288
1754736733131,-0.061387736,0.020373804,-0.01198459
1754736733135,-0.061387736,0.020373804,-0.01198459
1754736733289,-0.022504399,-0.01957483,0.0302278
1754736733293,-0.022504399,-0.01957483,0.0302278
1754736733445,-0.0025300803,-0.019308507,0.06458363
1754736733448,-0.0025300803,-0.019308507,0.06458363
1754736733607,-0.023170209,-0.020906452,0.06791268
1754736733611,-0.023170209,-0.020906452,0.06791268
1754736733769,-0.034355827,-0.08415846,0.08415846
1754736733772,-0.034355827,-0.08415846,0.08415846
1754736733928,-0.035554286,-0.07963095,0.058857657
1754736733932,-0.035554286,-0.07963095,0.058857657
1754736734087,0.016112616,-0.015979454,0.07377181
1754736734091,0.016112616,-0.015979454,0.07377181
1754736734252,-0.017177913,0.03728539,0.07536976
1754736734255,-0.017177913,0.03728539,0.07536976
1754736734405,-0.063385166,-0.012650401,0.060189277
1754736734408,-0.063385166,-0.012650401,0.060189277
1754736734571,-0.055528603,-0.07004327,0.01944167
1754736734575,-0.055528603,-0.07004327,0.01944167
1754736734732,-0.02823037,-0.026765585,0.017577399
1754736734735,-0.02823037,-0.026765585,0.017577399
1754736734891,-0.0066581056,-0.009720835,0.023836019
1754736734894,-0.0066581056,-0.009720835,0.023836019
1754736735052,0.027298234,-0.041147094,-0.0390165
1754736735055,0.027298234,-0.041147094,-0.0390165
1754736735220,0.037951205,-0.0085223755,-0.036353257
1754736735227,0.037951205,-0.0085223755,-0.036353257
1754736735372,0.03209207,-0.014914157,-0.017444238
1754736735375,0.03209207,-0.014914157,-0.017444238
1754736735527,0.050068956,-0.025700288,0.031559423
1754736735531,0.050068956,-0.025700288,0.031559423
1754736735694,-0.011052456,0.0050601605,-0.0037285392
1754736735697,-0.011052456,0.0050601605,-0.0037285392
1754736735849,0.013449374,-0.008389213,0.0014647833
1754736735853,0.013449374,-0.008389213,0.0014647833
1754736736013,0.010120321,0.02463499,-0.0029295667
1754736736016,0.010120321,0.02463499,-0.0029295667
1754736736178,0.019841155,0.01957483,0.0038617013
1754736736181,0.019841155,0.01957483,0.0038617013
1754736736332,0.009720835,0.015047319,0.017577399
1754736736335,0.009720835,0.015047319,0.017577399
1754736736491,-0.017976886,0.007856565,0.05353117
1754736736494,-0.017976886,0.007856565,0.05353117
1754736736654,-0.029162504,-0.009587673,0.034755312
1754736736658,-0.029162504,-0.009587673,0.034755312
1754736736813,-0.008788699,-0.015180482,-0.0011984591
1754736736816,-0.008788699,-0.015180482,-0.0011984591
1754736736975,-0.0054596467,-0.009055024,-0.021172777
1754736736978,-0.0054596467,-0.009055024,-0.021172777
1754736737135,0.02263756,-0.015846292,-3.9948634E-4
1754736737138,0.02263756,-0.015846292,-3.9948634E-4
1754736737288,0.025034478,-0.017710561,0.033690017
1754736737291,0.025034478,-0.017710561,0.033690017
1754736737457,-0.0073239165,0.0025300803,0.08322632
1754736737460,-0.0073239165,0.0025300803,0.08322632
1754736737616,-0.029428829,-0.038217526,0.076834545
1754736737619,-0.029428829,-0.038217526,0.076834545
1754736737776,-0.033690017,0.017177913,0.028896179
1754736737779,-0.033690017,0.017177913,0.028896179
1754736737933,-0.014248347,0.04088077,-0.009720835
1754736737936,-0.014248347,0.04088077,-0.009720835
1754736738091,0.01198459,0.03781804,-0.011585104
1754736738096,0.01198459,0.03781804,-0.011585104
1754736738251,-0.030760448,0.020640127,-0.021838587
1754736738254,-0.030760448,0.020640127,-0.021838587
1754736738413,-0.0030627288,-0.0023969181,-0.013715698
1754736738416,-0.0030627288,-0.0023969181,-0.013715698
1754736738577,-0.012384077,-0.010120321,-0.01198459
1754736738580,-0.012384077,-0.010120321,-0.01198459
1754736738735,0.025433965,-0.0030627288,0.007989727
1754736738738,0.025433965,-0.0030627288,0.007989727
1754736738895,0.020506967,-0.011185618,0.010120321
1754736738898,0.020506967,-0.011185618,0.010120321
1754736739062,0.0030627288,-0.014248347,0.026232937
1754736739065,0.0030627288,-0.014248347,0.026232937
1754736739216,0.01065297,-0.01890902,0.028097207
1754736739219,0.01065297,-0.01890902,0.028097207
1754736739374,0.03089361,-0.021439102,0.009720835
1754736739377,0.03089361,-0.021439102,0.009720835
1754736739534,0.024768153,0.00945451,0.011718267
1754736739537,0.024768153,0.00945451,0.011718267
1754736739696,0.015446805,0.023569694,0.019042183
1754736739699,0.015446805,0.023569694,0.019042183
1754736739858,0.057526033,0.048870496,0.031958908
1754736739861,0.057526033,0.048870496,0.031958908
1754736740019,-0.008122889,0.027964044,-0.005592809
1754736740022,-0.008122889,0.027964044,-0.005592809
1754736740176,-0.022238074,0.018642696,0.012916725
1754736740179,-0.022238074,0.018642696,0.012916725
1754736740339,-0.002263756,0.009321348,-0.005592809
1754736740342,-0.002263756,0.009321348,-0.005592809
1754736740503,0.0010652969,0.013582536,-0.03661958
1754736740506,0.0010652969,0.013582536,-0.03661958
1754736740657,-0.030760448,0.016112616,-0.07616873
1754736740660,-0.030760448,0.016112616,-0.07616873
1754736740819,0.014647833,-0.020240642,-0.029828314
1754736740822,0.014647833,-0.020240642,-0.029828314
1754736740980,0.027298234,-0.045940932,0.01065297
1754736740983,0.027298234,-0.045940932,0.01065297
1754736741136,-0.02756456,0.007989727,0.008788699
1754736741140,-0.02756456,0.007989727,0.008788699
1754736741300,-0.017710561,-0.0018642696,0.0031958907
1754736741303,-0.017710561,-0.0018642696,0.0031958907
1754736741464,-0.02396918,0.012916725,9.321348E-4
1754736741467,-0.02396918,0.012916725,9.321348E-4
1754736741619,0.004128026,-0.003462215,0.025034478
1754736741622,0.004128026,-0.003462215,0.025034478
1754736741779,0.030760448,-0.035554286,0.058058683
1754736741782,0.030760448,-0.035554286,0.058058683
1754736741941,0.02396918,-0.033823177,0.060322437
1754736741944,0.02396918,-0.033823177,0.060322437
1754736742092,0.018110048,-0.024368668,0.035421122
1754736742094,0.018110048,-0.024368668,0.035421122
1754736742261,0.0031958907,0.0051933224,-0.0030627288
1754736742264,0.0031958907,0.0051933224,-0.0030627288
1754736742425,0.015313643,0.020506967,0.008389213
1754736742427,0.015313643,0.020506967,0.008389213
1754736742578,0.0011984591,0.0070575923,0.028496694
1754736742581,0.0011984591,0.0070575923,0.028496694
1754736742741,-0.012783563,-0.011052456,0.0439435
1754736742744,-0.012783563,-0.011052456,0.0439435
1754736742899,-0.026765585,-0.0042611877,0.019042183
1754736742903,-0.026765585,-0.0042611877,0.019042183
1754736743058,-0.009853996,9.321348E-4,0.010120321
1754736743061,-0.009853996,9.321348E-4,0.010120321
1754736743218,-0.009188186,0.012117753,-9.321348E-4
1754736743222,-0.009188186,0.012117753,-9.321348E-4
1754736743380,-0.004926998,0.015846292,0.0061254576
1754736743383,-0.004926998,0.015846292,0.0061254576
1754736743544,-0.028496694,0.013449374,0.0062586195
1754736743547,-0.028496694,0.013449374,0.0062586195
1754736743701,-0.014647833,0.016245779,0.014914157
1754736743704,-0.014647833,0.016245779,0.014914157
1754736743866,-0.029162504,0.004128026,0.016911589
1754736743869,-0.029162504,0.004128026,0.016911589
1754736744026,-0.00945451,0.0010652969,0.005592809
1754736744029,-0.00945451,0.0010652969,0.005592809
1754736744185,0.023037046,1.3316212E-4,-0.024102343
1754736744188,0.023037046,1.3316212E-4,-0.024102343
1754736744347,0.005592809,0.0027964045,-0.032491557
1754736744351,0.005592809,0.0027964045,-0.032491557
1754736744507,-0.045541443,0.0010652969,-0.019175345
1754736744510,-0.045541443,0.0010652969,-0.019175345
1754736744660,0.017177913,0.07017644,-0.08256051
1754736744663,0.017177913,0.07017644,-0.08256051
1754736744833,0.076834545,0.14301611,0.13968706
1754736744835,0.076834545,0.14301611,0.13968706
1754736744981,0.26419365,0.39322773,0.07337233
1754736744984,0.26419365,0.39322773,0.07337233
1754736745145,0.46420315,-0.115584716,-0.6787273
1754736745148,0.46420315,-0.115584716,-0.6787273
1754736745306,0.503486,-0.55275595,-0.63318586
1754736745310,0.503486,-0.55275595,-0.63318586
1754736745464,-0.03781804,-0.6052218,-0.034089502
1754736745467,-0.03781804,-0.6052218,-0.034089502
1754736745627,-0.4932325,0.26099774,0.33596802
1754736745630,-0.4932325,0.26099774,0.33596802
1754736745783,-0.19348456,0.58604646,0.18123364
1754736745786,-0.19348456,0.58604646,0.18123364
1754736745945,0.009188186,0.06098825,-0.03888334
1754736745948,0.009188186,0.06098825,-0.03888334
1754736746105,0.08775383,-0.02197175,0.1367575
1754736746108,0.08775383,-0.02197175,0.1367575
1754736746263,0.07723403,-0.014248347,0.09787416
1754736746266,0.07723403,-0.014248347,0.09787416
1754736746427,0.016378941,0.05592809,0.0015979453
1754736746431,0.016378941,0.05592809,0.0015979453
1754736746588,-0.011185618,0.050734766,0.0037285392
1754736746592,-0.011185618,0.050734766,0.0037285392
1754736746744,0.028496694,-0.024901316,0.009055024
1754736746750,0.028496694,-0.024901316,0.009055024
1754736746911,0.009321348,-0.023569694,-0.017976886
1754736746914,0.009321348,-0.023569694,-0.017976886
1754736747069,-0.004128026,-0.007590241,0.011851428
1754736747073,-0.004128026,-0.007590241,0.011851428
1754736747230,-0.0019974317,-0.062053546,0.025567126
1754736747234,-0.0019974317,-0.062053546,0.025567126
1754736747389,-0.022770721,-0.039815474,-0.0017311075
1754736747392,-0.022770721,-0.039815474,-0.0017311075
1754736747548,-0.033823177,0.029029341,0.02823037
1754736747551,-0.033823177,0.029029341,0.02823037
1754736747705,-0.014115185,0.026232937,0.08242735
1754736747709,-0.014115185,0.026232937,0.08242735
1754736747865,0.008921862,0.01318305,0.045807768
1754736747868,0.008921862,0.01318305,0.045807768
1754736748029,-0.0029295667,-0.0050601605,0.008122889
1754736748033,-0.0029295667,-0.0050601605,0.008122889
1754736748193,-0.015446805,-0.049403146,0.013982022
1754736748196,-0.015446805,-0.049403146,0.013982022
1754736748357,-0.014647833,-0.07177438,-0.012916725
1754736748360,-0.014647833,-0.07177438,-0.012916725
1754736748510,0.003462215,-0.05419698,-0.017710561
1754736748514,0.003462215,-0.05419698,-0.017710561
1754736748677,0.007590241,0.0013316212,0.041679744
1754736748683,0.007590241,0.0013316212,0.041679744
1754736748826,-0.020906452,0.03595377,0.05512912
1754736748830,-0.020906452,0.03595377,0.05512912
1754736748987,1.3316212E-4,0.023436533,0.046340417
1754736748991,1.3316212E-4,0.023436533,0.046340417
1754736749149,-0.007856565,0.00945451,0.02756456
1754736749152,-0.007856565,0.00945451,0.02756456
1754736749312,0.0027964045,-0.014780995,0.017044751
1754736749315,0.0027964045,-0.014780995,0.017044751
1754736749473,-0.008921862,-1.3316212E-4,0.013316211
1754736749476,-0.008921862,-1.3316212E-4,0.013316211
1754736749631,-0.008389213,0.02450183,-0.0062586195
1754736749635,-0.008389213,0.02450183,-0.0062586195
1754736749788,-0.029428829,0.016112616,-0.04327769
1754736749791,-0.029428829,0.016112616,-0.04327769
1754736749953,-0.012117753,0.012117753,-0.041679744
1754736749957,-0.012117753,0.012117753,-0.041679744
1754736750114,-0.009587673,-0.01957483,-0.017311076
1754736750117,-0.009587673,-0.01957483,-0.017311076
1754736750274,-0.030494126,-0.016245779,0.007856565
1754736750277,-0.030494126,-0.016245779,0.007856565
1754736750431,-0.009853996,-0.009987159,0.009720835
1754736750434,-0.009853996,-0.009987159,0.009720835
1754736750595,-0.04460931,-0.014514671,6.658106E-4
1754736750598,-0.04460931,-0.014514671,6.658106E-4
1754736750750,-0.116650015,-0.080296755,0.0070575923
1754736750754,-0.116650015,-0.080296755,0.0070575923
1754736750911,0.019841155,-0.15433489,0.08602273
1754736750915,0.019841155,-0.15433489,0.08602273
1754736751073,0.08775383,-0.10919294,0.08722119
1754736751076,0.08775383,-0.10919294,0.08722119
1754736751234,-0.0063917814,-0.015446805,0.030494126
1754736751237,-0.0063917814,-0.015446805,0.030494126
1754736751394,0.017044751,-0.019042183,0.039282825
1754736751398,0.017044751,-0.019042183,0.039282825
1754736751553,-0.016245779,0.018509535,-0.012650401
1754736751558,-0.016245779,0.018509535,-0.012650401
1754736751715,0.05592809,-0.039815474,0.023436533
1754736751718,0.05592809,-0.039815474,0.023436533
1754736751872,0.11784847,-0.029828314,-0.031026773
1754736751875,0.11784847,-0.029828314,-0.031026773
1754736752033,0.10866029,0.07736719,-0.07363865
1754736752036,0.10866029,0.07736719,-0.07363865
1754736752195,0.05393066,0.116650015,-0.04274504
1754736752198,0.05393066,0.116650015,-0.04274504
1754736752355,0.021439102,0.03715223,0.032757882
1754736752359,0.021439102,0.03715223,0.032757882
1754736752511,-0.016778426,-0.031026773,0.024235506
1754736752512,-0.016778426,-0.031026773,0.024235506
1754736752676,-0.02463499,-0.011052456,0.010786131
1754736752679,-0.02463499,-0.011052456,0.010786131
1754736752834,-0.0019974317,-0.012117753,0.02769772
1754736752837,-0.0019974317,-0.012117753,0.02769772
1754736752993,0.021039614,-0.0062586195,0.023436533
1754736752996,0.021039614,-0.0062586195,0.023436533
1754736753153,0.02077329,0.020640127,-0.0031958907
1754736753156,0.02077329,0.020640127,-0.0031958907
1754736753317,0.027298234,0.014647833,1.3316212E-4
1754736753320,0.027298234,0.014647833,1.3316212E-4
1754736753481,0.00945451,0.017177913,-0.0062586195
1754736753484,0.00945451,0.017177913,-0.0062586195
1754736753636,-0.01198459,0.010386645,-0.0019974317
1754736753639,-0.01198459,0.010386645,-0.0019974317
1754736753799,-0.01944167,0.014780995,-0.0070575923
1754736753802,-0.01944167,0.014780995,-0.0070575923
1754736753960,0.014381508,0.0031958907,0.023037046
1754736753963,0.014381508,0.0031958907,0.023037046
1754736754116,0.027431397,0.0043943496,0.022504399
1754736754119,0.027431397,0.0043943496,0.022504399
1754736754279,0.010386645,0.004926998,0.024768153
1754736754282,0.010386645,0.004926998,0.024768153
1754736754443,0.0074570784,0.0025300803,0.024102343
1754736754446,0.0074570784,0.0025300803,0.024102343
1754736754594,-0.0065249437,0.023170209,0.009720835
1754736754595,-0.0065249437,0.023170209,0.009720835
1754736754755,-0.012783563,0.025300803,0.0042611877
1754736754758,-0.012783563,0.025300803,0.0042611877
1754736754916,-0.0074570784,0.012517239,0.010786131
1754736754921,-0.0074570784,0.012517239,0.010786131
1754736755079,-0.026232937,-0.0015979453,-0.0050601605
1754736755082,-0.026232937,-0.0015979453,-0.0050601605
1754736755239,-0.0478052,-0.0039948635,0.0050601605
1754736755242,-0.0478052,-0.0039948635,0.0050601605
1754736755405,-0.042345554,-0.01384886,0.027165072
1754736755408,-0.042345554,-0.01384886,0.027165072
1754736755556,-0.041812904,-0.05592809,0.058191843
1754736755559,-0.041812904,-0.05592809,0.058191843
1754736755721,-0.05526228,-0.013982022,0.057392873
1754736755723,-0.05526228,-0.013982022,0.057392873
1754736755879,-0.14221714,0.12210966,-0.01571313
1754736755882,-0.14221714,0.12210966,-0.01571313
1754736756042,-0.10360013,-0.21332571,0.017177913
1754736756045,-0.10360013,-0.21332571,0.017177913
1754736756201,-0.032891043,0.01318305,0.0790983
1754736756204,-0.032891043,0.01318305,0.0790983
1754736756364,0.035421122,-0.07457078,0.015579968
1754736756367,0.035421122,-0.07457078,0.015579968
1754736756525,0.12477291,0.023170209,0.02463499
1754736756528,0.12477291,0.023170209,0.02463499
1754736756680,-0.19082132,-0.07004327,-0.11039139
1754736756683,-0.19082132,-0.07004327,-0.11039139
1754736756844,0.16432205,-0.092680834,-0.06871165
1754736756847,0.16432205,-0.092680834,-0.06871165
1754736757003,0.058990818,0.24634992,-0.19774574
1754736757006,0.058990818,0.24634992,-0.19774574
1754736757160,0.012384077,0.21971749,-0.14048603
1754736757163,0.012384077,0.21971749,-0.14048603
1754736757325,-0.1181148,0.14141817,-0.00945451
1754736757328,-0.1181148,0.14141817,-0.00945451
1754736757485,-0.39589098,0.14714414,-0.12597136
1754736757488,-0.39589098,0.14714414,-0.12597136
1754736757644,-0.2741808,0.2109288,-0.12517239
1754736757647,-0.2741808,0.2109288,-0.12517239
1754736757806,0.3314405,-0.048337847,-1.053845
1754736757809,0.3314405,-0.048337847,-1.053845
1754736757963,0.20253958,-0.6001617,-0.8735435
1754736757967,0.20253958,-0.6001617,-0.8735435
1754736758123,-0.29255718,-0.4720597,-0.12277547
1754736758126,-0.29255718,-0.4720597,-0.12277547
1754736758297,-0.5335806,0.24981213,-0.06751319
1754736758302,-0.5335806,0.24981213,-0.06751319
1754736758444,0.15047319,0.25966612,0.1131878
1754736758447,0.15047319,0.25966612,0.1131878
1754736758596,0.14581251,0.17444238,0.07603557
1754736758598,0.14581251,0.17444238,0.07603557
1754736758762,0.0058591333,-0.022371236,0.03701907
1754736758765,0.0058591333,-0.022371236,0.03701907
1754736758920,-0.017710561,-0.021572262,0.06831217
1754736758923,-0.017710561,-0.021572262,0.06831217
1754736759081,0.079764105,-2.6632423E-4,0.13942073
1754736759084,0.079764105,-2.6632423E-4,0.13942073
1754736759247,0.0653826,-0.05100109,0.08775383
1754736759251,0.0653826,-0.05100109,0.08775383
1754736759407,0.07057592,0.007590241,0.03914966
1754736759410,0.07057592,0.007590241,0.03914966
1754736759566,0.013449374,0.03768488,-0.0070575923
1754736759569,0.013449374,0.03768488,-0.0070575923
1754736759723,0.021705424,0.017177913,0.003462215
1754736759726,0.021705424,0.017177913,0.003462215
1754736759882,0.022238074,-0.012650401,0.026632423
1754736759887,0.022238074,-0.012650401,0.026632423
1754736760042,0.024768153,-0.030627286,0.028097207
1754736760045,0.024768153,-0.030627286,0.028097207
1754736760207,-0.014514671,0.007989727,-0.016911589
1754736760211,-0.014514671,0.007989727,-0.016911589
1754736760369,0.012384077,-0.0061254576,0.007190754
1754736760373,0.012384077,-0.0061254576,0.007190754
1754736760529,-0.009853996,3.9948634E-4,-0.0017311075
1754736760532,-0.009853996,3.9948634E-4,-0.0017311075
1754736760689,0.027830882,-0.0011984591,0.014115185
1754736760693,0.027830882,-0.0011984591,0.014115185
1754736760848,0.009587673,0.0085223755,0.0037285392
1754736760852,0.009587673,0.0085223755,0.0037285392
1754736761005,-0.012916725,0.0023969181,0.013449374
1754736761007,-0.012916725,0.0023969181,0.013449374
1754736761169,0.030360963,0.0014647833,0.029961476
1754736761173,0.030360963,0.0014647833,0.029961476
1754736761328,0.008655538,0.018509535,0.026499262
1754736761332,0.008655538,0.018509535,0.026499262
1754736761487,0.027165072,-0.0066581056,0.043011364
1754736761490,0.027165072,-0.0066581056,0.043011364
1754736761651,0.0263661,-0.03701907,0.058857657
1754736761655,0.0263661,-0.03701907,0.058857657
1754736761813,0.031958908,-0.033823177,0.061920386
1754736761816,0.031958908,-0.033823177,0.061920386
1754736761975,0.01198459,-0.031825747,0.039282825
1754736761978,0.01198459,-0.031825747,0.039282825
1754736762127,0.005326485,-0.0030627288,0.04034812
1754736762130,0.005326485,-0.0030627288,0.04034812
1754736762294,-0.005592809,0.009321348,0.029961476
1754736762297,-0.005592809,0.009321348,0.029961476
1754736762446,0.015446805,-3.9948634E-4,0.018509535
1754736762449,0.015446805,-3.9948634E-4,0.018509535
1754736762609,-0.0077234027,-0.007190754,0.01131878
1754736762612,-0.0077234027,-0.007190754,0.01131878
1754736762772,-0.0066581056,-7.989727E-4,0.02583345
1754736762775,-0.0066581056,-7.989727E-4,0.02583345
1754736762932,-0.0054596467,0.009587673,0.012916725
1754736762935,-0.0054596467,0.009587673,0.012916725
1754736763093,-0.012517239,-0.0014647833,-0.007590241
1754736763096,-0.012517239,-0.0014647833,-0.007590241
1754736763253,-0.0037285392,-0.01198459,-0.0030627288
1754736763256,-0.0037285392,-0.01198459,-0.0030627288
1754736763413,-6.658106E-4,-0.025567126,0.0030627288
1754736763416,-6.658106E-4,-0.025567126,0.0030627288
1754736763577,-0.012117753,0.016112616,0.009853996
1754736763580,-0.012117753,0.016112616,0.009853996
1754736763733,-0.008122889,0.0085223755,0.030094638
1754736763737,-0.008122889,0.0085223755,0.030094638
1754736763894,0.02010748,-0.029828314,0.02516764
1754736763897,0.02010748,-0.029828314,0.02516764
1754736764057,0.058724493,-0.01384886,0.031026773
1754736764062,0.058724493,-0.01384886,0.031026773
1754736764214,0.021439102,-0.0073239165,0.008921862
1754736764217,0.021439102,-0.0073239165,0.008921862
1754736764375,-0.012916725,0.01065297,-0.007590241
1754736764378,-0.012916725,0.01065297,-0.007590241
1754736764536,-0.03835069,0.027431397,0.005992295
1754736764539,-0.03835069,0.027431397,0.005992295
1754736764694,-0.02330337,0.02077329,0.04154658
1754736764697,-0.02330337,0.02077329,0.04154658
1754736764854,-0.11185618,0.038750175,0.0033290528
1754736764857,-0.11185618,0.038750175,0.0033290528
1754736765013,0.04847101,-0.08096257,0.003595377
1754736765016,0.04847101,-0.08096257,0.003595377
1754736765171,0.0019974317,0.006791268,0.015846292
1754736765174,0.0019974317,0.006791268,0.015846292
1754736765335,0.026099775,-3.9948634E-4,0.021838587
1754736765338,0.026099775,-3.9948634E-4,0.021838587
1754736765493,0.008921862,-0.0085223755,0.030094638
1754736765496,0.008921862,-0.0085223755,0.030094638
1754736765653,0.018509535,0.02583345,-0.0010652969
1754736765656,0.018509535,0.02583345,-0.0010652969
1754736765819,-0.023569694,0.022903884,-0.013316211
1754736765822,-0.023569694,0.022903884,-0.013316211
1754736765978,-0.016112616,-0.02463499,0.026099775
1754736765981,-0.016112616,-0.02463499,0.026099775
1754736766136,0.035687447,-1.3316212E-4,0.058591332
1754736766139,0.035687447,-1.3316212E-4,0.058591332
1754736766295,-0.0065249437,-0.028496694,0.007989727
1754736766298,-0.0065249437,-0.028496694,0.007989727
1754736766458,0.0039948635,-0.054862794,0.021572262
1754736766461,0.0039948635,-0.054862794,0.021572262
1754736766617,0.0070575923,-0.018642696,0.020640127
1754736766620,0.0070575923,-0.018642696,0.020640127
1754736766777,-0.0021305939,0.014914157,0.036353257
1754736766780,-0.0021305939,0.014914157,0.036353257
1754736766938,-0.014248347,0.061254572,0.02330337
1754736766941,-0.014248347,0.061254572,0.02330337
1754736767097,-0.005326485,-0.0037285392,-0.0039948635
1754736767100,-0.005326485,-0.0037285392,-0.0039948635
1754736767258,0.007989727,-0.037418555,0.0042611877
1754736767261,0.007989727,-0.037418555,0.0042611877
1754736767419,-0.008256052,0.013449374,0.023170209
1754736767422,-0.008256052,0.013449374,0.023170209
1754736767578,0.008921862,-0.0025300803,0.049935795
1754736767581,0.008921862,-0.0025300803,0.049935795
1754736767738,0.02197175,-0.05100109,0.019042183
1754736767742,0.02197175,-0.05100109,0.019042183
1754736767899,-0.01824321,-0.012916725,0.0026632424
1754736767901,-0.01824321,-0.012916725,0.0026632424
1754736768054,0.0010652969,0.046207253,0.016911589
1754736768057,0.0010652969,0.046207253,0.016911589
1754736768217,0.0073239165,0.035554286,0.017577399
1754736768220,0.0073239165,0.035554286,0.017577399
1754736768380,0.0025300803,-9.321348E-4,0.0063917814
1754736768383,0.0025300803,-9.321348E-4,0.0063917814
1754736768538,0.018509535,0.013582536,-0.0025300803
1754736768541,0.018509535,0.013582536,-0.0025300803
1754736768701,0.0019974317,0.034089502,0.0023969181
1754736768702,0.0019974317,0.034089502,0.0023969181
1754736768862,-0.007989727,0.04021496,-0.004128026
1754736768865,-0.007989727,0.04021496,-0.004128026
1754736769015,-0.031293098,-0.004128026,-0.015047319
1754736769019,-0.031293098,-0.004128026,-0.015047319
1754736769181,-0.018775858,0.0061254576,0.025433965
1754736769184,-0.018775858,0.0061254576,0.025433965
1754736769342,-0.011185618,-0.005992295,0.013316211
1754736769345,-0.011185618,-0.005992295,0.013316211
1754736769498,0.0058591333,0.02010748,0.008256052
1754736769501,0.0058591333,0.02010748,0.008256052
1754736769658,-9.321348E-4,0.022504399,0.010519807
1754736769661,-9.321348E-4,0.022504399,0.010519807
1754736769828,-0.00692443,0.024235506,0.027431397
1754736769832,-0.00692443,0.024235506,0.027431397
1754736769987,0.014248347,0.018775858,0.036353257
1754736769990,0.014248347,0.018775858,0.036353257
1754736770137,-0.0085223755,0.004128026,0.01131878
1754736770140,-0.0085223755,0.004128026,0.01131878
1754736770298,-0.011718267,-0.017976886,0.00692443
1754736770301,-0.011718267,-0.017976886,0.00692443
1754736770458,-0.006791268,-0.01890902,0.01198459
1754736770462,-0.006791268,-0.01890902,0.01198459
1754736770624,-0.016378941,0.014780995,0.025433965
1754736770627,-0.016378941,0.014780995,0.025433965
1754736770783,0.013715698,0.006791268,0.02450183
1754736770787,0.013715698,0.006791268,0.02450183
1754736770941,-0.017444238,0.004660674,0.031825747
1754736770943,-0.017444238,0.004660674,0.031825747
1754736771103,0.003595377,-0.022770721,0.03888334
1754736771106,0.003595377,-0.022770721,0.03888334
1754736771265,0.003462215,-0.015313643,0.029295666
1754736771268,0.003462215,-0.015313643,0.029295666
1754736771423,-0.08868597,-0.0085223755,-0.027165072
1754736771426,-0.08868597,-0.0085223755,-0.027165072
1754736771584,-0.08269367,-0.077899836,-0.017976886
1754736771587,-0.08269367,-0.077899836,-0.017976886
1754736771749,0.015180482,-0.036220096,0.0029295667
1754736771752,0.015180482,-0.036220096,0.0029295667
1754736771906,-0.009987159,0.010253483,0.023436533
1754736771909,-0.009987159,0.010253483,0.023436533
1754736772065,0.0026632424,0.04154658,0.058058683
1754736772068,0.0026632424,0.04154658,0.058058683
1754736772228,0.013982022,0.05725971,0.0077234027
1754736772232,0.013982022,0.05725971,0.0077234027
1754736772383,-0.025567126,0.061387736,-0.08242735
1754736772386,-0.025567126,0.061387736,-0.08242735
1754736772547,-0.0653826,-0.0050601605,-0.12317496
1754736772551,-0.0653826,-0.0050601605,-0.12317496
1754736772707,0.18176629,0.2804394,0.38443902
1754736772713,0.18176629,0.2804394,0.38443902
1754736772869,-0.02396918,0.47765252,0.37165546
1754736772873,-0.02396918,0.47765252,0.37165546
1754736773027,0.28776333,-0.13982022,-0.41400102
1754736773030,0.28776333,-0.13982022,-0.41400102
1754736773187,0.20187376,-0.46553475,-0.8031007
1754736773190,0.20187376,-0.46553475,-0.8031007
1754736773348,0.023170209,-0.65089643,-0.29788366
1754736773351,0.023170209,-0.65089643,-0.29788366
1754736773505,-0.65502447,0.063118845,0.16778427
1754736773509,-0.65502447,0.063118845,0.16778427
1754736773678,-0.39455935,0.5976316,0.22650877
1754736773685,-0.39455935,0.5976316,0.22650877
1754736773822,0.0801636,0.17217861,0.022371236
1754736773825,0.0801636,0.17217861,0.022371236
1754736773982,-0.0026632424,0.029295666,-0.01571313
1754736773985,-0.0026632424,0.029295666,-0.01571313
1754736774150,0.0070575923,0.01318305,0.041812904
1754736774153,0.0070575923,0.01318305,0.041812904
1754736774303,0.06165406,0.028763017,0.06231987
1754736774306,0.06165406,0.028763017,0.06231987
1754736774464,0.017444238,0.034089502,0.032358393
1754736774467,0.017444238,0.034089502,0.032358393
1754736774631,0.015047319,0.03835069,0.020906452
1754736774635,0.015047319,0.03835069,0.020906452
1754736774788,-0.009321348,0.021039614,0.0062586195
1754736774792,-0.009321348,0.021039614,0.0062586195
1754736774951,0.023170209,-0.036220096,0.014647833
1754736774954,0.023170209,-0.036220096,0.014647833
1754736775113,0.035554286,-0.01824321,-0.031026773
1754736775116,0.035554286,-0.01824321,-0.031026773
1754736775265,-0.012250915,-0.043011364,-0.009853996
1754736775269,-0.012250915,-0.043011364,-0.009853996
1754736775426,0.024368668,-0.0018642696,0.0010652969
1754736775429,0.024368668,-0.0018642696,0.0010652969
1754736775587,0.03888334,0.0058591333,-0.026765585
1754736775591,0.03888334,0.0058591333,-0.026765585
1754736775751,0.02330337,0.0070575923,-0.04460931
1754736775754,0.02330337,0.0070575923,-0.04460931
1754736775911,0.03715223,0.0027964045,0.0065249437
1754736775915,0.03715223,0.0027964045,0.0065249437
1754736776069,0.031026773,0.02197175,0.04913682
1754736776072,0.031026773,0.02197175,0.04913682
1754736776234,0.032891043,-0.006791268,0.06991011
1754736776236,0.032891043,-0.006791268,0.06991011
1754736776388,-0.019308507,0.0065249437,0.021838587
1754736776392,-0.019308507,0.0065249437,0.021838587
1754736776555,-0.013316211,0.011451942,0.0074570784
1754736776558,-0.013316211,0.011451942,0.0074570784
1754736776708,0.008921862,0.012117753,0.008921862
1754736776712,0.008921862,0.012117753,0.008921862
1754736776872,-0.0019974317,0.05353117,-0.0010652969
1754736776875,-0.0019974317,0.05353117,-0.0010652969
1754736777034,-0.008122889,0.01198459,0.019175345
1754736777037,-0.008122889,0.01198459,0.019175345
1754736777194,-0.0074570784,-0.09148237,0.034888476
1754736777197,-0.0074570784,-0.09148237,0.034888476
1754736777355,0.0023969181,-0.054862794,0.07057592
1754736777359,0.0023969181,-0.054862794,0.07057592
1754736777508,-0.0047938363,0.016778426,0.10892661
1754736777510,-0.0047938363,0.016778426,0.10892661
1754736777677,-0.011052456,0.026232937,0.033024207
1754736777680,-0.011052456,0.026232937,0.033024207
1754736777830,0.024102343,0.028896179,-1.3316212E-4
1754736777834,0.024102343,0.028896179,-1.3316212E-4
1754736777995,6.658106E-4,0.036353257,0.009321348
1754736777998,6.658106E-4,0.036353257,0.009321348
1754736778154,0.044342984,-0.014914157,-0.028363531
1754736778157,0.044342984,-0.014914157,-0.028363531
1754736778313,-0.007989727,-0.03954915,-0.041147094
1754736778316,-0.007989727,-0.03954915,-0.041147094
1754736778476,0.0029295667,-0.08655538,0.0061254576
1754736778479,0.0029295667,-0.08655538,0.0061254576
1754736778635,0.046074092,-0.115584716,0.029029341
1754736778638,0.046074092,-0.115584716,0.029029341
1754736778791,0.017710561,-0.05539544,0.020906452
1754736778795,0.017710561,-0.05539544,0.020906452
1754736778957,0.035021637,0.026232937,0.018775858
1754736778959,0.035021637,0.026232937,0.018775858
1754736779117,0.0074570784,0.028496694,5.3264847E-4
1754736779120,0.0074570784,0.028496694,5.3264847E-4
1754736779274,-0.008122889,0.0019974317,0.046207253
1754736779278,-0.008122889,0.0019974317,0.046207253
1754736779437,-0.08535691,0.10040423,0.03835069
1754736779441,-0.08535691,0.10040423,0.03835069
1754736779599,-0.011185618,0.026898747,0.06298568
1754736779602,-0.011185618,0.026898747,0.06298568
1754736779752,0.04194607,-0.018775858,0.017843723
1754736779755,0.04194607,-0.018775858,0.017843723
1754736779918,0.029961476,-0.027964044,0.014514671
1754736779921,0.029961476,-0.027964044,0.014514671
1754736780067,0.017177913,-0.01131878,0.029162504
1754736780069,0.017177913,-0.01131878,0.029162504
1754736780240,-0.020906452,0.01131878,0.019841155
1754736780244,-0.020906452,0.01131878,0.019841155
1754736780395,-0.0074570784,0.023702856,0.03661958
1754736780398,-0.0074570784,0.023702856,0.03661958
1754736780556,-0.0054596467,0.01957483,0.026099775
1754736780559,-0.0054596467,0.01957483,0.026099775
1754736780718,0.022104912,0.00692443,0.02756456
1754736780721,0.022104912,0.00692443,0.02756456
1754736780879,-0.0047938363,-0.060721926,-0.026499262
1754736780882,-0.0047938363,-0.060721926,-0.026499262
1754736781039,-0.027165072,-0.10945926,-0.054862794
1754736781042,-0.027165072,-0.10945926,-0.054862794
1754736781199,-0.0039948635,-0.13302895,-0.036220096
1754736781202,-0.0039948635,-0.13302895,-0.036220096
1754736781354,-0.01571313,-0.1873591,-0.058857657
1754736781357,-0.01571313,-0.1873591,-0.058857657
1754736781519,-0.04021496,-0.07244019,-0.0062586195
1754736781522,-0.04021496,-0.07244019,-0.0062586195
1754736781680,-0.013715698,0.038750175,0.080829404
1754736781683,-0.013715698,0.038750175,0.080829404
1754736781841,0.015313643,0.048071526,0.19028866
1754736781844,0.015313643,0.048071526,0.19028866
1754736781997,-0.0063917814,0.05978979,0.22091596
1754736781998,-0.0063917814,0.05978979,0.22091596
1754736782160,0.0070575923,0.07124173,0.14634517
1754736782163,0.0070575923,0.07124173,0.14634517
1754736782317,0.007989727,0.026232937,-0.082161024
1754736782320,0.007989727,0.026232937,-0.082161024
1754736782480,-1.3316212E-4,0.16232462,0.038617015
1754736782483,-1.3316212E-4,0.16232462,0.038617015
1754736782637,0.26192987,0.064450465,0.3350359
1754736782640,0.26192987,0.064450465,0.3350359
1754736782800,0.004128026,0.12290864,0.4045465
1754736782803,0.004128026,0.12290864,0.4045465
1754736782959,0.35967088,0.14474723,-0.19628096
1754736782962,0.35967088,0.14474723,-0.19628096
1754736783127,0.3729871,-0.6805916,-0.92174816
1754736783130,0.3729871,-0.6805916,-0.92174816
1754736783298,0.43943498,-0.9881961,0.66221523
1754736783305,0.43943498,-0.9881961,0.66221523
1754736783444,0.4390355,0.41226992,2.1180766
1754736783447,0.4390355,0.41226992,2.1180766
1754736783601,1.44401,1.7653302,-0.19002233
1754736783604,1.44401,1.7653302,-0.19002233
1754736783763,-1.390612,-2.2396536,-0.015846292
1754736783766,-1.390612,-2.2396536,-0.015846292
1754736783918,0.5094783,1.7813096,0.36153516
1754736783921,0.5094783,1.7813096,0.36153516
1754736784082,-0.6064203,-2.4503162,1.2352118
1754736784085,-0.6064203,-2.4503162,1.2352118
1754736784243,1.363447,0.50468445,-1.3509296
1754736784246,1.363447,0.50468445,-1.3509296
1754736784402,-3.0013409,-0.60588765,0.385238
1754736784405,-3.0013409,-0.60588765,0.385238
1754736784565,1.292871,0.4025491,-0.048737336
1754736784568,1.292871,0.4025491,-0.048737336
1754736784724,-1.7062062,-2.0710704,-0.15353592
1754736784727,-1.7062062,-2.0710704,-0.15353592
1754736784884,1.525372,1.3164407,0.45368335
1754736784887,1.525372,1.3164407,0.45368335
1754736785041,1.0589051,-2.5509868,0.34329194
1754736785044,1.0589051,-2.5509868,0.34329194
1754736785208,0.45874348,1.7023445,1.4500023
1754736785211,0.45874348,1.7023445,1.4500023
1754736785365,0.243953,-2.2124887,-0.5113425
1754736785367,0.243953,-2.2124887,-0.5113425
1754736785519,0.6461026,1.7426926,1.7469538
1754736785522,0.6461026,1.7426926,1.7469538
1754736785681,0.18642697,-2.018205,-0.38110998
1754736785684,0.18642697,-2.018205,-0.38110998
1754736785845,0.105597556,1.9170018,0.7940457
1754736785848,0.105597556,1.9170018,0.7940457
1754736786004,0.27098492,-2.0159414,-0.8096257
1754736786007,0.27098492,-2.0159414,-0.8096257
1754736786162,0.32638034,1.8120701,0.6873829
1754736786166,0.32638034,1.8120701,0.6873829
1754736786331,0.04261188,-2.0455034,-0.29615256
1754736786334,0.04261188,-2.0455034,-0.29615256
1754736786483,0.5168022,1.6833023,0.78645545
1754736786486,0.5168022,1.6833023,0.78645545
1754736786643,0.45208538,-1.9255242,-0.31612685
1754736786646,0.45208538,-1.9255242,-0.31612685
1754736786807,-0.18149996,1.8502876,1.2032529
1754736786810,-0.18149996,1.8502876,1.2032529
1754736786966,1.4456079,-1.2827507,-1.2606457
1754736786969,1.4456079,-1.2827507,-1.2606457
1754736787130,-1.6695867,0.9787416,1.4452084
1754736787131,-1.6695867,0.9787416,1.4452084
1754736787287,1.6706519,-0.14221714,-1.0953916
1754736787290,1.6706519,-0.14221714,-1.0953916
1754736787449,-1.4173776,-0.5491606,0.9141579
1754736787453,-1.4173776,-0.5491606,0.9141579
1754736787616,0.30866978,1.1937984,0.31133303
1754736787620,0.30866978,1.1937984,0.31133303
1754736787772,0.10253483,-1.1619726,-0.27258286
1754736787776,0.10253483,-1.1619726,-0.27258286
1754736787929,-1.3844866,1.4320254,1.3862176
1754736787933,-1.3844866,1.4320254,1.3862176
1754736788099,1.6872972,-0.63997716,-1.6039377
1754736788103,1.6872972,-0.63997716,-1.6039377
1754736788245,-1.1800827,0.12850145,1.3967375
1754736788248,-1.1800827,0.12850145,1.3967375
1754736788411,0.83053213,1.06543,0.51294047
1754736788414,0.83053213,1.06543,0.51294047
1754736788580,-0.28110522,-1.9899746,-0.38110998
1754736788583,-0.28110522,-1.9899746,-0.38110998
1754736788721,-0.5721976,1.3602511,1.6417557
1754736788723,-0.5721976,1.3602511,1.6417557
1754736788888,1.7228515,-0.5670043,-1.6208493
1754736788893,1.7228515,-0.5670043,-1.6208493
1754736789056,-1.2210966,-1.1475911,-0.38044417
1754736789059,-1.2210966,-1.1475911,-0.38044417
1754736789214,0.14408141,1.3377466,1.025082
1754736789217,0.14408141,1.3377466,1.025082
1754736789366,0.69723684,0.33170682,-0.774604
1754736789370,0.69723684,0.33170682,-0.774604
1754736789532,-0.34369144,-0.8491748,-0.65795404
1754736789536,-0.34369144,-0.8491748,-0.65795404
1754736789681,-0.23995814,-0.30600655,-0.13316211
1754736789682,-0.23995814,-0.30600655,-0.13316211
1754736789846,-0.49190086,-0.25713605,0.28217053
1754736789850,-0.49190086,-0.25713605,0.28217053
1754736790014,-0.79244775,-0.1550007,0.42558613
1754736790017,-0.79244775,-0.1550007,0.42558613
1754736790172,-0.5057497,-0.22238074,0.9509107
1754736790175,-0.5057497,-0.22238074,0.9509107
1754736790337,-0.5845817,-0.057925522,1.6666571
1754736790340,-0.5845817,-0.057925522,1.6666571
1754736790494,0.22078279,0.533048,1.1791506
1754736790497,0.22078279,0.533048,1.1791506
1754736790647,0.5406382,-0.43930182,-0.63491696
1754736790650,0.5406382,-0.43930182,-0.63491696
1754736790807,-0.31586054,-1.1100394,0.40015215
1754736790811,-0.31586054,-1.1100394,0.40015215
1754736790964,0.51200837,0.59030765,1.8213915
1754736790965,0.51200837,0.59030765,1.8213915
1754736791133,0.8675512,0.8302658,0.059257142
1754736791136,0.8675512,0.8302658,0.059257142
1754736791297,-0.52918625,-1.0667617,-0.4178627
1754736791300,-0.52918625,-1.0667617,-0.4178627
1754736791457,0.61707324,0.916688,1.684634
1754736791460,0.61707324,0.916688,1.684634
1754736791614,1.2842155,-0.17950253,-1.1916678
1754736791617,1.2842155,-0.17950253,-1.1916678
1754736791770,-0.17271127,-1.1254863,0.16418889
1754736791773,-0.17271127,-1.1254863,0.16418889
1754736791934,-0.3040091,0.2576687,0.5500927
1754736791937,-0.3040091,0.2576687,0.5500927
1754736792096,0.44063345,0.13369477,0.11158986
1754736792099,0.44063345,0.13369477,0.11158986
1754736792253,0.7258667,0.014647833,0.5029533
1754736792256,0.7258667,0.014647833,0.5029533
1754736792414,0.5876444,-0.5037523,-1.1684976
1754736792418,0.5876444,-0.5037523,-1.1684976
1754736792576,-0.47192654,-1.2601131,-0.87820417
1754736792579,-0.47192654,-1.2601131,-0.87820417
1754736792739,-0.6032244,-0.24794786,0.8003043
1754736792742,-0.6032244,-0.24794786,0.8003043
1754736792899,0.066847384,1.302725,0.73212534
1754736792904,0.066847384,1.302725,0.73212534
1754736793055,0.297351,0.35700762,-0.93706185
1754736793059,0.297351,0.35700762,-0.93706185
1754736793219,-0.1258382,-1.2579825,-0.3230513
1754736793222,-0.1258382,-1.2579825,-0.3230513
1754736793368,-0.4679317,-0.37098965,0.41173726
1754736793370,-0.4679317,-0.37098965,0.41173726
1754736793526,-0.11465258,0.3912303,0.8872592
1754736793527,-0.11465258,0.3912303,0.8872592
1754736793688,0.47072807,1.1091073,0.4759214
1754736793690,0.47072807,1.1091073,0.4759214
1754736793853,0.503486,0.12370761,-1.2206972
1754736793856,0.503486,0.12370761,-1.2206972
1754736794012,-0.15127216,-1.0126979,-0.50135535
1754736794015,-0.15127216,-1.0126979,-0.50135535
1754736794178,-0.6716697,-0.15473437,0.7325248
1754736794182,-0.6716697,-0.15473437,0.7325248
1754736794339,0.5644742,1.0445236,0.87314403
1754736794342,0.5644742,1.0445236,0.87314403
1754736794496,0.74464256,0.23676224,-0.526523
1754736794499,0.74464256,0.23676224,-0.526523
1754736794658,-0.19454986,-0.8636895,-1.0763494
1754736794661,-0.19454986,-0.8636895,-1.0763494
1754736794816,-0.3001474,-0.52891994,-0.18602748
1754736794821,-0.3001474,-0.52891994,-0.18602748
1754736794980,-0.28177103,-0.073904976,0.37272078
1754736794983,-0.28177103,-0.073904976,0.37272078
1754736795137,0.08069624,0.25780186,0.9258762
1754736795140,0.08069624,0.25780186,0.9258762
1754736795300,0.57952154,0.7775336,0.7346554
1754736795303,0.57952154,0.7775336,0.7346554
1754736795459,0.43970132,0.06964379,-0.73558754
1754736795462,0.43970132,0.06964379,-0.73558754
1754736795619,-0.35793978,-0.72706515,-0.9771436
1754736795622,-0.35793978,-0.72706515,-0.9771436
1754736795773,-0.36353257,-0.6253293,-0.38550434
1754736795776,-0.36353257,-0.6253293,-0.38550434
1754736795939,-0.24515146,-0.0604556,0.25820133
1754736795942,-0.24515146,-0.0604556,0.25820133
1754736796099,0.11638369,0.056194413,0.4720597
1754736796102,0.11638369,0.056194413,0.4720597
1754736796259,0.10959242,0.27005276,0.5042849
1754736796262,0.10959242,0.27005276,0.5042849
1754736796423,0.25220904,0.6074856,0.5976316
1754736796426,0.25220904,0.6074856,0.5976316
1754736796582,0.46100724,0.4046797,0.35074902
1754736796585,0.46100724,0.4046797,0.35074902
1754736796739,0.41986015,0.1494079,0.005326485
1754736796742,0.41986015,0.1494079,0.005326485
1754736796905,0.057925522,0.018642696,-0.43677175
1754736796908,0.057925522,0.018642696,-0.43677175
1754736797062,-0.12290864,0.021172777,-0.52425927
1754736797065,-0.12290864,0.021172777,-0.52425927
1754736797225,-0.03768488,-0.037418555,-0.42065912
1754736797228,-0.03768488,-0.037418555,-0.42065912
1754736797382,-0.073106006,-0.263661,-0.2428877
1754736797385,-0.073106006,-0.263661,-0.2428877
1754736797540,-0.20813239,-0.32544822,-0.19348456
1754736797543,-0.20813239,-0.32544822,-0.19348456
1754736797700,-0.103999615,-0.30387595,-0.21532315
1754736797703,-0.103999615,-0.30387595,-0.21532315
1754736797860,-0.12930042,-0.27897462,-0.16365623
1754736797863,-0.12930042,-0.27897462,-0.16365623
1754736798027,-0.34116134,0.23423216,0.10812764
1754736798031,-0.34116134,0.23423216,0.10812764
1754736798186,-1.1298805,0.5671375,-0.65023065
1754736798190,-1.1298805,0.5671375,-0.65023065
1754736798340,-0.5054834,-0.019175345,-1.3228325
1754736798343,-0.5054834,-0.019175345,-1.3228325
1754736798519,-0.092814,-0.47778568,-0.8971132
1754736798526,-0.092814,-0.47778568,-0.8971132
1754736798669,-0.7101536,-0.27577874,-0.11824796
1754736798673,-0.7101536,-0.27577874,-0.11824796
1754736798822,-0.6552908,-0.119046934,0.23929232
1754736798825,-0.6552908,-0.119046934,0.23929232
1754736798985,-0.59456885,-0.042878203,0.4225234
1754736798987,-0.59456885,-0.042878203,0.4225234
1754736799146,0.18003519,-0.3483521,0.3729871
1754736799149,0.18003519,-0.3483521,0.3729871
1754736799305,-0.6177391,-0.26259568,-0.2551386
1754736799308,-0.6177391,-0.26259568,-0.2551386
1754736799463,-0.51693535,0.23716173,-0.6415751
1754736799466,-0.51693535,0.23716173,-0.6415751
1754736799622,0.002263756,0.0070575923,-0.51973176
1754736799625,0.002263756,0.0070575923,-0.51973176
1754736799789,-0.09907261,0.17217861,-0.62666094
1754736799793,-0.09907261,0.17217861,-0.62666094
1754736799945,-0.059257142,0.066581056,-0.6507633
1754736799948,-0.059257142,0.066581056,-0.6507633
1754736800104,-0.08402529,-0.060855087,-0.53717595
1754736800107,-0.08402529,-0.060855087,-0.53717595
1754736800266,0.13129784,-0.05353117,-0.5986969
1754736800270,0.13129784,-0.05353117,-0.5986969
1754736800427,0.087088026,-0.22717457,-0.39695626
1754736800430,0.087088026,-0.22717457,-0.39695626
1754736800586,0.1631236,-0.3582061,-0.34369144
1754736800589,0.1631236,-0.3582061,-0.34369144
1754736800747,0.048870496,-0.53344744,-0.3916298
1754736800750,0.048870496,-0.53344744,-0.3916298
1754736800902,0.30906928,-0.74783844,-0.5096114
1754736800905,0.30906928,-0.74783844,-0.5096114
1754736801064,0.5957673,-0.48204687,-0.51933223
1754736801067,0.5957673,-0.48204687,-0.51933223
1754736801225,0.117182665,0.297351,-0.26299518
1754736801227,0.117182665,0.297351,-0.26299518
1754736801386,-0.32105386,0.625063,-0.79271406
1754736801389,-0.32105386,0.625063,-0.79271406
1754736801549,-0.26805535,0.7730061,-1.4248346
1754736801553,-0.26805535,0.7730061,-1.4248346
1754736801705,0.027830882,0.5438341,-0.96222943
1754736801708,0.027830882,0.5438341,-0.96222943
1754736801864,0.20680077,0.12490606,-0.20240642
1754736801867,0.20680077,0.12490606,-0.20240642
1754736802031,0.20373803,0.2285062,-0.13862176
1754736802034,0.20373803,0.2285062,-0.13862176
1754736802189,0.28177103,0.045807768,-0.21012983
1754736802193,0.28177103,0.045807768,-0.21012983
1754736802344,0.090816565,0.08375897,-0.14527987
1754736802346,0.090816565,0.08375897,-0.14527987
1754736802508,0.15140532,0.046207253,-0.029828314
1754736802511,0.15140532,0.046207253,-0.029828314
1754736802669,0.015579968,0.69830215,0.28563273
1754736802672,0.015579968,0.69830215,0.28563273
1754736802830,-0.07230703,1.5562657,0.7021638
1754736802834,-0.07230703,1.5562657,0.7021638
1754736802994,0.09973843,1.5260378,0.5644742
1754736802997,0.09973843,1.5260378,0.5644742
1754736803146,0.2203833,1.5490749,0.85543346
1754736803149,0.2203833,1.5490749,0.85543346
1754736803311,0.25833452,1.351196,1.0379987
1754736803314,0.25833452,1.351196,1.0379987
1754736803467,0.23183525,0.9051029,1.0771483
1754736803471,0.23183525,0.9051029,1.0771483
1754736803621,1.0282779,0.6482332,1.4228373
1754736803623,1.0282779,0.6482332,1.4228373
1754736803791,1.1871402,0.6658106,1.3105816
1754736803794,1.1871402,0.6658106,1.3105816
1754736803950,1.2653065,0.65569025,1.0447899
1754736803953,1.2653065,0.65569025,1.0447899
1754736804109,-0.13582537,2.062548,0.96888757
1754736804113,-0.13582537,2.062548,0.96888757
1754736804272,-4.750958,-3.5289292,-8.691092
1754736804275,-4.750958,-3.5289292,-8.691092
1754736804435,-2.7753649,-3.8716886,-7.639111
1754736804438,-2.7753649,-3.8716886,-7.639111
1754736804593,-1.2013886,-0.92228085,-0.70229703
1754736804596,-1.2013886,-0.92228085,-0.70229703
1754736804753,0.20786606,0.14061919,0.49030292
1754736804756,0.20786606,0.14061919,0.49030292
1754736804913,0.13342844,0.30028057,0.3353022
1754736804917,0.13342844,0.30028057,0.3353022
1754736805074,-0.052599035,0.21665476,0.23702857
1754736805078,-0.052599035,0.21665476,0.23702857
1754736805230,-0.09374613,0.07750035,0.24555095
1754736805234,-0.09374613,0.07750035,0.24555095
1754736805394,0.025433965,0.118780605,0.17564084
1754736805397,0.025433965,0.118780605,0.17564084
1754736805552,0.0021305939,0.09627621,0.17524135
1754736805555,0.0021305939,0.09627621,0.17524135
1754736805710,0.12490606,0.015313643,0.048870496
1754736805713,0.12490606,0.015313643,0.048870496
1754736805876,-0.06418414,0.0038617013,0.13928758
1754736805879,-0.06418414,0.0038617013,0.13928758
1754736806035,-0.07177438,0.009987159,0.059523467
1754736806038,-0.07177438,0.009987159,0.059523467
1754736806191,-0.020506967,-0.035021637,0.007856565
1754736806194,-0.020506967,-0.035021637,0.007856565
1754736806348,0.024368668,-0.027165072,0.017444238
1754736806350,0.024368668,-0.027165072,0.017444238
1754736806511,0.008256052,-0.059922952,0.06884482
1754736806514,0.008256052,-0.059922952,0.06884482
1754736806671,-0.008389213,0.01318305,0.010386645
1754736806674,-0.008389213,0.01318305,0.010386645
1754736806835,-0.025300803,0.031159936,-1.3316212E-4
1754736806838,-0.025300803,0.031159936,-1.3316212E-4
1754736806996,0.041679744,-0.003595377,-0.016378941
1754736806999,0.041679744,-0.003595377,-0.016378941
1754736807154,0.03768488,-3.9948634E-4,-0.02583345
1754736807157,0.03768488,-3.9948634E-4,-0.02583345
1754736807316,-0.09334664,0.021439102,-0.008788699
1754736807319,-0.09334664,0.021439102,-0.008788699
1754736807474,-0.017311076,0.013982022,-0.06777952
1754736807477,-0.017311076,0.013982022,-0.06777952
1754736807638,-0.1170495,0.048071526,-0.03888334
1754736807642,-0.1170495,0.048071526,-0.03888334
1754736807798,-0.013449374,0.021838587,-0.051267415
1754736807801,-0.013449374,0.021838587,-0.051267415
1754736807959,0.06418414,0.003595377,-0.05339801
1754736807962,0.06418414,0.003595377,-0.05339801
1754736808118,0.16338992,-0.017710561,-0.010786131
1754736808125,0.16338992,-0.017710561,-0.010786131
1754736808280,0.10573072,-0.0130498875,0.09907261
1754736808283,0.10573072,-0.0130498875,0.09907261
1754736808440,0.22730774,-0.0054596467,-0.009055024
1754736808443,0.22730774,-0.0054596467,-0.009055024
1754736808601,0.28936127,-0.024235506,-0.033024207
1754736808604,0.28936127,-0.024235506,-0.033024207
1754736808757,0.13968706,-0.058191843,0.09374613
1754736808759,0.13968706,-0.058191843,0.09374613
1754736808919,0.092947155,-0.041679744,0.043544013
1754736808922,0.092947155,-0.041679744,0.043544013
1754736809076,-0.018642696,0.056993388,0.03954915
1754736809079,-0.018642696,0.056993388,0.03954915
1754736809238,-0.081628375,0.12796879,-0.043677174
1754736809241,-0.081628375,0.12796879,-0.043677174
1754736809400,-0.02583345,0.050734766,0.016645264
1754736809403,-0.02583345,0.050734766,0.016645264
1754736809560,0.41147095,0.0033290528,0.1862938
1754736809563,0.41147095,0.0033290528,0.1862938
1754736809724,0.47392398,-0.042345554,0.79324675
1754736809728,0.47392398,-0.042345554,0.79324675
1754736809877,0.74211246,-0.057392873,1.1364055
1754736809880,0.74211246,-0.057392873,1.1364055
1754736810036,0.4538165,0.20759974,0.60681975
1754736810039,0.4538165,0.20759974,0.60681975
1754736810199,-0.239026,0.2147905,0.076834545
1754736810202,-0.239026,0.2147905,0.076834545
1754736810353,0.32464924,-0.42132494,0.35021636
1754736810354,0.32464924,-0.42132494,0.35021636
1754736810512,0.30147904,0.42678457,1.0997859
1754736810513,0.30147904,0.42678457,1.0997859
1754736810674,2.0002282,0.6098825,2.228335
1754736810675,2.0002282,0.6098825,2.228335
1754736810835,2.1689446,0.58777755,1.9074142
1754736810837,2.1689446,0.58777755,1.9074142
1754736810996,1.5858277,0.1494079,1.7573404
1754736810999,1.5858277,0.1494079,1.7573404
1754736811158,0.7772673,-0.012384077,0.80296755
1754736811161,0.7772673,-0.012384077,0.80296755
1754736811325,0.5599467,-0.09987159,0.40960667
1754736811328,0.5599467,-0.09987159,0.40960667
1754736811484,-0.0062586195,-0.036885906,0.380311
1754736811487,-0.0062586195,-0.036885906,0.380311
1754736811640,0.11158986,-0.18163313,0.3837732
1754736811643,0.11158986,-0.18163313,0.3837732
1754736811805,-0.040614445,-0.12104437,0.16858324
1754736811809,-0.040614445,-0.12104437,0.16858324
